Unnamed: 0,trans_date_trans_time,cc_num,merchant,category,amt,first,last,gender,street,city,state,zip,lat,long,city_pop,job,dob,trans_num,unix_time,merch_lat,merch_long,is_fraud,merch_zipcode,Merchant_Category,Transaction_Type,Customer_Satisfaction_Score,Transaction_Time,Customer_Age,Payment_Method,Loyalty_Points_Earned
1045211,2020-03-09 15:09:26,577588686219,fraud_Towne LLC,misc_pos,194.51,James,Strickland,M,25454 Leonard Lake,Spring Church,PA,15686,40.6153,-79.4545,972,Public relations account executive,1997-10-23,fff87d4340ef756a592eac652493cf6b,1362841766,40.420453,-78.865012,0,15909.0,Electronics,In-store,6,11:10,69,Debit Card,332
547406,2019-08-22 15:49:01,30376238035123,fraud_Friesen Ltd,health_fitness,52.32,Cynthia,Davis,F,7177 Steven Forges,Sixes,OR,97476,42.825,-124.4409,217,Retail merchandiser,1928-10-01,d0ad335af432f35578eea01d639b3621,1345650541,42.75886,-123.636337,0,,Entertainment,Online,8,20:42,47,Mobile Payment,476
110142,2019-03-04 01:34:16,4658490815480264,fraud_Mohr Inc,shopping_pos,6.53,Tara,Richards,F,4879 Cristina Station,Keisterville,PA,15449,39.9636,-79.7853,184,Systems developer,1945-11-04,87f26e3ea33f4ff4c7a8bad2c7f48686,1330824856,40.475159000000005,-78.89819,0,15961.0,Restaurants,Online,3,05:19,69,Debit Card,100
1285953,2020-06-16 20:04:38,3514897282719543,fraud_Gaylord-Powlowski,home,7.33,Steven,Faulkner,M,841 Cheryl Centers Suite 115,Farmington,NY,14425,42.958,-77.3083,10717,Cytogeneticist,1952-10-13,9c34015321c0fa2ae6fd20f9359d1d3e,1371413078,43.767506,-76.542384,0,,Restaurants,Online,4,06:12,31,Mobile Payment,460
271705,2019-05-14 05:54:48,6011381817520024,"fraud_Christiansen, Goyette and Schamberger",gas_transport,64.29,Kristen,Allen,F,8619 Lisa Manors Apt. 871,Lagrange,WY,82221,41.6423,-104.1974,635,Product/process development scientist,1973-07-13,198437c05676f485e9be04449c664475,1336974888,41.040392,-104.092324,0,82082.0,Clothing,In-store,5,01:01,44,Mobile Payment,372
391181,2019-06-28 10:46:05,4855488158131690372,"fraud_Schuppe, Nolan and Hoeger",shopping_pos,129.8,Jeremy,Roberson,M,25887 Martin Inlet,Graniteville,VT,5654,44.1554,-72.4847,970,Agricultural consultant,1993-09-29,2203dd06764180b6314dca2b21df2494,1340880365,44.272392,-72.743707,0,5660.0,Entertainment,Online,3,19:05,47,Credit Card,201
962652,2020-01-23 09:09:59,30427035050508,fraud_Kuhic Inc,grocery_pos,111.1,John,Chandler,M,88325 Brandon Greens Apt. 477,Detroit,MI,48202,42.377,-83.0796,673342,Broadcast presenter,1969-11-20,7b44d808a40f8ac414736be6a038e83c,1358932199,42.170491,-83.291412,0,48180.0,Electronics,Online,6,15:29,48,Credit Card,14
974821,2020-01-30 11:23:44,213120463918358,"fraud_Douglas, Schneider and Turner",shopping_pos,8.43,Willie,Jordan,M,529 West Key,Spearsville,LA,71277,32.955,-92.587,1758,"Psychologist, forensic",1957-08-08,c5b880abe58cd5eedbda555cdb302d86,1359545024,32.019064,-91.779016,0,71243.0,Restaurants,In-store,10,23:58,30,Mobile Payment,98
127056,2019-03-11 10:35:53,6597888193422452,fraud_Hickle Group,shopping_pos,2.36,Bill,Lane,M,4725 Hurst Curve Apt. 634,Holliday,TX,76366,33.6751,-98.6576,2317,Chief Technology Officer,1964-08-23,91376d8059070c4c481a6b47e763b195,1331462153,32.913817,-99.093146,0,76491.0,Groceries,In-store,2,12:21,40,Credit Card,69
1122630,2020-04-12 18:50:07,4809701904914,fraud_Bahringer-Streich,food_dining,88.0,Sabrina,Nolan,F,312 Eric Expressway Apt. 014,Phenix City,AL,36869,32.4204,-85.0796,59744,Chemical engineer,1984-02-07,f8a5ece3bf61877d1cab6dde1ec687ce,1365792607,32.167677000000005,-85.957662,0,36029.0,Electronics,Online,9,12:47,26,Debit Card,36
860974,2019-12-17 14:46:27,3589255887819806,fraud_Pollich LLC,home,124.45,David,Miller,M,622 Bradley Knoll Apt. 758,Hancock,MD,21750,39.6991,-78.1762,3766,Press photographer,1984-02-14,76757c92e09b6db6f48d18c8937c796e,1355755587,39.242303,-77.234023,0,20871.0,Entertainment,Online,6,01:02,38,Credit Card,334
705081,2019-10-27 23:24:54,30518206766474,fraud_Weber and Sons,food_dining,88.58,Tamara,Martinez,F,471 Marquez Prairie Suite 680,Matthews,MO,63867,36.7154,-89.6287,1019,Aeronautical engineer,1979-01-26,c293e3d5ebc1bd50000b027b5dd92a09,1351380294,36.280406,-89.622451,0,63851.0,Clothing,In-store,10,12:30,65,Debit Card,322
325726,2019-06-04 11:26:15,376445266762684,fraud_Berge LLC,gas_transport,56.75,Rachel,Lowe,F,372 Jeffrey Course,Sutherland,NE,69165,41.1558,-101.136,1789,Insurance broker,1982-02-11,9e40574a956e4751fa5efe8191e5b32c,1338809175,41.194719,-101.076517,0,69165.0,Restaurants,In-store,8,06:12,68,Debit Card,118
485397,2019-07-31 12:34:22,30044330818990,fraud_Schmidt and Sons,shopping_net,2.02,Allison,Ayala,F,87665 Karen Mill Apt. 586,Fort Myers,FL,33967,26.4722,-81.8122,224256,Paramedic,1985-08-29,5685fd238c51ead57236b4440951ece0,1343738062,26.115136,-81.756214,0,34112.0,Electronics,In-store,4,03:22,48,Credit Card,490
566999,2019-08-29 14:28:55,180036456789979,fraud_Kozey-Boehm,shopping_net,7.36,Mackenzie,Salazar,F,982 Melissa Lock,Bagley,WI,53801,42.9207,-91.0685,878,Risk analyst,1974-11-20,b8d56cc4e26c7059a49ca19916f7e701,1346250535,43.878878,-90.871225,0,54653.0,Groceries,Online,6,07:42,63,Debit Card,457
579758,2019-09-02 14:37:08,3583635130604947,fraud_Gibson-Deckow,entertainment,62.97,Crystal,Gamble,F,899 Michele View Suite 960,Philadelphia,PA,19149,40.0369,-75.0664,1526206,Structural engineer,1985-01-01,ca1abe66060045960598f93bdbb94d35,1346596628,39.353332,-74.37355500000001,0,8401.0,Groceries,In-store,1,23:04,57,Mobile Payment,276
12322,2019-01-08 02:55:42,6538441737335434,fraud_Trantow PLC,grocery_net,35.81,Gina,Grimes,F,444 Robert Mews,Clarks Mills,PA,16114,41.3851,-80.1752,606,Energy manager,1997-09-22,bcf7fc481328497bb47e0ef1c8a3fb43,1325991342,42.137081,-79.226344,0,14733.0,Clothing,In-store,3,18:18,29,Mobile Payment,15
401338,2019-07-01 10:44:42,30118423745458,fraud_Cole PLC,grocery_pos,49.03,Jared,Velazquez,M,01479 Murray Circle,Matawan,NJ,7747,40.4109,-74.238,30770,Drilling engineer,1993-04-29,969d67625fa80ac936c3e61f3cf2666d,1341139482,40.902721,-74.66294,0,7850.0,Groceries,Online,8,09:24,39,Credit Card,157
688636,2019-10-20 20:16:32,38797410705641,"fraud_Kling, Howe and Schneider",home,65.28,Andrew,Tucker,M,583 Gray Creek,Oak Hill,NY,12460,42.4069,-74.1528,277,Glass blower/designer,1971-12-12,936a08b99425359a311c031a5105fd1c,1350764192,42.217851,-75.027751,0,13782.0,Restaurants,In-store,9,05:43,41,Credit Card,87
1277678,2020-06-14 17:58:56,213180742685905,fraud_Harris Group,food_dining,28.87,Kayla,Sutton,F,010 Weaver Land,Carlotta,CA,95528,40.507,-123.9743,1139,"Therapist, occupational",1951-01-15,4aef84843de342a412bbfedf90a4e419,1371232736,40.620905,-124.282498,0,95551.0,Entertainment,In-store,7,05:25,69,Credit Card,28
813418,2019-12-07 17:21:35,4908846471916297,fraud_Pacocha-Weissnat,kids_pets,37.44,Lauren,Torres,F,03030 White Lakes,Grandview,TX,76050,32.2779,-97.2351,5875,"Radiographer, therapeutic",1992-07-24,bd5c94e257dc949fb03429367956d026,1354900895,33.189815,-96.527279,0,75407.0,Restaurants,In-store,9,09:30,32,Mobile Payment,89
1244120,2020-06-02 09:05:04,30230540139182,fraud_Schumm PLC,shopping_net,77.29,Hayden,Sanders,M,8465 Reed Green Suite 559,Montandon,PA,17850,40.9661,-76.8575,645,Orthoptist,1974-05-18,d0724d54a39782d381735db9bc88f677,1370163904,41.55806,-77.227642,0,16930.0,Restaurants,In-store,1,20:27,44,Mobile Payment,15
780221,2019-11-30 10:21:10,6011542681743618,"fraud_Schaefer, McGlynn and Bosco",gas_transport,42.05,Emily,Hall,F,8851 Reese Neck,Basye,VA,22810,38.8089,-78.7776,863,"Engineer, mining",1972-08-09,13d6bb499df223e1e24352cf0211b93f,1354270870,38.786836,-79.210021,0,26866.0,Clothing,Online,3,06:59,35,Mobile Payment,232
61860,2019-02-05 20:39:24,5559857416065248,fraud_Emmerich-Rau,personal_care,58.1,Jack,Hill,M,5916 Susan Bridge Apt. 939,Grenada,CA,96038,41.6125,-122.5258,589,Systems analyst,1945-12-21,a2a5949ef1000a80a83d0ee4e417d9a2,1328474364,40.9148,-121.567945,0,96016.0,Groceries,Online,7,01:43,51,Mobile Payment,323
445199,2019-07-17 02:22:55,4797297220948468262,"fraud_Connelly, Reichert and Fritsch",gas_transport,57.23,Erica,Briggs,F,3310 Davidson Spurs Apt. 107,Oolitic,IN,47451,38.8938,-86.5246,1228,Counsellor,1991-03-13,9d8c32a37e91b982fb326525a28c0659,1342491775,38.986965000000005,-86.506261,0,47451.0,Electronics,Online,7,22:50,60,Debit Card,141
718123,2019-11-03 01:50:20,3560797065840735,"fraud_Johnson, Runolfsdottir and Mayer",misc_net,53.98,Janet,Turner,F,0925 Lang Extensions,Shields,ND,58569,46.1838,-101.2589,77,Film/video editor,1989-12-17,d99292d09e1e23b3de8821c962370310,1351907420,46.494343,-101.26117,0,58535.0,Restaurants,Online,7,10:14,28,Debit Card,68
936183,2020-01-07 11:10:22,3517814635263522,fraud_Boyer PLC,shopping_net,1.89,William,Cannon,M,43809 Kenneth Circles Suite 152,Union,WV,24983,37.5802,-80.5248,2443,Chartered public finance accountant,1941-10-16,a9e3d0b484b89beec8b0aa389da36d13,1357557022,37.659206,-80.76094,0,24981.0,Clothing,In-store,7,15:41,55,Debit Card,111
492954,2019-08-03 13:41:56,3590736522064285,fraud_Tromp Group,travel,5.61,Kimberly,Gonzalez,F,72966 Shannon Pass Apt. 391,Bauxite,AR,72011,34.5091,-92.4828,4074,"Scientist, audiological",1975-12-20,130b8f03753e3d436113e9092e2aae48,1344001316,34.416585,-92.844652,0,72104.0,Groceries,Online,4,00:26,34,Mobile Payment,62
918738,2019-12-30 13:15:12,342319985983023,fraud_Ernser-Feest,home,69.63,Bryan,Pugh,M,6366 French Field,Margaretville,NY,12455,42.1852,-74.6178,1988,Environmental health practitioner,1978-05-23,31a6a69b008b800269c8d6af5cf99e24,1356873312,42.145565000000005,-75.11380799999999,0,13856.0,Electronics,In-store,7,15:59,66,Mobile Payment,170
291435,2019-05-23 16:23:53,4209696857872688515,fraud_Hoppe-Parisian,kids_pets,36.15,Sarah,Bell,F,6963 Russell Causeway Suite 231,Galatia,IL,62935,37.8274,-88.6235,1943,"Restaurant manager, fast food",1971-10-19,5c6af6f8b3f58778affe58ea2269caba,1337790233,37.124568,-89.54678299999999,0,63736.0,Restaurants,Online,9,11:57,44,Credit Card,306
370568,2019-06-20 21:48:52,3506040590383211,"fraud_Runolfsdottir, Mueller and Hand",entertainment,75.75,Michael,Orozco,M,13956 Hughes Causeway Suite 124,Alder,MT,59710,45.1939,-112.0568,286,Chief of Staff,1989-03-09,d075eea362d45196029e53d7306cd252,1340228932,44.557567,-112.086321,0,,Clothing,In-store,10,13:14,64,Debit Card,42
176342,2019-04-01 23:25:29,4806443445305,"fraud_Kling, Howe and Schneider",home,13.35,Eric,Patel,M,69459 Rachel Prairie Apt. 850,Ironton,OH,45638,38.5294,-82.6654,21635,Geochemist,2001-07-10,0fede23f0e0dc45109c455eacbfa065f,1333322729,39.521744,-82.4759,0,43138.0,Groceries,Online,10,06:02,37,Credit Card,99
191492,2019-04-08 18:37:46,6011366578560244,"fraud_Hettinger, McCullough and Fay",home,40.84,Adam,Stark,M,0912 Mark Fields Apt. 080,Mc Veytown,PA,17051,40.5046,-77.7186,4653,Nutritional therapist,1997-07-01,a7749fcaef3b18a6f7ccc2b88d908fab,1333910266,40.570778,-77.357456,0,17059.0,Entertainment,In-store,7,18:44,22,Credit Card,284
978270,2020-02-01 15:34:44,3577794103155425,fraud_Labadie LLC,personal_care,16.02,Mary,Humphrey,F,9853 Flynn Hollow Apt. 602,Reynolds,ND,58275,47.7068,-97.2092,733,Visual merchandiser,1994-11-12,9138dd5bcfecf955777d307b93dbc851,1359732884,46.75915,-96.26618,0,56549.0,Electronics,Online,5,16:51,61,Debit Card,211
1168126,2020-05-02 23:31:10,180084576295055,fraud_Rippin-VonRueden,health_fitness,15.11,David,Kirby,M,133 Alyssa Plains,Lolita,TX,77971,28.7724,-96.4793,911,Archaeologist,1970-01-18,022fec61c801ac293329f7b85320d56b,1367537470,29.225715,-96.502615,0,77455.0,Groceries,In-store,8,04:49,67,Credit Card,384
460361,2019-07-22 10:42:46,3525590521269779,"fraud_Greenholt, Jacobi and Gleason",gas_transport,55.8,Scott,Fuller,M,861 Karen Common,Haw River,NC,27258,36.0424,-79.3242,6006,Paramedic,1984-07-20,94343d8f7a10bd8b3f4ccfc27360039d,1342953766,36.766497,-80.147448,0,24133.0,Electronics,Online,5,05:51,25,Mobile Payment,249
1116248,2020-04-09 15:08:41,342952484382519,fraud_Reilly LLC,home,32.98,Kayla,Jones,F,6033 Young Track Suite 804,East Canaan,CT,6024,42.0158,-73.2913,647,Comptroller,1987-09-26,d3deadcfab1114c54209b551a678db83,1365520121,42.568491,-73.13293900000001,0,1225.0,Clothing,Online,10,08:44,50,Credit Card,329
644970,2019-10-01 07:22:18,4512828414983801773,"fraud_Kerluke, Considine and Macejkovic",misc_net,2.97,Monica,Cohen,F,864 Reynolds Plains,Uledi,PA,15484,39.8936,-79.7856,328,Tree surgeon,1983-07-25,e13a01f2c90f98bcd598e30ca9cb5901,1349076138,40.272463,-80.608648,0,26070.0,Clothing,Online,8,03:57,41,Credit Card,110
323791,2019-06-03 17:08:57,4010002218955876,"fraud_Walter, Hettinger and Kessler",personal_care,20.16,Jennifer,Bishop,F,589 Matthew Brooks,Houston,TX,77026,29.7972,-95.3288,2906700,Animator,1983-08-24,bcf37707ad5a56f75dbfa447e6442514,1338743337,29.834081,-95.645734,0,77084.0,Electronics,In-store,10,03:16,66,Credit Card,23
1089823,2020-03-29 12:07:17,180014262259255,fraud_Hammes-Beatty,kids_pets,23.46,Brianna,Page,F,0043 Henry Plaza,Brantley,AL,36009,31.571,-86.2743,2566,Exercise physiologist,1958-06-26,4548b9afa3bc77cbde4dbf9a948b2dad,1364558837,32.356439,-86.29970300000001,0,36106.0,Restaurants,Online,9,02:20,27,Debit Card,202
170022,2019-03-30 23:06:37,3553629419254918,fraud_Abernathy and Sons,food_dining,3.43,Sharon,Johnson,F,7202 Jeffrey Mills,Conway,WA,98238,48.34,-122.3456,85,"Research officer, political party",1984-09-01,1891325cd6a2701cdc05d8f2fd93330d,1333148797,49.214328,-122.00985,0,,Groceries,Online,8,01:23,31,Credit Card,217
1131793,2020-04-16 09:37:03,4613314721966,"fraud_Lehner, Reichert and Mills",misc_pos,39.68,Jason,Murphy,M,542 Steve Curve Suite 011,Collettsville,NC,28611,35.9946,-81.7266,885,Soil scientist,1988-09-15,2ceb7b99f4ee62062ce38e86ef906496,1366105023,35.187926000000004,-81.89878,0,29323.0,Entertainment,Online,6,12:53,46,Credit Card,149
927995,2020-01-03 10:53:22,30560609640617,fraud_Corwin-Gorczany,misc_net,2.59,Michael,Olson,M,558 Michael Estates,Luray,MO,63453,40.4931,-91.8912,519,Town planner,1966-02-13,78f71debadbe7595de0b686da40e3cc7,1357210402,39.886072,-92.372998,0,63530.0,Entertainment,In-store,10,21:18,33,Credit Card,319
211627,2019-04-18 06:37:48,3567879740649740,"fraud_Swaniawski, Bahringer and Ledner",grocery_net,41.51,Tanya,Williams,F,566 Megan Well,Brownville,NY,13615,44.0577,-76.0196,1271,"Producer, radio",1958-08-14,284a9c7ea311ff2be9497e76e57fd42f,1334731068,43.642831,-77.002898,0,,Electronics,In-store,10,18:13,34,Mobile Payment,491
998151,2020-02-13 01:35:36,6011681934117244,fraud_Marks Inc,gas_transport,70.14,Kaitlyn,Newman,F,098 Stewart Hill,Slayden,TN,37165,36.2835,-87.4581,70,Prison officer,1956-06-22,ea23232820d1d1d0d9b9753e051afa72,1360719336,36.541091,-88.031979,0,42076.0,Entertainment,In-store,2,03:18,33,Credit Card,364
163184,2019-03-27 17:32:17,6011367958204270,fraud_Crona and Sons,kids_pets,4.93,Tammy,Ayers,F,1652 James Mews,Hinckley,OH,44233,41.2419,-81.7453,7646,Medical sales representative,1988-09-15,5fffe5622220856d970690b6f3bd32aa,1332869537,40.41624,-81.521978,0,43840.0,Restaurants,Online,8,00:05,55,Credit Card,6
88693,2019-02-22 02:27:01,4060579726528237,fraud_Rutherford-Mertz,grocery_pos,118.41,Steven,Sanders,M,25955 Amy Via,Ozawkie,KS,66070,39.2136,-95.4404,2661,Theatre director,1948-11-14,b24e1f09147621f08af4ffa9af8df9f0,1329877621,39.620265,-94.722754,0,64401.0,Groceries,In-store,1,05:04,41,Mobile Payment,167
419765,2019-07-08 00:08:17,3582754887089201,fraud_Kuhn LLC,misc_net,15.01,Terrance,Mckinney,M,42965 Christopher Fords Suite 659,Norman,AR,71960,34.4596,-93.6743,1383,Magazine features editor,1966-08-08,44f8ab45ff5bfe1572be6d81bac8b865,1341706097,33.607607,-93.741557,0,71838.0,Groceries,Online,3,12:28,48,Credit Card,19
712799,2019-10-31 17:51:34,583699482621,fraud_Deckow-Dare,food_dining,113.31,Jennifer,Jones,F,5572 Kelly Plains Apt. 952,Waupaca,WI,54981,44.3481,-89.1101,15426,"Engineer, civil (contracting)",1936-07-22,abb4b120072977b5d4481b4c0a897362,1351705894,44.83847,-89.833475,0,54448.0,Groceries,In-store,1,20:57,66,Mobile Payment,424
1205745,2020-05-18 23:48:32,4103158249977,fraud_Erdman-Ebert,personal_care,65.36,Christopher,Adkins,M,3512 Knight Center,Lorenzo,TX,79343,33.6666,-101.5277,1571,Petroleum engineer,1982-06-27,4dec42de02d312ce2533f17cc968d0bb,1368920912,33.300614,-102.496178,0,,Electronics,Online,9,10:20,26,Debit Card,38
451578,2019-07-19 23:23:56,4509922033272157,"fraud_Feil, Hilpert and Koss",food_dining,2.14,Monica,West,F,22084 Smith Roads Suite 776,Hurley,SD,57036,43.2893,-97.1904,811,Neurosurgeon,1972-03-28,1d933a7d91616517bfcd718e3680e8a8,1342740236,42.917190000000005,-97.541612,0,57067.0,Groceries,Online,8,21:13,63,Credit Card,241
421055,2019-07-08 10:10:10,639030014711,"fraud_Boehm, Block and Jakubowski",misc_pos,40.71,Stephen,Lopez,M,696 Matthew Ford Suite 157,Olmsted,IL,62970,37.1935,-89.0933,639,Mechanical engineer,1982-08-01,a771c3365d3754def6d7e345a0b80af0,1341742210,37.206312,-89.615062,0,63740.0,Restaurants,Online,10,22:01,36,Credit Card,460
338337,2019-06-09 10:28:04,3528231451607350,fraud_Morissette LLC,entertainment,176.39,Lauren,Moreno,F,83719 Wilson Shore,Heislerville,NJ,8324,39.224,-74.9942,526,Exercise physiologist,1940-09-06,d779b90110bcbf8bf77076138b3f5274,1339237684,39.0787,-74.659823,0,8202.0,Electronics,Online,2,12:49,52,Mobile Payment,472
677007,2019-10-15 10:52:58,377654590313960,"fraud_Goldner, Kovacek and Abbott",grocery_pos,102.87,Lawrence,Davis,M,7421 Serrano Lane Apt. 580,Powell,TN,37849,36.0435,-84.04,25459,"Teacher, special educational needs",1969-02-22,578c9add3c1ade1a441cf17e2962961f,1350298378,36.051971,-84.741545,0,37829.0,Entertainment,In-store,4,11:34,32,Mobile Payment,5
406410,2019-07-03 11:45:07,3586008444788268,fraud_Rau and Sons,grocery_pos,207.59,Crystal,Fuller,F,000 Jennifer Mills,Issaquah,WA,98027,47.4974,-122.0107,50489,Osteopath,1984-02-29,a1253eb7444c7a3c43fe429b44adacfd,1341315907,46.636056,-121.144851,0,,Electronics,In-store,6,19:19,52,Credit Card,445
643036,2019-09-30 13:49:00,4186530744674,fraud_Friesen Ltd,health_fitness,20.57,Casey,Howell,F,374 Christopher Ramp Suite 855,Blackville,SC,29817,33.3645,-81.2718,4913,Technical brewer,1966-11-10,0c60a68c6c1488c063b6758b625908ed,1349012940,33.929001,-82.22785999999999,0,29835.0,Electronics,In-store,3,05:13,28,Credit Card,182
1069559,2020-03-20 07:36:45,4173950183554608,fraud_Runolfsson and Sons,grocery_net,71.49,Stephen,Marshall,M,47144 Roberts Keys,Monmouth Beach,NJ,7750,40.333,-73.9809,3279,Health promotion specialist,1978-10-05,3d3a803ed6bd7862b0af64ae8e54bd84,1363765005,41.075781,-73.101265,0,6615.0,Clothing,Online,5,18:39,57,Mobile Payment,327
889323,2019-12-23 19:59:37,3518758680062249,"fraud_Dare, Fritsch and Zboncak",health_fitness,91.26,Antonio,Koch,M,8738 Richard Brooks,Moab,UT,84532,38.5677,-109.5271,9772,Location manager,1989-11-24,e9306ce419c6202b42d550470050ff03,1356292777,37.921578,-108.770648,0,,Electronics,Online,6,05:39,64,Credit Card,446
149845,2019-03-22 01:37:00,2286236465059468,fraud_Cummerata-Jones,gas_transport,55.28,Morgan,Murray,F,2788 Brittney Island,Blairstown,MO,64726,38.5319,-93.9221,467,Agricultural consultant,1950-05-27,32a93e8e9294d14d3ad6ce5d66b4fcf5,1332380220,37.733929,-94.503314,0,64771.0,Electronics,In-store,5,07:45,19,Mobile Payment,281
47985,2019-01-29 01:28:02,341542810616333,"fraud_Christiansen, Goyette and Schamberger",gas_transport,51.24,Billy,Mcdonald,M,304 Ryan Port Suite 335,Camden,MO,64017,39.2048,-94.0259,464,Colour technologist,1959-05-28,8c7eda57ee6e0f81e059aec8cf9eb016,1327800482,39.517482,-94.143501,0,64671.0,Clothing,Online,6,17:54,18,Debit Card,452
279165,2019-05-18 10:35:56,30238755902988,fraud_Strosin-Cruickshank,grocery_pos,98.04,Danielle,Yu,F,5395 Colon Burgs Suite 037,Thrall,TX,76578,30.592,-97.2893,1766,Press sub,1976-01-02,7be77d39fa01508d2f85564b2f2b55dc,1337337356,30.153846,-97.568416,0,78617.0,Entertainment,In-store,5,20:24,63,Mobile Payment,441
507848,2019-08-08 15:33:52,501899453424,fraud_Barton LLC,kids_pets,80.46,Jessica,Dominguez,F,06393 Nancy Parkways Suite 855,Gadsden,AL,35903,33.9845,-85.9077,67082,Ceramics designer,1970-01-08,128c83b2531cc554c540e5b61848c689,1344440032,33.404795,-86.20627900000001,0,35014.0,Electronics,In-store,8,10:24,50,Debit Card,357
307415,2019-05-29 03:20:26,213124978348176,fraud_Murray Ltd,grocery_net,15.95,Steven,Arnold,M,079 Chelsea Rest,Belfast,NY,14711,42.32,-78.0943,1766,Mechanical engineer,1962-06-04,2883e6322a7c90c1e8f1c0a90f100b57,1338261626,41.41192,-78.747801,1,15853.0,Groceries,In-store,2,14:09,46,Credit Card,435
1105263,2020-04-05 06:55:29,3583793405872580,fraud_DuBuque LLC,grocery_pos,80.82,Beth,Lambert,F,6447 Johnson Estates Apt. 986,Roosevelt,OK,73564,34.847,-98.9836,551,Amenity horticulturist,1970-09-27,e7b20e630eb765aea06a14f77012dfb9,1365144929,34.219536,-97.98481,0,73573.0,Electronics,In-store,9,05:27,20,Credit Card,174
392376,2019-06-28 21:55:29,4488941175228467,fraud_Fadel Inc,health_fitness,16.87,Jacqueline,Washington,F,138 Stephen Ridges Apt. 978,Umatilla,FL,32784,28.9254,-81.6801,11432,Private music teacher,1986-03-31,a0164abcec5df0fcbe6e2ed6cf1fb5a7,1340920529,29.788765,-81.279418,0,32080.0,Electronics,Online,6,18:56,56,Debit Card,159
8391,2019-01-06 10:55:37,6011693194885790,fraud_Sporer Inc,gas_transport,46.31,Victoria,Fleming,F,2807 Parker Station Suite 080,Stanchfield,MN,55080,45.6675,-93.2433,2607,"Lecturer, further education",1995-12-04,84810cc3e7351df80413b7e2f79531d7,1325847337,45.679384000000006,-93.363706,0,55017.0,Restaurants,Online,8,13:52,25,Mobile Payment,462
1295529,2020-06-21 02:15:08,2252055259910912,fraud_Gerlach Inc,shopping_net,94.37,Jason,Hernandez,M,220 Frank Gardens,Hewitt,WI,54441,44.6437,-90.1031,828,Arts development officer,1991-08-19,61e111e4c533d643c792165bea6b9d54,1371780908,45.262825,-90.801592,0,54433.0,Electronics,Online,7,21:18,53,Debit Card,49
1001374,2020-02-15 08:12:29,4836998673805450,fraud_Bruen-Yost,misc_pos,6.53,Susan,Hardy,F,516 Brown Parks,Manistique,MI,49854,46.0062,-86.2555,6469,Trade mark attorney,1979-04-12,083ef87a0c5acc2c0f858bb6cbeced84,1360915949,46.615242,-86.624832,0,,Clothing,Online,4,20:59,45,Debit Card,492
425904,2019-07-10 06:23:41,4390966588600992777,fraud_Brown PLC,misc_net,123.22,Kyle,Simmons,M,8149 Harris Divide,Oklahoma City,OK,73134,35.6174,-97.5583,640470,Advertising copywriter,1966-06-24,5c8193064999ecd76b18467bbbae896f,1341901421,36.609527,-97.868431,0,73766.0,Entertainment,Online,1,17:59,69,Mobile Payment,277
490291,2019-08-02 15:42:37,3596217206093829,fraud_Cormier LLC,shopping_net,6.8,Sara,Ramirez,F,23843 Scott Island,Birmingham,IA,52535,40.8626,-91.9534,888,Camera operator,1988-03-25,77b3417a1a8469459830c2dc4db16b03,1343922157,41.55353,-91.419437,0,52755.0,Groceries,Online,6,05:05,51,Credit Card,411
389249,2019-06-27 13:56:28,4555104582813474,"fraud_Hettinger, McCullough and Fay",home,73.25,Chris,Daniel,M,025 White Fork Apt. 633,Rock Glen,PA,18246,40.954,-76.1747,143,Health and safety adviser,1982-02-19,ede5a17897e0bdbd1cba3bb5dac58113,1340805388,41.459957,-77.03599200000001,0,17771.0,Entertainment,Online,1,00:31,56,Mobile Payment,3
1148733,2020-04-23 23:47:37,4585132874641,"fraud_Walter, Hettinger and Kessler",personal_care,17.18,Karen,Gordon,F,543 Ware Path Apt. 593,Utica,MO,64686,39.7417,-93.6289,271,Land/geomatics surveyor,1972-04-18,8ac5b1e54c991811ea5f3f7408334758,1366760857,40.503387,-93.838767,0,64426.0,Clothing,Online,5,18:17,57,Debit Card,484
814363,2019-12-07 20:59:50,3582754887089201,"fraud_Weber, Thiel and Hammes",kids_pets,91.14,Terrance,Mckinney,M,42965 Christopher Fords Suite 659,Norman,AR,71960,34.4596,-93.6743,1383,Magazine features editor,1966-08-08,14b2aa71fe5e0afb57c136000ffcd6af,1354913990,34.919059999999995,-94.65616,0,74940.0,Clothing,In-store,9,10:42,64,Debit Card,83
163122,2019-03-27 16:42:18,3506040590383211,"fraud_Bradtke, Torp and Bahringer",personal_care,65.12,Michael,Orozco,M,13956 Hughes Causeway Suite 124,Alder,MT,59710,45.1939,-112.0568,286,Chief of Staff,1989-03-09,0774858090e975b161a5c4cfeeb3a20f,1332866538,44.849621,-111.26608799999998,0,,Restaurants,Online,9,00:13,46,Mobile Payment,172
211474,2019-04-18 03:44:18,4425161475596168,fraud_Kunde-Sanford,misc_net,9.33,Brooke,Fisher,F,815 Heather Divide Apt. 965,San Angelo,TX,76905,31.4647,-100.39,103927,Drilling engineer,1962-06-27,080a9d61e51830fe72bf5afaf8daa245,1334720658,31.54931,-101.018887,0,,Groceries,Online,5,09:21,21,Mobile Payment,457
1142842,2020-04-21 02:50:43,30082025922891,fraud_Nienow PLC,entertainment,6.28,Kathleen,Thompson,F,199 Patterson Fords Apt. 132,Naples,FL,34112,26.1184,-81.7361,276002,"Pilot, airline",1934-06-23,a6c78aee8471672549d521f7f96c266a,1366512643,26.191055,-80.756197,0,,Entertainment,Online,7,22:20,68,Mobile Payment,39
176631,2019-04-02 04:33:17,3595192916105588,fraud_Prohaska-Murray,gas_transport,65.26,Dustin,Roberts,M,3283 James Station,Fayetteville,NC,28314,35.0583,-79.008,238602,"Scientist, research (maths)",1993-05-14,a0b0630c65367269f8531f4caea89da0,1333341197,34.490054,-78.059798,0,28435.0,Restaurants,In-store,4,09:54,23,Credit Card,458
802981,2019-12-05 03:26:35,4503101193493052864,fraud_Koelpin and Sons,misc_net,67.69,Katherine,Tucker,F,670 Le Meadows Suite 250,Lakeland,FL,33811,27.9865,-82.0139,237282,Clothing/textile technologist,1979-07-03,7fefad30e8705f1d4b76f27c1ad4c4e6,1354677995,28.016987,-81.438142,0,34759.0,Restaurants,In-store,1,16:09,59,Mobile Payment,329
911421,2019-12-29 09:07:26,30044330818990,fraud_Howe Ltd,misc_pos,9.37,Allison,Ayala,F,87665 Karen Mill Apt. 586,Fort Myers,FL,33967,26.4722,-81.8122,224256,Paramedic,1985-08-29,ceeb49cf8609f7e2a4c9a7eccac8e1f2,1356772046,27.442928,-81.588542,0,33872.0,Groceries,Online,1,12:17,41,Credit Card,200
111339,2019-03-04 13:01:35,4839615922685395,fraud_Hilpert-Conroy,kids_pets,9.79,Phillip,Robertson,M,85344 Smith Gateway Apt. 280,Harrodsburg,IN,47434,39.013000000000005,-86.5457,76,Social researcher,1955-05-06,5e5927b8222a8238a1321b5b83eed9e0,1330866095,38.777718,-87.293582,0,47512.0,Entertainment,In-store,10,06:27,59,Debit Card,92
968580,2020-01-26 15:52:53,4225990116481262579,fraud_Larkin Ltd,kids_pets,48.91,Brian,Simpson,M,2711 Duran Pines,Honokaa,HI,96727,20.0827,-155.488,4878,Physiotherapist,1966-12-03,16d1576a4348b320db400c90615f6049,1359215573,19.866678,-156.244673,0,,Groceries,In-store,5,19:56,33,Mobile Payment,32
1088132,2020-03-28 17:59:28,4424338559877976,fraud_Dickinson Ltd,personal_care,16.31,Denise,Barnett,F,23220 Eaton Harbors,Kirby,OH,43330,40.813,-83.4196,118,Private music teacher,1957-11-12,09d1f87e12c319c9c0f9becbb4ea72d7,1364493568,40.611352,-82.945838,0,43314.0,Electronics,In-store,7,04:46,31,Debit Card,301
1188054,2020-05-11 12:41:09,3517814635263522,"fraud_Bahringer, Bergnaum and Quitzon",home,27.78,William,Cannon,M,43809 Kenneth Circles Suite 152,Union,WV,24983,37.5802,-80.5248,2443,Chartered public finance accountant,1941-10-16,37052ac4202b2d43e839aad2a0709583,1368276069,37.616591,-81.406692,0,25870.0,Entertainment,In-store,4,11:28,52,Mobile Payment,320
1172699,2020-05-04 16:08:18,4992346398065154184,"fraud_Windler, Goodwin and Kovacek",home,87.55,Benjamin,Kim,M,920 Patrick Light,Mc Nabb,IL,61335,41.173,-89.2187,532,Audiological scientist,1956-01-09,05721c1a6567edbf34e6d78125c217f7,1367683698,41.401749,-88.589798,0,61360.0,Entertainment,In-store,8,14:30,50,Mobile Payment,241
1023597,2020-02-28 03:30:44,6538441737335434,fraud_Bernhard Inc,gas_transport,51.25,Gina,Grimes,F,444 Robert Mews,Clarks Mills,PA,16114,41.3851,-80.1752,606,Energy manager,1997-09-22,e7aca77b43fa68a111e20c07481f1709,1362022244,41.838693,-79.31124799999999,0,16371.0,Entertainment,In-store,7,16:18,67,Mobile Payment,271
1207336,2020-05-19 13:51:18,30131826429364,fraud_Pollich LLC,home,32.93,Brianna,Foley,F,57256 Raymond Ports,Knoxville,TN,37932,35.9335,-84.1481,391389,"Designer, industrial/product",1994-04-22,0379781b32c04569f29b3a5728561f7b,1368971478,35.130069,-84.55866400000001,0,37369.0,Restaurants,Online,7,08:10,69,Mobile Payment,458
846674,2019-12-14 23:25:08,180065479077096,fraud_Fahey Inc,kids_pets,77.16,Krystal,Gamble,F,47152 Clayton Burg,Manchester,MD,21102,39.6747,-76.8941,11751,Clinical research associate,1964-02-15,c9042851e29e5320913f1283eef93409,1355527508,40.298234,-76.336884,0,17042.0,Restaurants,In-store,10,17:00,23,Debit Card,88
1038025,2020-03-06 16:06:54,4476840372112,fraud_Cruickshank-Mills,entertainment,215.94,Steven,Walters,M,3206 Hall Divide Suite 282,Woodville,AL,35776,34.6689,-86.2296,3395,"Editor, commissioning",1979-01-21,cc92f0d520aa90ede977912b3dbe7166,1362586014,33.890703,-86.015828,0,35907.0,Entertainment,In-store,6,22:26,20,Debit Card,388
956100,2020-01-19 11:40:49,2248348993063230,fraud_Luettgen PLC,gas_transport,47.74,Jennifer,Scott,F,376 John Fork Suite 848,Randolph,OH,44265,41.0109,-81.2977,51,Mechanical engineer,1960-08-05,ffdb47fa8736d3519fc9ca274b2dc980,1358595649,41.582698,-81.129056,0,44024.0,Restaurants,Online,8,14:52,58,Credit Card,31
57393,2019-02-03 23:02:24,213178850083780,fraud_Kutch-Ferry,home,84.94,Shawn,King,M,31493 Garcia Summit,Athena,OR,97813,45.8289,-118.4971,1302,Dealer,1976-10-18,2688a159e538a3f46868b00bd55182ec,1328310144,45.54866,-118.37737,0,,Entertainment,Online,9,01:34,24,Debit Card,239
248141,2019-05-04 15:44:16,180067784565096,fraud_Donnelly LLC,entertainment,24.67,Mary,Juarez,F,35440 Ryan Islands,North Prairie,WI,53153,42.9385,-88.395,2328,Applications developer,1942-01-06,e4bf5b32f1a9eabed3c51d627f65bdc3,1336146256,42.113062,-87.76991,0,60022.0,Groceries,In-store,7,06:19,49,Debit Card,494
867082,2019-12-19 11:44:04,4904681492230012,fraud_Corwin-Collins,gas_transport,63.84,Lisa,Lowe,F,574 David Locks Suite 207,Cottekill,NY,12419,41.8467,-74.1038,722,Comptroller,1990-10-19,f96dea9e844f3cf4386058ec5f8f020d,1355917444,42.027715,-73.190283,0,6058.0,Restaurants,In-store,2,04:41,42,Credit Card,353
14360,2019-01-08 23:32:13,3576431665303017,fraud_Zulauf LLC,personal_care,44.38,Jessica,Ward,F,72269 Elizabeth Field Apt. 132,Phoenix,AZ,85020,33.5623,-112.0559,1312922,Contractor,1981-10-24,e58226a02febf6e890caa43768c2716e,1326065533,33.189314,-112.782775,0,85322.0,Groceries,Online,2,20:49,34,Mobile Payment,175
139113,2019-03-17 05:43:14,36192615525683,"fraud_Stokes, Christiansen and Sipes",grocery_net,66.32,Susan,Garcia,F,582 Rodriguez Wells,Albuquerque,NM,87109,35.1506,-106.569,641349,Civil Service administrator,1976-04-11,c798df2229b8ef462a11f9e49f73e1c1,1331962994,34.964247,-106.027486,0,87035.0,Electronics,Online,7,09:30,48,Debit Card,426
1001099,2020-02-15 04:21:32,3595192916105588,fraud_Ortiz Group,grocery_net,95.04,Dustin,Roberts,M,3283 James Station,Fayetteville,NC,28314,35.0583,-79.008,238602,"Scientist, research (maths)",1993-05-14,080a51c663e9d98af77703e845fb3e0a,1360902092,35.994098,-79.181722,0,27243.0,Electronics,Online,7,07:28,69,Debit Card,183
78981,2019-02-16 16:50:52,4342532437704183,fraud_Kirlin and Sons,personal_care,103.97,Kevin,Elliott,M,1852 Vincent Isle Suite 328,Newark Valley,NY,13811,42.2281,-76.1625,4354,Further education lecturer,1994-02-16,1a93bc8755e0807b927c61665a7f8eee,1329411052,41.371134000000005,-75.380748,0,18463.0,Entertainment,Online,9,04:42,30,Mobile Payment,189
220151,2019-04-21 19:23:31,30131826429364,fraud_Kihn-Schuster,food_dining,45.15,Brianna,Foley,F,57256 Raymond Ports,Knoxville,TN,37932,35.9335,-84.1481,391389,"Designer, industrial/product",1994-04-22,eadf77f76d58b03db367ba5e470bf9eb,1335036211,35.278712,-83.632846,0,28781.0,Restaurants,Online,5,12:50,37,Credit Card,15
579000,2019-09-02 08:44:52,4294040533480516,fraud_Friesen-D'Amore,gas_transport,56.15,Gail,Weaver,F,979 Stewart Lake,New Ellenton,SC,29809,33.413000000000004,-81.69,2206,Biomedical scientist,1986-12-31,4e2cacbc0cec8c60cf559bac9a8ae784,1346575492,34.178803,-82.513243,0,29628.0,Groceries,In-store,8,05:34,66,Debit Card,252
1085292,2020-03-27 03:39:24,4988304376504,"fraud_Goldner, Kovacek and Abbott",grocery_pos,125.25,William,Thompson,M,977 Rita Grove Apt. 000,Rock Tavern,NY,12575,41.4575,-74.1659,2258,Building surveyor,1937-03-17,2e8814f196377edc6efadc8733ea6648,1364355564,40.593648,-73.645107,0,11561.0,Groceries,In-store,7,13:47,39,Mobile Payment,8
727210,2019-11-06 21:38:54,3560797065840735,fraud_Bednar PLC,kids_pets,134.66,Janet,Turner,F,0925 Lang Extensions,Shields,ND,58569,46.1838,-101.2589,77,Film/video editor,1989-12-17,209d978b4482c4eb1bd241062d875011,1352237934,46.336849,-100.580442,0,58528.0,Clothing,Online,5,09:09,24,Mobile Payment,53
1213836,2020-05-23 00:06:38,6011552879910390,"fraud_Eichmann, Bogan and Rodriguez",gas_transport,74.04,Robert,Long,M,529 Joshua Knoll Apt. 511,Lonetree,WY,82936,41.0552,-110.1603,49,Research scientist (physical sciences),1981-07-05,8c875315c2121c86c6bdf88de9bc03e0,1369267598,42.02135,-109.499607,0,82932.0,Electronics,Online,2,10:10,44,Debit Card,294
432253,2019-07-13 00:07:59,30181367542315,fraud_Kilback LLC,grocery_pos,144.46,Danielle,Walker,F,9824 Mitchell Run,Powell Butte,OR,97753,44.2415,-121.0113,2016,Local government officer,1953-12-25,fea8462d6e888f543aeb0fb9ca2fd1ea,1342138079,43.803534,-121.39598,0,97707.0,Restaurants,Online,7,19:24,27,Debit Card,203
1015979,2020-02-23 13:08:35,3526826139003047,fraud_Crona and Sons,kids_pets,38.6,Nathan,Massey,M,5783 Evan Roads Apt. 465,Falmouth,MI,49632,44.2529,-85.01700000000001,1126,Furniture designer,1955-07-06,cf9e6fcd70e1b404508781da73a8765a,1361624915,43.322277,-84.813288,0,48889.0,Entertainment,Online,5,01:42,68,Debit Card,417
416474,2019-07-07 05:18:18,4191109180926792,"fraud_Turner, Ruecker and Parisian",misc_pos,26.39,Jennifer,Spencer,F,477 Wheeler Burg,Amanda,OH,43102,39.6251,-82.7552,4512,Farm manager,1992-10-03,951e48ec6ea9abc2ca29053f6d77bd20,1341638298,40.144113,-83.424196,0,43045.0,Clothing,In-store,2,07:53,59,Mobile Payment,65
1945,2019-01-01 20:04:43,3586008444788268,fraud_Streich Ltd,home,121.21,Crystal,Fuller,F,000 Jennifer Mills,Issaquah,WA,98027,47.4974,-122.0107,50489,Osteopath,1984-02-29,9969e4547a6a154ffcb339470f972ff6,1325448283,48.377519,-122.962536,0,98261.0,Entertainment,In-store,7,14:40,42,Credit Card,122
860058,2019-12-17 07:20:01,180067784565096,fraud_Bartoletti-Wunsch,gas_transport,76.83,Mary,Juarez,F,35440 Ryan Islands,North Prairie,WI,53153,42.9385,-88.395,2328,Applications developer,1942-01-06,cdd0f0cb1b2943cb8603229973c771ae,1355728801,43.591962,-87.701914,0,53070.0,Restaurants,Online,8,07:21,69,Mobile Payment,309
1039848,2020-03-07 15:14:40,2475085306462014,fraud_Leffler-Goldner,personal_care,75.58,John,Miller,M,153 Mccullough Springs Apt. 857,Lamberton,MN,56152,44.2378,-95.2739,1507,Land/geomatics surveyor,1993-10-12,4703c66d0349bcb50e9faf6f2be832fd,1362669280,44.606877,-95.843972,0,56239.0,Clothing,In-store,10,21:03,37,Mobile Payment,419
1264159,2020-06-09 10:03:19,343464013864032,fraud_Friesen Inc,shopping_pos,1.34,Jodi,Foster,F,551 Zachary Freeway,Bailey,NC,27807,35.8072,-78.0892,6629,Call centre manager,1962-08-13,5e11e2c04141d14c5e5bdbd4ddce0d55,1370772199,34.904621,-78.089285,0,28453.0,Restaurants,In-store,5,06:15,27,Credit Card,317
293640,2019-05-24 17:14:09,180048185037117,fraud_Upton PLC,entertainment,130.42,Mary,Wall,F,2481 Mills Lock,Plainfield,NJ,7060,40.6152,-74.415,71485,Leisure centre manager,1974-07-19,325249401ac3496acae2c6ad28fa76bd,1337879649,41.248225,-74.330013,0,10990.0,Restaurants,Online,8,03:18,29,Credit Card,426
496413,2019-08-04 12:35:49,4623560839669,fraud_Lynch-Wisozk,home,43.18,Vincent,Waller,M,9379 Vanessa Run Apt. 400,Lohrville,IA,51453,42.2619,-94.5566,695,Administrator,1954-07-15,cec55e4b1f08f9a117ad25019836141a,1344083749,42.88668,-93.9134,0,50577.0,Entertainment,Online,3,15:12,29,Debit Card,66
80762,2019-02-17 16:26:15,6011724471098086,fraud_Brown-Greenholt,entertainment,66.94,Ann,Lawson,F,144 Evans Islands Apt. 683,Burbank,WA,99323,46.1966,-118.9017,3684,Musician,1981-11-29,b4f3743f8c1329dc8d6de9a1d55d9f7f,1329495975,46.835468,-119.378769,0,,Clothing,Online,9,00:02,65,Credit Card,154
739022,2019-11-11 17:44:30,3589289942931264,fraud_Little Ltd,kids_pets,22.25,Paula,Estrada,F,350 Stacy Glens,Spencer,SD,57374,43.7557,-97.5936,343,"Development worker, international aid",1972-03-05,cdf31f0547b2d9d869a7de9b6fa5bacc,1352655870,42.906798,-96.782441,0,,Clothing,Online,2,12:24,56,Credit Card,421
1070434,2020-03-20 18:08:29,4302480582202074,fraud_Little Ltd,kids_pets,40.28,David,Rodriguez,M,821 Solis Points,Muskegon,MI,49440,43.2326,-86.2492,128715,Historic buildings inspector/conservation officer,1995-05-25,ee1aeb9e30971fa8a4f3940fc91e8988,1363802909,42.394741,-86.90643299999999,0,,Groceries,In-store,6,18:11,34,Mobile Payment,61
324598,2019-06-03 21:26:44,6011329966782895,fraud_Homenick LLC,personal_care,29.62,Lauren,Butler,F,030 Seth Divide Suite 355,Tulsa,OK,74131,36.0557,-96.0602,413574,"Teacher, special educational needs",1971-09-01,de78e900b53cf03e1046db4205b385cf,1338758804,36.983174,-96.997944,0,67005.0,Clothing,Online,4,07:50,68,Mobile Payment,57
1036320,2020-03-05 16:59:49,180048185037117,fraud_Rolfson-Kunde,personal_care,118.22,Mary,Wall,F,2481 Mills Lock,Plainfield,NJ,7060,40.6152,-74.415,71485,Leisure centre manager,1974-07-19,e7bdb15dbe4ae7d407f9f7e171b27ea9,1362502789,41.082665000000006,-74.16069399999999,0,7430.0,Clothing,In-store,8,23:32,30,Credit Card,407
429216,2019-07-11 18:22:01,60416207185,"fraud_Graham, Hegmann and Hammes",food_dining,30.73,Mary,Diaz,F,9886 Anita Drive,Fort Washakie,WY,82514,43.0048,-108.8964,1645,Information systems manager,1986-02-17,4781fcbde40492c3dd6b743b0cbb2d91,1342030921,42.464779,-109.03911,0,,Clothing,In-store,10,00:30,20,Mobile Payment,113
1112885,2020-04-07 18:04:43,584673555952,"fraud_Medhurst, Cartwright and Ebert",personal_care,49.46,Jessica,Jordan,F,071 Wise Trace,Coleharbor,ND,58531,47.5196,-101.2332,307,Make,1930-08-13,76a49b96b422101ebcedf32f3952ff35,1365357883,46.973651,-102.131667,0,58638.0,Entertainment,In-store,6,17:24,32,Debit Card,330
812808,2019-12-07 15:04:26,4809701904914,"fraud_Larkin, Stracke and Greenfelder",entertainment,27.24,Sabrina,Nolan,F,312 Eric Expressway Apt. 014,Phenix City,AL,36869,32.4204,-85.0796,59744,Chemical engineer,1984-02-07,5775e747faedeb059f9fe4e278509bcd,1354892666,31.551193,-85.375518,0,36317.0,Restaurants,Online,4,03:11,62,Credit Card,332
342895,2019-06-10 14:29:00,4266200684857219,fraud_Marvin-Lind,personal_care,13.02,Joshua,Bryant,M,5452 Patricia Inlet Apt. 280,Nelson,NE,68961,40.201,-98.0684,732,Television/film/video producer,1956-12-13,115d89543f6253a20a6a7f89ee184e1b,1339338540,40.010147,-97.4175,0,68375.0,Restaurants,Online,2,08:01,23,Mobile Payment,86
432356,2019-07-13 01:05:59,6593939509150446,fraud_Smitham-Boehm,grocery_net,43.8,Margaret,Ward,F,244 Jeffery Rapids,Azusa,CA,91702,34.1248,-117.9031,59705,Civil Service fast streamer,1983-06-23,c1ba509dc5641c2c272af5b4ca09aeb1,1342141559,34.771784999999994,-117.699186,0,,Groceries,In-store,6,10:34,46,Credit Card,13
753076,2019-11-18 03:47:28,4005676619255478,fraud_Bins-Rice,gas_transport,76.25,William,Perry,M,458 Phillips Island Apt. 768,Denham Springs,LA,70726,30.459,-90.9027,71335,Herbalist,1994-05-31,2f793d88f1e69be416c838f1866bad1e,1353210448,29.920454,-90.603239,0,70090.0,Clothing,In-store,8,08:07,42,Mobile Payment,470
91184,2019-02-23 20:35:13,213125815021702,fraud_Gibson-Deckow,entertainment,180.96,Adam,Kirk,M,40847 Stark Junctions,Big Indian,NY,12410,42.074,-74.453,397,Psychiatrist,1931-09-12,2b10d7d91349ec56dd193fe2c404c875,1330029313,42.872476,-74.436211,0,12166.0,Groceries,In-store,8,06:10,29,Debit Card,44
155899,2019-03-24 14:00:20,4989847570577635369,fraud_Fisher-Schowalter,shopping_net,3.11,Vanessa,Anderson,F,21178 Brittney Locks,Prosperity,SC,29127,34.1832,-81.5324,8333,Archaeologist,1994-07-09,52918732c1ecdd344d7ac63a2db29c77,1332597620,33.406106,-81.953771,0,30901.0,Electronics,In-store,7,23:49,52,Credit Card,4
544673,2019-08-21 09:16:54,4384910379661778,"fraud_Larkin, Stracke and Greenfelder",entertainment,8.97,Michelle,Russell,F,55505 Christy Via,Hawley,MN,56549,46.9777,-96.4092,4508,Naval architect,1949-04-24,73c8cee00f9609239e3ce5e06376e9f7,1345540614,46.065924,-97.081504,0,58053.0,Restaurants,In-store,7,00:39,58,Mobile Payment,265
373629,2019-06-22 03:51:37,6011542681743618,fraud_Huel-Langworth,misc_net,1.88,Emily,Hall,F,8851 Reese Neck,Basye,VA,22810,38.8089,-78.7776,863,"Engineer, mining",1972-08-09,8adbb3c9f42372e2af2092b07f9afd13,1340337097,37.83722,-78.160861,0,23084.0,Electronics,Online,9,19:35,50,Mobile Payment,199
329060,2019-06-06 01:29:07,4469777115158234880,fraud_Dach-Borer,grocery_net,23.1,Gregory,Graham,M,4005 Dana Glens,Methuen,MA,1844,42.728,-71.181,47249,Market researcher,1980-11-22,8fce2f1eb8c86d5e0c2ae83e8a3a2a4b,1338946147,42.317483,-70.62795799999999,0,,Entertainment,Online,2,20:29,35,Debit Card,40
59937,2019-02-05 00:31:37,502049568400,"fraud_Schuppe, Nolan and Hoeger",shopping_pos,7.62,Daniel,Melton,M,6157 Nichols Mews,Marion,CT,6444,41.7918,-72.7188,370,Health service manager,1962-02-13,2b5d51d044b7e0622c57fd09dd3098bd,1328401897,42.270672,-72.109888,0,1535.0,Groceries,In-store,10,19:48,56,Debit Card,262
841032,2019-12-13 21:13:03,36913587729122,fraud_Barton LLC,kids_pets,105.14,Ana,Mccormick,F,4503 Patricia Route,Meridian,ID,83646,43.6498,-116.4306,84106,Intelligence analyst,1971-02-11,679cea6211945aeb4eddf2f583f5096c,1355433183,43.130959,-117.259812,0,,Restaurants,In-store,9,23:06,50,Mobile Payment,268
1261090,2020-06-08 15:17:34,6011399591920186,"fraud_Schuppe, Nolan and Hoeger",shopping_pos,1.3,Maria,Roy,F,58665 Nicholas Ford Suite 348,Sheffield,MA,1257,42.1001,-73.3611,2121,Radio producer,1973-10-14,1ed0b4e5ecbbde572dacbea9809f7c45,1370704654,42.137084,-73.953869,0,12463.0,Electronics,In-store,6,06:16,46,Debit Card,445
948181,2020-01-14 09:36:50,30153452207526,fraud_McCullough LLC,misc_pos,6.43,Robin,Smith,F,0537 Margaret Common Suite 526,Coleman,TX,76834,31.8287,-99.427,5908,Radio producer,1962-04-05,937e4532814d2221566226ed3b610e7f,1358156210,32.616362,-98.462875,0,76475.0,Entertainment,In-store,10,10:17,43,Mobile Payment,68
172158,2019-03-31 16:53:10,213155997615567,fraud_Erdman-Durgan,health_fitness,73.69,James,Yoder,M,83359 Lopez Point,Clune,PA,15727,40.5503,-79.3237,168,Race relations officer,1978-10-04,5ec27290ef91d94144cfd19c3a03d27b,1333212790,41.035108,-79.833621,0,16061.0,Restaurants,In-store,9,00:09,24,Credit Card,455
1115746,2020-04-09 08:13:43,180069253480336,fraud_Medhurst PLC,shopping_net,37.62,William,Hunter,M,5036 Victoria Ports Suite 249,Emporium,PA,15834,41.5177,-78.2536,4533,Public affairs consultant,1969-11-01,673d7e1b9a5b7daa92b21a9515b4d1c7,1365495223,42.143243,-77.609362,0,14839.0,Groceries,Online,1,04:07,50,Mobile Payment,300
347992,2019-06-12 17:26:08,4464457352619,fraud_Kessler Group,travel,1.86,Breanna,Rodriguez,F,118 Cabrera Springs Apt. 105,Lanark Village,FL,32323,29.8826,-84.5964,217,Television production assistant,1990-01-24,c3d59fc740f318855a997086853af5bd,1339521968,29.809561,-85.122638,0,,Groceries,In-store,2,21:23,28,Credit Card,168
405063,2019-07-02 17:58:06,560881134780,fraud_Schumm PLC,health_fitness,70.64,Audrey,Martinez,F,343 Joshua Views,Liberty Mills,IN,46946,41.0356,-85.7358,136,Soil scientist,1953-03-19,a81aaba412bfdbb03b16136623901cb6,1341251886,41.18677,-85.725047,0,46562.0,Restaurants,In-store,5,19:27,28,Mobile Payment,355
803517,2019-12-05 07:39:04,3558652751678952,fraud_Cummings LLC,gas_transport,77.54,Teresa,Blankenship,F,6638 Lucero Mill Suite 952,Karnack,TX,75661,32.6205,-94.2,2807,Chiropodist,1931-01-26,fb0dba41edfc2141011abb9aab17fa2c,1354693144,33.537156,-93.584412,0,71801.0,Groceries,Online,7,06:23,68,Credit Card,336
1253801,2020-06-06 07:44:37,2254799658404120,fraud_Smitham-Boehm,grocery_net,69.45,Barbara,Nelson,F,7337 Browning Falls Suite 027,Valdosta,GA,31605,30.946,-83.2474,94325,Educational psychologist,1987-09-08,6044e1ae4d9c03bc0033f25643cce799,1370504677,31.829301,-83.276669,0,31750.0,Electronics,Online,6,23:57,65,Mobile Payment,31
119686,2019-03-08 20:15:36,4689147265057948423,fraud_Schoen Ltd,kids_pets,56.09,Steven,Brooks,M,2622 Reynolds Isle,Manley,NE,68403,40.9207,-96.168,206,Human resources officer,1967-10-04,4f51b6bc2c9e2dbacfa96512b13a287a,1331237736,41.433139,-96.238887,0,68068.0,Restaurants,In-store,3,19:08,22,Debit Card,477
395088,2019-06-29 18:41:27,3579200383632826,fraud_Ebert-Daugherty,travel,538.64,Tyler,Small,M,047 Kevin Haven,Boyd,WI,54726,44.9437,-91.0294,1690,IT trainer,1975-12-24,34295b4e49b742c2ae6f05d66082b019,1340995287,45.77506,-91.11375,0,54862.0,Entertainment,Online,6,02:10,50,Mobile Payment,243
477237,2019-07-28 16:34:50,4996263498048679,"fraud_Roob, Conn and Tremblay",shopping_pos,1.17,Kendra,King,F,154 Hernandez Keys,Smith River,CA,95567,41.9404,-124.1587,1930,Web designer,1983-06-13,8024dbd9ed59678d10ac054b133b534a,1343493290,42.636561,-124.43273700000002,0,97465.0,Groceries,In-store,8,10:17,31,Mobile Payment,156
405787,2019-07-03 02:46:16,2291163933867244,fraud_Kris-Padberg,shopping_pos,59.51,Jeff,Elliott,M,351 Darlene Green,Columbia,SC,29209,33.9659,-80.9355,333497,Mechanical engineer,1968-03-19,6733a2cf894dbe88de70a8255ce074de,1341283576,33.926051,-80.304379,0,29153.0,Entertainment,In-store,9,08:15,25,Mobile Payment,116
855955,2019-12-16 12:51:46,4681601008538160,fraud_Kihn-Fritsch,food_dining,55.58,Tammy,Davis,F,77663 Colleen Freeway,Moundsville,WV,26041,39.9148,-80.73100000000001,16183,Physiotherapist,1977-08-12,f9826967d951fdfa352d49aebd0e24fc,1355662306,39.446925,-79.974971,0,26374.0,Electronics,Online,2,02:46,65,Mobile Payment,107
593427,2019-09-08 21:05:06,3556613125071656,fraud_Feil-Morar,health_fitness,126.83,Jose,Vasquez,M,572 Davis Mountains,Lake Jackson,TX,77566,29.0393,-95.4401,28739,Futures trader,1999-12-27,b8b87443e215c9f0975291050ec36ca4,1347138306,28.69285,-96.125361,0,77465.0,Clothing,Online,8,12:08,34,Debit Card,462
867924,2019-12-19 16:25:13,4102003771126577611,fraud_Labadie LLC,personal_care,129.25,William,Fitzgerald,M,715 Courtney Pike Suite 932,Keller,TX,76248,32.9276,-97.2489,95035,Probation officer,1987-06-13,7bb5badd88869ae3ff7192c3d54daedd,1355934313,33.301173,-98.150389,0,76458.0,Clothing,In-store,10,06:38,22,Credit Card,311
1049132,2020-03-10 19:42:02,3546674063249004,"fraud_Zboncak, Rowe and Murazik",shopping_net,1047.6,Jordan,May,M,1626 Susan Course,Aledo,TX,76008,32.7004,-97.6039,13602,Optometrist,1984-07-05,00874b4dca737745c1aa717fddab7d2a,1362944522,32.153247,-98.271148,1,76401.0,Entertainment,In-store,3,10:27,49,Mobile Payment,384
1249732,2020-06-04 13:27:31,348379466427142,"fraud_Champlin, Rolfson and Connelly",travel,8.15,Michael,Rowe,M,7428 Martinez Flats,Melbourne,FL,32935,28.1384,-80.6524,139650,Database administrator,1957-01-23,e0e04fbb92bc1589e94a26628ebe68f0,1370352451,27.241475,-79.907652,0,,Clothing,In-store,2,12:28,33,Credit Card,272
15006,2019-01-09 14:31:30,213126662687660,"fraud_Graham, Hegmann and Hammes",food_dining,34.54,Christopher,Luna,M,242 Brian Mountain,Laredo,TX,78040,27.5155,-99.4986,248858,Video editor,1971-01-28,5e31ea7a86e3d1247b0894ac19995a3f,1326119490,28.446684,-99.63001,0,78827.0,Restaurants,Online,9,15:37,67,Mobile Payment,263
414438,2019-07-06 16:38:19,4482427013979020,fraud_Kutch-Ferry,home,35.63,Leslie,Ford,F,4938 Hatfield Course,Henderson,WV,25106,38.8265,-82.1364,642,Building services engineer,1946-08-30,37b406ca4620308cc7c5e8cabd119997,1341592699,39.59746,-82.407329,0,43138.0,Restaurants,In-store,6,06:52,60,Debit Card,127
123427,2019-03-10 06:14:18,4736845434667908128,"fraud_Heller, Gutmann and Zieme",grocery_pos,121.9,Toni,Gomez,F,062 Carl Dam,Altona,NY,12910,44.8816,-73.6408,2148,"Surveyor, land/geomatics",1953-05-23,bc813dcdd6da13217a86e3b95532005f,1331360058,45.158565,-72.79591500000001,0,,Groceries,Online,5,05:05,53,Mobile Payment,226
95848,2019-02-26 00:13:27,375248307838179,"fraud_Stroman, Hudson and Erdman",gas_transport,32.06,Joshua,Mendoza,M,4215 Miranda Field Suite 326,Tallmansville,WV,26237,38.8564,-80.158,571,Accounting technician,1967-09-16,b06c03f3e4a873d959183e6ea2eca1ec,1330215207,38.119294,-80.32169,0,24946.0,Groceries,In-store,6,04:01,21,Credit Card,260
220256,2019-04-21 20:10:06,376445266762684,fraud_Leffler-Goldner,personal_care,92.73,Rachel,Lowe,F,372 Jeffrey Course,Sutherland,NE,69165,41.1558,-101.136,1789,Insurance broker,1982-02-11,27c4d78d380d7ce22659848b34606bd2,1335039006,40.225493,-100.996722,0,69044.0,Groceries,Online,10,13:25,67,Mobile Payment,249
452298,2019-07-20 05:35:53,36913587729122,fraud_Koepp-Witting,grocery_pos,234.36,Ana,Mccormick,F,4503 Patricia Route,Meridian,ID,83646,43.6498,-116.4306,84106,Intelligence analyst,1971-02-11,0cbf9e7f21cb26dcda8b6a99bed0998c,1342762553,44.2819,-115.814411,0,,Entertainment,In-store,8,20:40,56,Mobile Payment,496
1246390,2020-06-02 21:33:26,38588538868506,fraud_Boyer PLC,misc_pos,9.79,Jacqueline,Curry,F,3047 Jeff Place,Marathon,TX,79842,30.1886,-103.2214,498,Lexicographer,1990-11-23,3b3a262f1cee3788d50b23524e9ca920,1370208806,29.495994,-103.899494,0,,Entertainment,In-store,6,18:14,41,Credit Card,426
137175,2019-03-16 13:51:03,6011329966782895,"fraud_Gottlieb, Considine and Schultz",shopping_net,3.87,Lauren,Butler,F,030 Seth Divide Suite 355,Tulsa,OK,74131,36.0557,-96.0602,413574,"Teacher, special educational needs",1971-09-01,fb06c74d2ee493a1c74daa5e33debbdd,1331905863,36.461358,-95.998877,0,74061.0,Clothing,Online,7,15:20,40,Debit Card,305
853214,2019-12-15 23:51:51,2703186189652095,"fraud_Baumbach, Strosin and Nicolas",shopping_pos,1.28,Jennifer,Banks,F,561 Perry Cove,Moravian Falls,NC,28654,36.0788,-81.1781,3495,"Psychologist, counselling",1988-03-09,0f7bce49af4aafa3d30f7ee3bd653862,1355615511,35.243069,-81.67703,0,28114.0,Restaurants,In-store,10,23:59,60,Debit Card,282
248306,2019-05-04 16:58:59,4239436242473,fraud_Turner and Sons,shopping_pos,7.89,James,Leon,M,826 Benjamin Stravenue,Alexandria,VA,22311,38.832,-77.12,321490,"Scientist, biomedical",1991-10-04,814e3d59cc858317f20db1e2fc62b9f2,1336150739,38.81163,-76.92200600000001,0,20748.0,Clothing,In-store,3,07:08,52,Debit Card,256
393885,2019-06-29 11:22:04,36360452125889,"fraud_Boehm, Predovic and Reinger",misc_pos,4.12,Christopher,Raymond,M,766 Potter Well,West Chazy,NY,12992,44.797,-73.5112,4778,Engineering geologist,1954-06-14,9f1ed86346dbc7b32cd42c03e6cb39f0,1340968924,45.229723,-73.501304,0,,Groceries,In-store,9,23:08,25,Credit Card,329
475943,2019-07-28 09:16:08,4707867759656333,fraud_Kihn Inc,shopping_pos,69.57,Susan,Shah,F,9016 Jordan Bypass Apt. 516,Cranks,KY,40820,36.7558,-83.1838,581,"Psychologist, counselling",1967-02-04,42f43316ade162aec73ce12de97cff34,1343466968,35.948372,-83.955632,0,37916.0,Electronics,Online,10,07:22,35,Mobile Payment,288
420458,2019-07-08 05:26:57,341546199006537,fraud_Kerluke-Abshire,shopping_net,8.72,Mark,Brown,M,8580 Moore Cove,Wales,AK,99783,64.7556,-165.6723,145,"Administrator, education",1939-11-09,c69d9c518ba11bf722ab81e6987159c1,1341725217,64.22055999999999,-165.643504,0,,Electronics,Online,9,22:21,45,Debit Card,353
564927,2019-08-28 15:57:42,4476840372112,fraud_Macejkovic-Lesch,shopping_pos,8.25,Steven,Walters,M,3206 Hall Divide Suite 282,Woodville,AL,35776,34.6689,-86.2296,3395,"Editor, commissioning",1979-01-21,c5115c06c32abf4382040595ce8af5bb,1346169462,33.853818,-86.37581800000001,0,35953.0,Electronics,Online,7,23:40,49,Credit Card,437
133434,2019-03-14 18:12:58,4873783502705038,"fraud_Turcotte, McKenzie and Koss",entertainment,55.98,Elizabeth,Maxwell,F,194 Goodman Fall Apt. 569,Burlington,WA,98233,48.4786,-122.3345,14871,Public house manager,1974-03-10,71b35625057d479c6db426448b5162f8,1331748778,48.196371,-123.145669,0,,Groceries,In-store,3,12:29,18,Credit Card,27
1174273,2020-05-05 03:36:01,2358122155477959,fraud_Ledner-Pfannerstill,gas_transport,75.23,Mike,Tran,M,17355 Mendoza Bypass Suite 059,Linthicum Heights,MD,21090,39.2092,-76.6681,9784,"Conservator, furniture",1924-10-30,bdc117ec5527048f79c5f94119f8bdf3,1367724961,38.879206,-77.014247,0,20260.0,Entertainment,Online,8,01:33,54,Mobile Payment,452
1051420,2020-03-12 02:02:43,341283058448499,fraud_Berge LLC,gas_transport,48.56,Mario,Johns,M,62130 Miller Square Suite 785,Brinson,GA,39825,30.9788,-84.7373,1461,"Engineer, broadcasting (operations)",1935-09-08,f37997beb30b00e45f3c250ef34586ae,1363053763,31.093239,-84.59136099999999,0,39837.0,Restaurants,In-store,3,18:14,63,Mobile Payment,333
452756,2019-07-20 10:06:50,30551643947183,fraud_Bins-Rice,gas_transport,72.53,Morgan,Smith,F,1441 Bradley Place,Grover,NC,28073,35.1836,-81.4552,5621,Toxicologist,1973-11-14,d9ce46bfb818dd6cf4f60b274e89b8a3,1342778810,36.014706,-81.486575,0,28645.0,Entertainment,In-store,8,13:43,65,Mobile Payment,357
751536,2019-11-17 17:02:29,376028110684021,"fraud_Schroeder, Wolff and Hermiston",travel,448.33,Aaron,Murray,M,624 Hale Springs Apt. 572,Meadville,MO,64659,39.7795,-93.3014,964,Tourist information centre manager,1974-12-23,bfc42a317972ea2003ff42e03a656c6f,1353171749,39.765145,-93.90761,0,64644.0,Electronics,Online,7,08:00,23,Credit Card,408
653061,2019-10-05 15:10:28,213126662687660,fraud_Gerlach Inc,shopping_net,2.98,Christopher,Luna,M,242 Brian Mountain,Laredo,TX,78040,27.5155,-99.4986,248858,Video editor,1971-01-28,f44d9e3f34edbd87c5c988834462c401,1349449828,27.487852,-98.588757,0,78376.0,Groceries,In-store,10,18:40,18,Debit Card,42
1223760,2020-05-26 05:16:22,4683638447911,fraud_Fisher-Schowalter,shopping_net,85.08,Daniel,Boyd,M,8925 Nicholas Points,Egan,LA,70531,30.251,-92.5002,1261,Broadcast presenter,1972-07-01,913a0b062e9704724945ff005348e6ad,1369545382,30.538382,-92.677198,0,70532.0,Groceries,In-store,10,21:29,49,Debit Card,13
467683,2019-07-25 11:57:54,676314217768,fraud_Rutherford-Mertz,grocery_pos,186.74,Ellen,Carrillo,F,9431 Amanda Mills,Odessa,MO,64076,38.9829,-93.9757,9512,Clinical research associate,1972-12-31,9f0f4f2b08c01e049f9fc10130b11f89,1343217474,39.43677,-94.646516,0,64444.0,Restaurants,In-store,9,13:41,18,Mobile Payment,383
1086450,2020-03-27 19:20:23,4939976756738216,fraud_Pagac LLC,shopping_pos,2.45,Michelle,Johnston,F,3531 Hamilton Highway,Roma,TX,78584,26.4215,-99.0025,18128,IT trainer,1990-11-07,b43714818478c6798ea6919bf3d9aec5,1364412023,26.385690000000004,-99.998922,0,,Electronics,Online,6,07:28,68,Debit Card,435
1132069,2020-04-16 14:02:45,6011388901471808,"fraud_Metz, Russel and Metz",kids_pets,1.38,Jacqueline,Marsh,F,950 Sheryl Spurs,Dunlevy,PA,15432,40.1151,-79.8627,427,Mining engineer,1951-02-05,ae0ca2a436dd5519e2ab5dbcc4a6ed77,1366120965,40.146638,-79.474687,0,15610.0,Clothing,Online,5,03:32,44,Debit Card,325
234807,2019-04-28 12:06:38,180046617132290,fraud_Fritsch and Sons,health_fitness,143.5,Erika,Mason,F,083 Karen Island Apt. 656,Goreville,IL,62939,37.575,-88.9655,3119,"Teacher, secondary school",1942-04-17,beb93d4133fa2ffa146d0614a178d76c,1335614798,38.202604,-89.75178100000001,0,62257.0,Clothing,In-store,7,15:20,39,Mobile Payment,39
846737,2019-12-14 23:39:02,6544734391390261,fraud_Brown Inc,kids_pets,7.66,John,Myers,M,701 Wilson Divide,Highland,IN,46322,41.55,-87.4569,23727,Community arts worker,1982-02-08,9b3f22e3d200cda560968d2026c50a3c,1355528342,41.361422,-87.90225699999999,0,60442.0,Clothing,In-store,9,02:45,26,Mobile Payment,346
1072207,2020-03-21 17:35:54,4512828414983801773,fraud_Cartwright PLC,kids_pets,37.04,Monica,Cohen,F,864 Reynolds Plains,Uledi,PA,15484,39.8936,-79.7856,328,Tree surgeon,1983-07-25,7ad80ac284f2ac8a0f8a754819f1f5be,1363887354,39.937777,-79.15090699999999,0,15557.0,Groceries,In-store,9,15:26,62,Credit Card,304
775415,2019-11-28 10:38:57,3564182536169293,fraud_Mohr Inc,shopping_pos,6.19,Brenda,Johnson,F,56160 Nicholas Isle,Norwich,OH,43767,39.9934,-81.8024,1443,Research scientist (medical),1962-03-04,64447380d4400fc89e97845f017711c9,1354099137,40.432172,-82.197191,0,43006.0,Clothing,In-store,4,17:08,35,Debit Card,184
781064,2019-11-30 14:05:37,4792627764422477317,fraud_Crona and Sons,kids_pets,2.06,Margaret,Mendez,F,7952 Karen Pike,De Soto,KS,66018,38.9462,-94.9714,5760,Chief Executive Officer,1978-10-01,460e601c7024f91dff2b6848d712df1a,1354284337,38.82983,-94.785939,0,66062.0,Restaurants,In-store,1,06:49,23,Debit Card,184
729673,2019-11-08 06:38:11,342360239917375,fraud_Bashirian Group,shopping_net,4.91,Gabriella,Jordan,F,1299 Joshua Plains,Howes Cave,NY,12092,42.7045,-74.3648,1304,Jewellery designer,1970-06-09,47a80051c45c656957071e443d7ea336,1352356691,42.976955,-74.741591,0,13452.0,Clothing,Online,8,06:45,42,Debit Card,88
656105,2019-10-06 15:30:04,30235268718158,"fraud_Hartmann, Rowe and Hermann",travel,5.44,Kenneth,Doyle,M,8614 Reed Glen,West Harrison,NY,10604,41.0592,-73.7395,11250,Lexicographer,1977-08-16,ce18cd8d513010befb09d68406a86635,1349537404,41.350963,-72.899709,0,6517.0,Electronics,Online,8,18:54,26,Credit Card,225
178671,2019-04-03 14:04:38,6011693194885790,fraud_Skiles LLC,home,15.22,Victoria,Fleming,F,2807 Parker Station Suite 080,Stanchfield,MN,55080,45.6675,-93.2433,2607,"Lecturer, further education",1995-12-04,82aad16d2406a3ed44d6bebfb7d13fcd,1333461878,46.131976,-94.183045,0,56449.0,Entertainment,In-store,10,02:10,40,Debit Card,282
1281713,2020-06-15 18:12:27,4742883543039288059,fraud_Pfeffer and Sons,shopping_pos,8.34,Cassandra,Sanders,F,78117 George Mountains,Paauilo,HI,96776,20.0271,-155.3697,1490,"Scientist, research (maths)",1991-04-13,8bc48f3224ebc4e1e846cc612361a769,1371319947,20.27164,-155.531857,0,,Entertainment,Online,7,05:40,54,Debit Card,218
1249712,2020-06-04 13:13:22,4124536010991657,"fraud_Romaguera, Wehner and Tromp",kids_pets,33.62,Sydney,Montoya,F,265 Christian Summit Suite 231,Fairhope,AL,36532,30.5012,-87.8835,27829,"Presenter, broadcasting",1954-07-21,1902f5e7a9e56fd15f58236182055c9c,1370351602,29.798051,-87.189123,0,,Groceries,In-store,4,12:03,28,Mobile Payment,78
222665,2019-04-22 15:44:00,4653178848915023204,fraud_Torp-Lemke,misc_pos,3.38,Robert,Hall,M,371 Anthony Trail Suite 354,Glade Spring,VA,24340,36.7779,-81.7676,5657,Clinical psychologist,1987-04-29,d44eb684f1d1c87fa75543e9222d960e,1335109440,35.899221000000004,-81.456928,0,28645.0,Electronics,Online,2,11:13,55,Credit Card,255
1272023,2020-06-12 15:24:09,30541100351706,fraud_Kemmer-Buckridge,misc_pos,456.21,Derrick,George,M,575 Chapman Union,Spring,TX,77379,30.0377,-95.5326,316665,"Education officer, museum",1990-09-12,9825637d42781d5f8ddb0b82603ecbdf,1371050649,30.200740000000003,-94.938441,0,,Electronics,In-store,1,02:38,28,Mobile Payment,351
538423,2019-08-19 00:16:33,340953839692349,"fraud_Harris, Gusikowski and Heaney",grocery_net,41.18,Tyler,Wright,M,615 Clarke Spring Apt. 172,Warren,MI,48088,42.5164,-82.9832,134056,"Doctor, hospital",1980-05-18,d50dc30e433cca2f834248caad2b1706,1345335393,41.667732,-83.953237,0,43540.0,Groceries,In-store,9,13:50,55,Debit Card,391
148393,2019-03-21 08:12:22,345389171551808,"fraud_Mosciski, Gislason and Mertz",grocery_pos,66.37,Justin,Fowler,M,5569 Phillips Neck Apt. 003,Coffeeville,MS,38922,33.9215,-89.6782,3451,Financial trader,1984-05-19,e68c9fab4bdddab46d8f11c58a62bf3d,1332317542,33.595142,-89.48156,0,39767.0,Clothing,Online,7,19:46,44,Debit Card,369
743205,2019-11-14 02:12:11,3558652751678952,fraud_Boyer PLC,misc_pos,285.37,Teresa,Blankenship,F,6638 Lucero Mill Suite 952,Karnack,TX,75661,32.6205,-94.2,2807,Chiropodist,1931-01-26,d016cdbdaa4aee39f3f91250873987f9,1352859131,32.688539,-93.438303,0,71067.0,Clothing,In-store,10,17:11,40,Credit Card,347
849646,2019-12-15 13:00:04,4996263498048679,"fraud_Prosacco, Kreiger and Kovacek",home,23.86,Kendra,King,F,154 Hernandez Keys,Smith River,CA,95567,41.9404,-124.1587,1930,Web designer,1983-06-13,c932cd765a381ab50d11289ba7e6a53f,1355576404,42.288565000000006,-123.503812,0,97538.0,Electronics,Online,9,02:07,23,Mobile Payment,351
456259,2019-07-21 09:43:31,4210078554961359092,fraud_Harris Inc,gas_transport,71.44,Valerie,Clark,F,7402 West Ranch,Lowell,OR,97452,43.92100000000001,-122.7806,1420,Systems analyst,1965-11-11,0063a381d25382c11cd222372f9ae4a1,1342863811,43.955948,-123.702121,0,97490.0,Clothing,Online,3,15:12,37,Debit Card,373
670025,2019-10-12 22:51:45,30044330818990,fraud_Crooks and Sons,personal_care,189.4,Allison,Ayala,F,87665 Karen Mill Apt. 586,Fort Myers,FL,33967,26.4722,-81.8122,224256,Paramedic,1985-08-29,aa392f35a8997de08dbe77d3f6c2bd84,1350082305,27.398089,-80.996865,0,34972.0,Clothing,In-store,3,01:02,45,Mobile Payment,136
729679,2019-11-08 06:48:55,345389171551808,"fraud_Jenkins, Hauck and Friesen",gas_transport,48.08,Justin,Fowler,M,5569 Phillips Neck Apt. 003,Coffeeville,MS,38922,33.9215,-89.6782,3451,Financial trader,1984-05-19,ab3c00dff4b1505c4be306e3aa08ba13,1352357335,34.226531,-88.721818,0,38801.0,Clothing,In-store,5,10:43,28,Debit Card,102
134280,2019-03-15 04:15:40,30328384440870,fraud_Buckridge PLC,misc_pos,21.61,Helen,Campbell,F,182 Sergio Summit Apt. 129,Browning,MO,64630,40.029,-93.1607,602,Cytogeneticist,1954-07-14,e3241e6f797f572f76ca4a04bff224e2,1331784940,40.11961,-93.291237,0,64646.0,Clothing,In-store,7,00:13,67,Debit Card,228
894247,2019-12-25 07:48:23,30546453310167,"fraud_Runolfsdottir, Mueller and Hand",entertainment,6.21,Nicholas,Tran,M,672 Randall Burg Suite 551,Belmont,NH,3220,43.4512,-71.48899999999999,7430,"Scientist, research (medical)",1955-01-13,f90f5da1b03f607dd7f86aeaf1f2ec5e,1356421703,44.334829,-71.645614,0,3598.0,Entertainment,In-store,6,15:22,59,Debit Card,116
302537,2019-05-27 07:26:41,4560395181594436016,"fraud_Rohan, White and Aufderhar",misc_net,26.19,Angela,Taylor,F,6343 Ramirez Skyway Apt. 518,Lakeport,CA,95453,39.047,-122.9328,11256,Podiatrist,1972-10-18,c9ab93cfefc7ecf5c3dbe60dc1aff02c,1338103601,39.328599,-122.838287,0,95485.0,Groceries,In-store,9,17:43,27,Mobile Payment,105
343917,2019-06-10 20:02:43,213178765398315,fraud_Medhurst Inc,home,30.55,Alan,Colon,M,748 Bryan Fields Suite 935,Riverton,WY,82501,43.0351,-108.2024,19408,"Lecturer, higher education",1993-09-11,9ffdde00d84919e58507489d95abddb8,1339358563,43.365556,-108.258041,0,,Clothing,Online,3,13:02,48,Credit Card,303
158003,2019-03-25 04:31:27,630469040731,fraud_Kunde-Sanford,misc_net,8.93,Meredith,Ayala,F,7107 Henderson Station,Cascade Locks,OR,97014,45.67100000000001,-121.8686,1288,Barrister,1936-05-01,4cce5e02986c8db9ec3e875e29f74a68,1332649887,45.115279,-122.425389,0,97017.0,Entertainment,Online,1,17:01,36,Mobile Payment,51
557931,2019-08-25 23:08:56,4584931703207308232,fraud_Dare-Gibson,health_fitness,67.35,Amanda,Gomez,F,8152 Brittany Centers,Dallas,TX,75218,32.8463,-96.6972,1263321,"Designer, ceramics/pottery",1975-04-16,17545d28d37985d9d27e1264a1c768eb,1345936136,33.788249,-96.846826,0,76264.0,Electronics,In-store,4,19:38,58,Mobile Payment,111
908850,2019-12-28 21:27:42,4990494243023,fraud_Zboncak Ltd,food_dining,10.32,Martin,Ford,M,56812 Francis Courts,Corriganville,MD,21524,39.6967,-78.8031,626,Energy engineer,1960-12-13,ebd60555bf5a9593c142f936ba015ab2,1356730062,39.540211,-77.923914,0,25419.0,Electronics,Online,9,19:47,48,Debit Card,69
179400,2019-04-03 22:52:00,4355790796238264643,"fraud_Mueller, Gerhold and Mueller",health_fitness,46.73,Tanner,Davis,M,2632 Stevens Light Apt. 213,Payson,IL,62360,39.8153,-91.2627,1656,Exhibition designer,1969-08-04,68106e99751681d7b07fbcdac15f381e,1333493520,39.307131,-91.634993,0,63345.0,Restaurants,Online,7,14:58,34,Debit Card,298
345112,2019-06-11 06:23:57,4079773899158,"fraud_Heller, Gutmann and Zieme",grocery_pos,123.37,Eric,Preston,M,7020 Doyle Stream Apt. 951,Mesa,ID,83643,44.6255,-116.4493,129,Cartographer,1965-12-15,2b6a6b7a9b23255c91d34747a0d22db7,1339395837,44.455184,-116.214173,0,,Electronics,Online,1,10:20,25,Credit Card,349
1278549,2020-06-14 23:06:59,372520049757633,fraud_Kuphal-Bartoletti,misc_net,35.22,Lori,Ramirez,F,4293 Ramirez Squares,Ranier,MN,56668,48.6031,-93.2977,136,Ceramics designer,2000-02-20,1e284d00e61b5d299664d371452816e5,1371251219,48.927653,-93.288203,0,,Restaurants,Online,7,21:34,49,Debit Card,188
877116,2019-12-21 19:41:47,6011492816282597,fraud_Hickle Group,shopping_pos,8.95,Gary,Barnes,M,2970 Flores Brooks,Smackover,AR,71762,33.3398,-92.7442,2501,Financial adviser,1986-06-11,905a87612e267adecd63f9ecbb1e2f86,1356118907,33.407812,-92.357765,0,71651.0,Electronics,Online,3,15:19,20,Credit Card,227
1112820,2020-04-07 17:37:50,4377338765909719,fraud_Turner and Sons,shopping_pos,6.92,Nicholas,Mcmahon,M,2123 Jonathan Falls Suite 753,Heiskell,TN,37754,36.115,-84.0438,4729,"Geologist, wellsite",1982-04-19,92a97c0da31a800482dedd84c04149ce,1365356270,35.835662,-83.446726,0,37863.0,Entertainment,Online,1,00:41,25,Debit Card,248
1286249,2020-06-16 21:31:17,5596347693144598,fraud_Schiller Ltd,personal_care,116.33,Joseph,Moody,M,5901 Foster Pine,Kenner,LA,70062,29.9912,-90.2479,68211,"Engineer, petroleum",1941-04-23,1ea8e51296f32ffeaab828aadf269cde,1371418277,28.995785,-89.251436,0,,Electronics,In-store,2,01:19,55,Mobile Payment,184
822005,2019-12-09 01:38:36,4988304376504,"fraud_Bins, Balistreri and Beatty",shopping_pos,7.67,William,Thompson,M,977 Rita Grove Apt. 000,Rock Tavern,NY,12575,41.4575,-74.1659,2258,Building surveyor,1937-03-17,73e300b68c173cb0c8762f4ead07f3d2,1355017116,40.600875,-74.381828,0,8820.0,Groceries,Online,5,19:57,61,Credit Card,131
405908,2019-07-03 04:20:32,6011148190095209,fraud_Kuphal-Bartoletti,misc_net,1.56,Terri,Bailey,F,508 Erin Mount,Daly City,CA,94015,37.6787,-122.478,107941,"Buyer, industrial",1991-10-04,423b380e6e476b9d546ae3f35fcd577e,1341289232,38.250913,-122.428559,0,95476.0,Groceries,In-store,7,19:07,30,Mobile Payment,464
108091,2019-03-03 12:12:25,5388659976630693,fraud_Jakubowski Inc,home,81.78,Charles,Preston,M,5364 William Harbor,Seneca,WI,54654,43.2064,-90.9405,153,Quantity surveyor,1962-02-14,1a10c840a5bb09e9ce65e062d27a5484,1330776745,42.471796000000005,-90.509623,0,53811.0,Restaurants,Online,6,02:58,55,Debit Card,23
769281,2019-11-25 08:33:33,3566094707272327,fraud_Goodwin-Nitzsche,grocery_pos,189.85,Kristina,Stewart,F,47029 Jimmy Tunnel Apt. 106,Newhall,CA,91321,34.3795,-118.523,34882,Health physicist,1971-04-25,2f44c7d901d1b01274b430fab5b9747e,1353832413,34.081298,-117.845605,0,91724.0,Entertainment,Online,6,01:38,46,Mobile Payment,35
73302,2019-02-12 16:09:44,6011381817520024,"fraud_Altenwerth, Cartwright and Koss",shopping_net,2.95,Kristen,Allen,F,8619 Lisa Manors Apt. 871,Lagrange,WY,82221,41.6423,-104.1974,635,Product/process development scientist,1973-07-13,a95689029ad8ae0ac1a527bec836f5bf,1329062984,41.19734,-103.485237,0,69133.0,Electronics,Online,7,06:32,53,Mobile Payment,368
901808,2019-12-27 12:00:51,3564839259330465,"fraud_Schroeder, Wolff and Hermiston",travel,8.62,Robert,Ashley,M,1250 Christopher Prairie Suite 016,Port Costa,CA,94569,38.046,-122.1866,198,Armed forces training and education officer,1959-03-31,bba7106d128f51b942a588464dfe7446,1356609651,38.860668,-122.800022,0,95451.0,Restaurants,Online,9,05:39,41,Credit Card,273
1277821,2020-06-14 18:49:04,3537797820923602,fraud_Hammes-Beatty,kids_pets,42.99,Christie,Mendoza,F,53142 Katrina Roads Suite 889,Monitor,WA,98836,47.4852,-120.4158,584,Medical technical officer,1969-03-20,debae265d4f6991225c1af8411711bf7,1371235744,47.540894,-120.221226,0,98802.0,Clothing,Online,2,12:16,41,Debit Card,376
326530,2019-06-04 20:25:59,4951647200979051,fraud_Pollich LLC,home,21.95,Kimberly,Miller,F,75533 Tamara Valleys,Logan,IL,62856,37.9943,-88.9417,324,"Scientist, research (physical sciences)",1976-06-15,0698a3889f7595090e4a3dba84885a3a,1338841559,37.041805,-88.088296,0,42038.0,Clothing,Online,5,01:26,56,Mobile Payment,234
431559,2019-07-12 18:25:34,4066595222529,"fraud_Nicolas, Hills and McGlynn",entertainment,155.4,Jamie,Olson,F,3423 Michael Canyon Suite 276,River,KY,41254,37.8795,-82.7251,571,Quarry manager,1931-03-07,f4f6cbf34136214a9a6dd4b44744d5b8,1342117534,37.191187,-81.786825,0,24622.0,Groceries,Online,3,12:54,30,Debit Card,314
286923,2019-05-20 22:48:25,4476840372112,fraud_Smith-Stokes,misc_pos,2.81,Steven,Walters,M,3206 Hall Divide Suite 282,Woodville,AL,35776,34.6689,-86.2296,3395,"Editor, commissioning",1979-01-21,626eb39a1d6baecfb1c7f270eb73f7fc,1337554105,34.835263,-86.261227,0,35766.0,Electronics,Online,5,00:09,45,Mobile Payment,91
1251523,2020-06-05 08:47:49,3544606805704278,fraud_Stamm-Witting,shopping_net,4.67,Carolyn,Thomas,F,755 Solis Isle Suite 075,New Memphis,IL,62266,38.4857,-89.6816,254,Magazine journalist,1952-05-07,efa31f4933d1a42ea1f7558ef64c7996,1370422069,37.800106,-89.501998,0,62950.0,Electronics,Online,7,02:04,45,Debit Card,374
42239,2019-01-26 04:25:24,4502539526809429801,"fraud_Bahringer, Schoen and Corkery",shopping_pos,36.99,Stephanie,Cummings,F,1025 Robin Square,Ash Flat,AR,72513,36.2201,-91.6421,2856,Hydrologist,1926-08-27,b5364d2f633156dd50776b79b9c49241,1327551924,35.242086,-92.338135,0,72058.0,Groceries,In-store,6,06:03,56,Mobile Payment,18
1023511,2020-02-28 01:48:53,2348245054386329,"fraud_Terry, Johns and Bins",misc_pos,411.18,Justin,Gay,M,268 Hayes Rue Suite 811,Harborcreek,PA,16421,42.1767,-79.9416,2518,Event organiser,1946-02-02,7288c0a120e3e7c50272536da5987d66,1362016133,42.25888,-80.203017,0,16505.0,Electronics,Online,1,02:04,27,Mobile Payment,240
85048,2019-02-19 13:52:36,4900628639996,"fraud_Hermiston, Russel and Price",food_dining,1.02,Michael,Johnson,M,094 Owens Underpass,Norwalk,CA,90650,33.9056,-118.0818,105549,Firefighter,1973-09-22,515dfae0cac181f6ef9ba78867d74497,1329659556,33.599624,-118.47043,0,,Clothing,Online,9,22:37,23,Mobile Payment,475
472353,2019-07-27 08:41:42,4079773899158,fraud_Strosin-Cruickshank,grocery_pos,162.42,Eric,Preston,M,7020 Doyle Stream Apt. 951,Mesa,ID,83643,44.6255,-116.4493,129,Cartographer,1965-12-15,2501fd959cfefac3b6ab4ac6f0b7ea2e,1343378502,45.592141,-116.46858,0,,Restaurants,In-store,5,12:08,37,Credit Card,64
532589,2019-08-17 13:06:13,4698163635895795,"fraud_Schaefer, Fay and Hilll",entertainment,13.49,Sharon,Powell,F,101 Carla Loop,Wendel,CA,96136,40.3406,-120.2824,104,"Teacher, adult education",1989-08-16,7f301472215d8b774700b2603eee009e,1345208773,40.434547,-121.008822,0,,Entertainment,In-store,1,09:11,18,Debit Card,162
745634,2019-11-15 11:28:41,501802953619,fraud_Gislason Group,misc_pos,2.6,Robert,Flores,M,3277 Fields Meadows Apt. 790,Greenview,CA,96037,41.5403,-122.9366,308,Call centre manager,1958-09-20,3f051f2506434f8bf00e9f24044087ca,1352978921,41.052391,-123.294257,0,,Entertainment,In-store,10,06:46,55,Mobile Payment,299
991884,2020-02-09 12:07:54,180094419304907,"fraud_Schiller, Blanda and Johnson",home,102.91,Sharon,Smith,F,17666 David Valleys,Sun City,CA,92585,33.7467,-117.1721,54287,"Designer, exhibition/display",1972-09-22,f9f4cc07d2424cf68c37dd5a096c011a,1360411674,33.806795,-117.455763,0,92881.0,Entertainment,In-store,8,19:01,42,Debit Card,260
1088832,2020-03-29 01:02:14,3577596616955856,fraud_McKenzie-Huels,food_dining,130.24,David,Rogers,M,265 Mullen Park Apt. 307,Summerfield,NC,27358,36.2245,-79.8901,14075,"Buyer, industrial",1929-04-22,b8ec1f418c326f60315a9b6aee810705,1364518934,36.935001,-80.032123,0,24088.0,Entertainment,In-store,2,10:58,40,Mobile Payment,101
276658,2019-05-17 04:24:12,4393520897625,"fraud_Daugherty, Pouros and Beahan",shopping_pos,139.78,Charles,Rodriguez,M,240 Tracy Forges,Easton,KS,66020,39.3391,-95.0999,1442,Air broker,1982-05-20,c5650082a536a47287a5de0b7866ad0d,1337228652,39.054017,-94.703349,0,66106.0,Entertainment,Online,6,10:33,25,Credit Card,79
931589,2020-01-05 07:59:50,4810839835482794272,fraud_Hudson-Ratke,grocery_pos,103.66,Carolyn,Perez,F,433 Blake Roads Suite 967,Wheaton,MO,64874,36.7651,-94.0492,760,Production manager,1985-08-31,b847d75fe497f8e4880568125362e11c,1357372790,37.738556,-94.693146,0,66741.0,Electronics,Online,7,19:08,34,Credit Card,68
927704,2020-01-03 04:44:04,565399283797,fraud_Kozey-Boehm,shopping_net,92.82,Anthony,Allen,M,6993 Carr Lodge Apt. 311,Jordan Valley,OR,97910,42.8801,-117.281,641,Economist,1993-11-24,42a5556d9dc053bae3e2dc9caf42e2e9,1357188244,42.433654,-116.413075,0,,Groceries,In-store,7,11:36,28,Debit Card,380
332426,2019-06-07 13:04:36,30404291151692,fraud_Botsford PLC,home,53.06,Savannah,Lewis,F,537 Walker Freeway,North Tonawanda,NY,14120,43.0498,-78.851,45100,Ambulance person,1993-10-25,4877729805efdd61749a88c9bcd406e5,1339074276,43.873449,-79.714838,0,,Electronics,Online,2,17:08,68,Mobile Payment,331
537754,2019-08-18 20:45:49,2297447006766555,"fraud_Schiller, Blanda and Johnson",home,94.73,Laura,Walker,F,611 Michael Rue,Cisco,IL,61830,39.9972,-88.6962,478,Landscape architect,1960-01-13,415af6635085c33a8813339f9820af03,1345322749,40.045328000000005,-88.90395699999999,0,61756.0,Restaurants,In-store,5,00:26,61,Debit Card,164
352792,2019-06-14 19:19:21,6011504998544485,fraud_Bogisich-Weimann,kids_pets,53.17,Ashley,Whitney,F,4038 Smith Avenue,Jones,AL,36749,32.5104,-86.8138,1089,Materials engineer,1971-11-02,e2a3f096de24d3af072cd852723712f3,1339701561,32.866619,-87.77525,0,35441.0,Groceries,In-store,8,00:30,34,Mobile Payment,225
139944,2019-03-17 13:09:36,4379260813815979609,"fraud_Runte, Green and Emard",health_fitness,28.32,Thomas,Jenkins,M,93914 Gregory Via,Oakland,CA,94619,37.7878,-122.1884,381459,Barista,1974-01-03,0faa925a63a20abd4205e3a3934c2262,1331989776,37.770551,-121.380216,0,95376.0,Entertainment,Online,9,04:47,33,Mobile Payment,470
1263679,2020-06-09 06:05:26,4670613943676271,fraud_Bins-Tillman,entertainment,191.49,Bianca,Novak,F,0953 David Skyway,Cuthbert,GA,39840,31.7706,-84.7936,5726,Fitness centre manager,1947-08-14,6154b5c289620f9622fea3fb937140aa,1370757926,32.047778,-84.832025,0,31815.0,Restaurants,In-store,7,09:30,23,Debit Card,148
269142,2019-05-13 07:12:29,4509922033272157,fraud_Lockman Ltd,grocery_pos,93.98,Monica,West,F,22084 Smith Roads Suite 776,Hurley,SD,57036,43.2893,-97.1904,811,Neurosurgeon,1972-03-28,b8238aad880f09aedaeca8da0bc6b6ea,1336893149,42.313721,-97.340364,0,68771.0,Electronics,In-store,1,03:27,67,Credit Card,434
719761,2019-11-03 15:38:00,2283743876903625,fraud_Botsford Ltd,shopping_pos,620.4,Shannon,Williams,F,9345 Spencer Junctions Suite 183,Alpharetta,GA,30009,34.077,-84.3033,165556,Prison officer,1997-12-27,8a0508f3010ffbe0251d8971d2b08fbf,1351957080,33.910586,-85.007855,0,30153.0,Electronics,Online,4,09:58,69,Credit Card,217
1122951,2020-04-12 21:01:56,36722699017270,fraud_Connelly-Carter,home,70.89,Jessica,Perez,F,8172 Robertson Parkways Suite 072,Superior,AZ,85173,33.2887,-111.0985,2872,Petroleum engineer,1987-10-28,f05cbe75794c64d1f022bff79931b05c,1365800516,32.926306,-111.540058,0,85228.0,Groceries,Online,9,01:10,61,Mobile Payment,422
271117,2019-05-13 22:10:34,4302480582202074,"fraud_Effertz, Welch and Schowalter",entertainment,5.74,David,Rodriguez,M,821 Solis Points,Muskegon,MI,49440,43.2326,-86.2492,128715,Historic buildings inspector/conservation officer,1995-05-25,0401988daa373ec96eacd1965d08aaea,1336947034,43.641386,-86.424839,0,49436.0,Electronics,In-store,7,20:59,56,Mobile Payment,194
403610,2019-07-01 23:04:20,180084695172649,"fraud_Bahringer, Osinski and Block",food_dining,24.51,Holly,Mann,F,7644 Joseph Fields,Nokomis,IL,62075,39.3036,-89.2853,3458,Building surveyor,1985-12-08,3dd345188dd5ca386adbe1672512ac29,1341183860,38.817609,-89.355747,0,62253.0,Electronics,Online,2,00:16,33,Mobile Payment,468
444396,2019-07-16 17:12:16,3589289942931264,"fraud_O'Connell, Botsford and Hand",home,61.61,Paula,Estrada,F,350 Stacy Glens,Spencer,SD,57374,43.7557,-97.5936,343,"Development worker, international aid",1972-03-05,4f3f563efbf69a368a140c35a3c80b17,1342458736,44.192846,-96.679634,0,57002.0,Clothing,In-store,3,06:51,39,Mobile Payment,207
390969,2019-06-28 08:24:57,5359543825610251,fraud_Kling Inc,gas_transport,75.74,Michael,Francis,M,1833 Jeanette Stravenue,Belgrade,MT,59714,45.7801,-111.1439,18182,"Engineer, drilling",1975-06-29,66d647b805811a2cca76c35ebb65f458,1340871897,45.725058,-111.496421,0,59741.0,Entertainment,In-store,5,16:37,43,Debit Card,476
1100018,2020-04-02 13:06:08,4003989662068504,fraud_Ruecker-Mayert,kids_pets,87.11,Chris,White,M,98897 Bennett Lodge,Bessemer,AL,35022,33.3224,-86.9657,71463,Radio broadcast assistant,1989-02-08,78ac211e4a5401f217fd500b725e01ef,1364907968,32.376893,-86.211146,0,36109.0,Clothing,In-store,10,20:43,69,Mobile Payment,269
471901,2019-07-27 04:34:32,4584931703207308232,"fraud_Schumm, Bauch and Ondricka",grocery_pos,185.75,Amanda,Gomez,F,8152 Brittany Centers,Dallas,TX,75218,32.8463,-96.6972,1263321,"Designer, ceramics/pottery",1975-04-16,77eb1894148cf280923813b5f2c66c55,1343363672,33.45853,-96.280468,0,75490.0,Groceries,In-store,5,04:28,50,Debit Card,291
786542,2019-12-01 13:07:26,4958589671582726883,fraud_Prosacco LLC,personal_care,41.85,Aaron,Pena,M,793 Hooper Tunnel Suite 154,Burke,VA,22015,38.7894,-77.2818,43102,Health visitor,1950-11-27,0370a4db57eb6a4af117908b5b04409f,1354367246,39.275534,-77.621714,0,20180.0,Electronics,In-store,6,13:35,24,Credit Card,395
777513,2019-11-29 14:06:13,3524574586339330,"fraud_Haley, Jewess and Bechtelar",shopping_pos,1.96,Ashley,Cabrera,F,94225 Smith Springs Apt. 617,Vero Beach,FL,32960,27.633000000000003,-80.4031,105638,"Librarian, public",1986-05-07,53fc991b651be2e2703f4353b723ba74,1354197973,26.869511,-79.84559,0,,Clothing,In-store,6,01:36,67,Mobile Payment,80
523342,2019-08-13 13:53:22,4769426683924058915,"fraud_Feil, Hilpert and Koss",food_dining,54.52,Andrea,Cruz,F,26572 Hodge Villages Suite 512,Mifflin,PA,17058,40.5553,-77.4001,1909,Mining engineer,1954-08-22,71bcd0322e8ad3008538326ed6393469,1344866002,40.603452,-76.601449,0,17098.0,Clothing,In-store,1,12:41,38,Debit Card,128
337595,2019-06-09 04:30:27,2229824890647120,fraud_Parisian and Sons,gas_transport,60.96,Walter,Blair,M,44951 Williams Brooks,Pearlington,MS,39572,30.2508,-89.6011,1414,"Therapist, occupational",1958-02-17,02f61b4cfd227ad40645183a693394ad,1339216227,30.041970000000003,-89.834355,0,70129.0,Electronics,In-store,4,01:58,27,Mobile Payment,180
1179524,2020-05-07 15:16:31,4070511711385545,"fraud_Cronin, Kshlerin and Weber",health_fitness,100.43,Stephanie,Hopkins,F,44089 Carrie Crossing Suite 954,Falls City,TX,78113,28.9814,-98.0156,2435,"Engineer, mining",1967-04-09,f7b0b203d34ca97a6de39a4f441c8539,1367939791,29.567394,-98.933162,0,78056.0,Restaurants,Online,8,09:51,43,Debit Card,391
1197861,2020-05-15 22:02:01,375534208663984,fraud_Leannon-Ward,food_dining,58.66,Tyler,Garcia,M,408 Bradley Rest,Doe Hill,VA,24433,38.4207,-79.4629,99,Dance movement psychotherapist,1986-03-28,e0f0f1b29a96c36374d4848e8bdd06db,1368655321,38.875425,-78.49229,0,22664.0,Entertainment,In-store,6,10:06,36,Mobile Payment,446
878115,2019-12-21 23:26:30,4939976756738216,fraud_Kilback and Sons,entertainment,62.83,Michelle,Johnston,F,3531 Hamilton Highway,Roma,TX,78584,26.4215,-99.0025,18128,IT trainer,1990-11-07,cabc3051f2ccd3a7362bc5bcc34ad185,1356132390,25.94007,-98.45064,0,,Restaurants,In-store,9,04:54,39,Mobile Payment,399
519954,2019-08-12 11:14:28,4247921790666,fraud_Pagac LLC,shopping_pos,9.31,Judith,Moss,F,46297 Benjamin Plains Suite 703,Washington Court House,OH,43160,39.537,-83.455,22305,Television floor manager,1939-03-09,dd05391f85e167ff5ddd7226666e18e6,1344770068,40.055415,-82.98174499999999,0,43224.0,Clothing,In-store,6,07:12,68,Credit Card,58
635497,2019-09-27 22:10:24,213114122496591,fraud_Bode-Rempel,kids_pets,102.1,Jeremy,Perry,M,797 Jennifer Loop Suite 634,Minnesota Lake,MN,56068,43.8295,-93.8282,1087,Music tutor,1963-07-14,00f07db491cd8f4665856ba9324de696,1348783824,44.823049,-94.495309,0,55385.0,Groceries,In-store,2,14:40,35,Credit Card,363
776080,2019-11-28 18:02:24,4449530933957323,"fraud_Reinger, Weissnat and Strosin",food_dining,128.48,Felicia,Mckee,F,84079 Thomas Burgs,Tomales,CA,94971,38.2427,-122.9145,337,Occupational psychologist,1954-07-05,68f7a7913401d0da8e4a11b16b6b88d8,1354125744,38.857528,-123.323786,0,95494.0,Clothing,In-store,4,01:21,33,Credit Card,467
464355,2019-07-23 20:40:38,4586810168620942,fraud_Ruecker Group,misc_net,37.01,Michelle,Gregory,F,6983 Carrillo Isle,Edisto Island,SC,29438,32.5486,-80.307,2408,"Sales professional, IT",1997-07-05,0f67e21a5ef8dcbbb76cfdb20dad2f61,1343076038,32.816391,-80.51939,0,29474.0,Electronics,In-store,1,17:52,32,Debit Card,2
926978,2020-01-02 16:51:44,30518206766474,fraud_Roob-Okuneva,health_fitness,213.6,Tamara,Martinez,F,471 Marquez Prairie Suite 680,Matthews,MO,63867,36.7154,-89.6287,1019,Aeronautical engineer,1979-01-26,150dba8583ebd68ba66f8a0a82581763,1357145504,35.847581,-89.155377,0,38001.0,Restaurants,In-store,9,13:30,60,Mobile Payment,342
1039934,2020-03-07 16:15:54,2280870154157385,fraud_Johns Inc,entertainment,66.39,Katherine,Cooper,F,3854 Lauren Springs Suite 648,Oakford,IL,62673,40.0994,-89.9601,530,Transport planner,1967-09-23,104b569ab4b48b12bcf355d390f3d183,1362672954,40.453029,-89.47703100000001,0,61747.0,Restaurants,In-store,6,18:40,26,Mobile Payment,329
69917,2019-02-11 04:50:22,60422928733,fraud_McDermott-Rice,misc_pos,6.55,Jeffrey,Powers,M,38352 Parrish Road Apt. 652,North Augusta,SC,29860,33.6028,-81.9748,46944,Secondary school teacher,1942-04-02,4a44b710838556c762abb362aa1df424,1328935822,34.594053,-82.202026,0,29645.0,Restaurants,Online,6,00:43,61,Credit Card,10
696167,2019-10-24 11:11:17,30270432095985,fraud_Friesen-Stamm,gas_transport,26.07,Lisa,Lin,F,908 Brooks Brook,Lomax,IL,61454,40.6761,-91.0391,725,Environmental consultant,1972-11-28,bdf4e59cbb15a187eb72652759f0070a,1351077077,41.197237,-90.540189,0,61486.0,Entertainment,In-store,5,03:38,19,Debit Card,33
1188105,2020-05-11 12:58:35,4169759661243568,fraud_Waters-Cruickshank,health_fitness,67.22,Jamie,Carr,F,55363 Aaron Circle Suite 450,Lawn,PA,17041,40.2236,-76.538,213,Special educational needs teacher,1972-02-15,a1d5478b3e66ebd34d7b34132cdf00bf,1368277115,40.942820000000005,-76.869249,0,17837.0,Entertainment,Online,3,07:40,25,Debit Card,461
177984,2019-04-03 02:07:01,30371006069917,"fraud_Ferry, Lynch and Kautzer",misc_net,5.48,Robert,James,M,92021 Miranda Meadows,Tamaroa,IL,62888,38.138000000000005,-89.2231,2135,"Development worker, community",1961-01-31,779dc01a9b6d50a42781997b483edeba,1333418821,37.638419,-89.402666,0,62975.0,Clothing,Online,7,14:37,64,Debit Card,352
1243893,2020-06-02 07:24:52,4342532437704183,fraud_Hackett-Lueilwitz,grocery_pos,20.98,Kevin,Elliott,M,1852 Vincent Isle Suite 328,Newark Valley,NY,13811,42.2281,-76.1625,4354,Further education lecturer,1994-02-16,662376efbaa8b4be841660d525fc209e,1370157892,41.437051,-75.32652399999999,0,18436.0,Clothing,In-store,2,12:23,24,Mobile Payment,10
253507,2019-05-06 10:27:25,3565996340207976,"fraud_Kovacek, Dibbert and Ondricka",grocery_pos,46.46,Warren,Daniels,M,23656 Harris Gardens Suite 698,El Paso,TX,79906,31.8092,-106.4247,749635,Market researcher,1973-01-21,685d288882f1abbc8de5b5988cc3f8e7,1336300045,32.060747,-105.547853,0,,Restaurants,Online,6,01:05,55,Debit Card,467
1267969,2020-06-10 17:23:30,4764202053279782,fraud_Kuhn Group,food_dining,105.0,Derek,Jones,M,198 Candace Plaza,Diamond,OH,44412,41.0935,-81.0425,2644,Air cabin crew,1981-01-06,1d29bc7fe397829b0342a0794284f41d,1370885010,42.038916,-80.942008,0,,Electronics,Online,6,11:43,27,Credit Card,60
779968,2019-11-30 08:50:38,4220345354880,fraud_Flatley Group,misc_pos,113.57,Patrick,Torres,M,27386 Snyder Station,Oxford,MI,48371,42.8223,-83.2829,24840,Agricultural consultant,1960-01-20,d57168711315887c55361c5a107c6a28,1354265438,42.871268,-83.595426,0,48439.0,Restaurants,In-store,3,01:52,35,Mobile Payment,164
1254546,2020-06-06 15:48:17,374930071163758,"fraud_Altenwerth, Cartwright and Koss",shopping_net,38.9,Daniel,Escobar,M,61390 Hayes Port,Romulus,MI,48174,42.2203,-83.3583,31515,Police officer,1971-11-05,9ae61bd21ced57b0fb0dce5b5b51b563,1370533697,41.471745,-84.29835,0,43502.0,Electronics,In-store,10,08:15,66,Debit Card,279
454940,2019-07-20 23:41:09,503848303379,"fraud_Gottlieb, Considine and Schultz",shopping_net,4.48,Gregory,Wallace,M,27203 Darrell Landing,Saint James City,FL,33956,26.529,-82.0916,3776,Sport and exercise psychologist,1976-09-12,0bfbcfa0fed400bb0dba9df0a9541504,1342827669,26.64425,-81.236574,0,33935.0,Clothing,Online,9,12:44,56,Credit Card,122
20339,2019-01-13 09:09:50,4904681492230012,fraud_Friesen-D'Amore,gas_transport,70.15,Lisa,Lowe,F,574 David Locks Suite 207,Cottekill,NY,12419,41.8467,-74.1038,722,Comptroller,1990-10-19,782e35433464fb5a39bda40cda144914,1326445790,40.997386,-73.91884399999999,0,10964.0,Electronics,Online,4,22:41,28,Credit Card,389
225287,2019-04-23 21:58:42,30030380240193,fraud_Cartwright PLC,kids_pets,48.36,William,Jenkins,M,50614 Kevin Point,Harper,TX,78631,30.2816,-99.241,2395,"Pharmacist, community",1993-11-17,61874d555c3ca1d0300049b9c3e38a98,1335218322,29.437294,-98.331522,0,78244.0,Entertainment,Online,3,11:46,28,Credit Card,11
7166,2019-01-05 17:28:34,3573030041201292,fraud_Bogisich-Weimann,kids_pets,15.43,Joanne,Williams,F,3638 Marsh Union,Altonah,UT,84002,40.3207,-110.436,302,"Sales professional, IT",1990-01-17,d079e1c31b52da1f6073c24b234951ac,1325784514,41.203609,-110.32122,0,82937.0,Entertainment,Online,2,23:47,50,Debit Card,460
331081,2019-06-06 21:41:43,4708992452821239,fraud_Friesen Ltd,health_fitness,25.22,Jared,Walters,M,3326 Hannah Fords,Cord,AR,72524,35.8184,-91.3375,376,"Designer, ceramics/pottery",1938-09-08,e381438c7f0adbac22c2bc8b422afd42,1339018903,35.232516,-91.881487,0,72143.0,Clothing,Online,9,14:33,34,Mobile Payment,291
729982,2019-11-08 11:49:08,4607072969078276,"fraud_Kerluke, Kertzmann and Wiza",misc_net,8.45,Brenda,Perez,F,033 Tara Brook Suite 523,Coyle,OK,73027,35.8985,-97.2607,1493,Amenity horticulturist,1985-03-21,91c91a2d4e6f73ecdeeff2b08423a869,1352375348,35.952865,-97.529163,0,73028.0,Entertainment,In-store,6,02:44,62,Credit Card,447
1065188,2020-03-17 19:38:43,581293083266,fraud_Morissette LLC,entertainment,71.42,William,Thomas,M,39227 Mcpherson Shoals,Lahoma,OK,73754,36.385,-98.0727,1078,Podiatrist,1989-10-06,a00d7efd1313015fc4054ddb70f8aa1e,1363549123,36.472637,-97.838733,0,73753.0,Clothing,In-store,10,04:13,58,Mobile Payment,166
999613,2020-02-14 04:49:29,180046765320457,fraud_Miller-Hauck,grocery_pos,85.93,Jared,Camacho,M,4257 Perez Mall,Canton,OH,44702,40.8027,-81.3739,192805,Building control surveyor,1963-06-30,3e70d5ec4a2721a7dfc1716f6682663d,1360817369,40.989316,-81.385345,0,44685.0,Restaurants,In-store,1,07:30,26,Credit Card,27
1146662,2020-04-22 18:43:10,180068353086472,"fraud_Bernhard, Grant and Langworth",shopping_pos,5.95,Melissa,Flores,F,7529 Carter Well Suite 262,Huntington Beach,CA,92648,33.6773,-118.0051,190249,"Therapist, horticultural",1976-09-17,0cb964fe82e1207098737c1705cfd634,1366656190,34.228245,-118.618318,0,91304.0,Entertainment,Online,1,01:55,19,Credit Card,55
866330,2019-12-19 05:52:06,375248307838179,"fraud_Mosciski, Gislason and Mertz",grocery_pos,131.32,Joshua,Mendoza,M,4215 Miranda Field Suite 326,Tallmansville,WV,26237,38.8564,-80.158,571,Accounting technician,1967-09-16,2d79933b684dcd863aa7e1ea11b14af5,1355896326,39.14647,-80.328106,0,26385.0,Restaurants,In-store,2,19:06,40,Debit Card,419
778318,2019-11-29 23:01:08,4736845434667908128,"fraud_Schmeler, Bashirian and Price",shopping_net,828.37,Toni,Gomez,F,062 Carl Dam,Altona,NY,12910,44.8816,-73.6408,2148,"Surveyor, land/geomatics",1953-05-23,7b8a3547a8360a62d0ea2cfa9d9e1398,1354230068,45.734625,-74.15731099999999,1,,Electronics,Online,7,06:24,19,Credit Card,480
284277,2019-05-20 02:58:01,2248735346244816,fraud_Skiles-Ankunding,grocery_net,76.6,Jacob,Weber,M,29156 Mark Park Apt. 108,Utica,KS,67584,38.6411,-100.138,269,Product/process development scientist,1962-11-11,672594070f06f77954ad3491270a30a0,1337482681,39.169327,-100.19704,0,67752.0,Restaurants,Online,4,21:10,33,Credit Card,402
911327,2019-12-29 08:41:58,30551643947183,fraud_Barton Inc,grocery_pos,199.06,Morgan,Smith,F,1441 Bradley Place,Grover,NC,28073,35.1836,-81.4552,5621,Toxicologist,1973-11-14,3da45e6086a5a77955c0a83a94b79daf,1356770518,34.683814,-81.285814,0,29706.0,Groceries,In-store,9,00:39,63,Debit Card,392
750631,2019-11-17 11:27:16,3586008444788268,fraud_Wolf Inc,grocery_pos,217.25,Crystal,Fuller,F,000 Jennifer Mills,Issaquah,WA,98027,47.4974,-122.0107,50489,Osteopath,1984-02-29,1d6d45f7a7a48dc766ac695c294d0f6c,1353151636,48.085256,-122.429835,0,98260.0,Clothing,Online,2,15:57,33,Mobile Payment,419
422917,2019-07-08 20:33:45,676298633337,fraud_Gottlieb Group,kids_pets,127.12,Jessica,Werner,F,4529 Cannon Alley,Center Point,WV,26339,39.4125,-80.6352,255,Chief Executive Officer,1971-12-10,9b2444bd5ac1954f8256fb91baee63e4,1341779625,39.91928,-79.978542,0,15357.0,Restaurants,Online,7,03:47,18,Credit Card,26
611173,2019-09-16 13:59:51,4423489490781412,fraud_Brown Inc,kids_pets,55.79,Christopher,Ortega,M,5045 Emily Wall,Princeton,IA,52768,41.6858,-90.3706,1426,Agricultural consultant,1957-03-06,8e9a046456fee45c2c9075bc06650e83,1347803991,42.472902000000005,-89.503569,0,61070.0,Restaurants,Online,2,03:45,48,Credit Card,246
320927,2019-06-02 22:24:52,4900628639996,fraud_Schmidt-Larkin,home,37.29,Michael,Johnson,M,094 Owens Underpass,Norwalk,CA,90650,33.9056,-118.0818,105549,Firefighter,1973-09-22,e0936906032eb8b18665d1dfa3a54f0e,1338675892,34.5859,-118.548896,0,93532.0,Groceries,In-store,3,22:09,24,Credit Card,187
132827,2019-03-14 11:14:27,340953839692349,"fraud_Heller, Gutmann and Zieme",grocery_pos,74.06,Tyler,Wright,M,615 Clarke Spring Apt. 172,Warren,MI,48088,42.5164,-82.9832,134056,"Doctor, hospital",1980-05-18,2cf3fc03f2315d886d4531db312cd2f1,1331723667,41.868877000000005,-82.085098,0,,Entertainment,Online,2,19:23,43,Credit Card,100
1277533,2020-06-14 16:59:57,213136802746375,fraud_Kirlin and Sons,personal_care,38.16,Christine,Davis,F,736 Moss Motorway Suite 549,Humboldt,AZ,86329,34.5189,-112.2523,1179,"Civil engineer, contracting",1955-01-20,33803f5a75fc1a7313f97310c083dda3,1371229197,34.220493,-112.612097,0,86332.0,Entertainment,In-store,6,22:15,49,Debit Card,115
1159292,2020-04-28 10:49:52,342351256941125,fraud_Auer-Mosciski,grocery_pos,207.8,Rebecca,Obrien,F,5619 Mendoza Inlet,Juliette,GA,31046,33.1194,-83.8235,3343,Theatre manager,1990-06-08,87cb294227c2f651a6e85d8e71fad7c9,1367146192,33.087296,-84.54724,0,30218.0,Entertainment,In-store,1,17:43,35,Credit Card,309
1059650,2020-03-16 01:58:57,4294040533480516,fraud_Marks Inc,gas_transport,64.35,Gail,Weaver,F,979 Stewart Lake,New Ellenton,SC,29809,33.413000000000004,-81.69,2206,Biomedical scientist,1986-12-31,31dfa8a46344f8a0bbe0beadd13e9ce2,1363399137,32.51828,-82.60082,0,31002.0,Restaurants,Online,3,03:54,68,Mobile Payment,472
1180537,2020-05-08 04:45:23,4482427013979020,fraud_O'Keefe-Hudson,grocery_pos,128.24,Leslie,Ford,F,4938 Hatfield Course,Henderson,WV,25106,38.8265,-82.1364,642,Building services engineer,1946-08-30,b7ce39f2797aee976507e1aeab9cb096,1367988323,37.975048,-81.70330899999999,0,25093.0,Entertainment,Online,3,19:43,18,Debit Card,305
495149,2019-08-04 03:22:22,4727244663135968,fraud_Cole PLC,grocery_pos,117.73,Mary,Lewis,F,118 Justin Extension,Bay Minette,AL,36507,30.8635,-87.7644,19090,Science writer,1929-05-30,241dd178cc3b22e36e043bfa1f49c7ee,1344050542,31.476217,-87.96095600000001,0,36548.0,Restaurants,In-store,5,23:58,62,Debit Card,154
791475,2019-12-02 06:59:40,6538441737335434,fraud_Roob LLC,grocery_net,38.03,Gina,Grimes,F,444 Robert Mews,Clarks Mills,PA,16114,41.3851,-80.1752,606,Energy manager,1997-09-22,715f1949f2e149f63812a130299c0ea3,1354431580,42.239195,-80.226951,0,16505.0,Entertainment,Online,6,08:47,28,Mobile Payment,72
633109,2019-09-26 16:44:55,213153151785052,fraud_Dickinson Ltd,misc_pos,2.43,Rebecca,Conley,F,181 Moreno Light Apt. 215,Tomahawk,WI,54487,45.4963,-89.7273,9594,Seismic interpreter,1997-11-23,008532fdc19af625ac0f14ee8a50b605,1348677895,45.131416,-88.889845,0,54430.0,Restaurants,Online,5,18:19,41,Mobile Payment,165
5565,2019-01-04 15:12:55,3527536963490470,fraud_Sporer-Keebler,personal_care,7.48,Teresa,Stein,F,2838 White Fields Apt. 473,Brunson,SC,29911,32.9413,-81.1807,1725,Social researcher,1974-12-05,53883c610272e7116c534da3abc6cc39,1325689975,32.811498,-80.819141,0,29916.0,Restaurants,Online,9,01:45,62,Mobile Payment,299
732697,2019-11-09 15:18:37,38947654498698,fraud_Christiansen-Gusikowski,misc_pos,1.31,Lori,Rodriguez,F,12087 Michael Light,Creola,OH,45622,39.3543,-82.50299999999999,321,"Copywriter, advertising",1979-06-24,fe4013efdc4d8eba619937e85c14e5e4,1352474317,38.900685,-82.945347,0,45648.0,Electronics,Online,1,12:17,51,Debit Card,63
657990,2019-10-07 05:07:07,3535808924394848,fraud_Hackett-Lueilwitz,grocery_pos,109.77,Matthew,Myers,M,4936 Michelle Points,Tower Hill,IL,62571,39.39,-88.9597,1532,Radio broadcast assistant,1980-01-09,148614471e0d419992670b20d83bb38f,1349586427,38.717539,-88.210217,0,62868.0,Electronics,In-store,1,13:20,70,Credit Card,245
481723,2019-07-29 19:45:25,5104807169438134,"fraud_Welch, Rath and Koepp",entertainment,128.15,Regina,Johnston,F,641 Steven Mall Apt. 299,Westhampton Beach,NY,11978,40.8295,-72.6473,3255,Financial trader,1978-07-08,eb6123b313fc607235de58e56ce2a71a,1343591125,40.984697,-71.917528,0,11954.0,Restaurants,In-store,9,19:30,38,Credit Card,67
156269,2019-03-24 16:13:46,4653879239169997,fraud_Barton LLC,kids_pets,166.2,Monica,Tucker,F,302 Christina Islands,Smiths Grove,KY,42171,37.0581,-86.1938,6841,"Therapist, sports",1999-06-06,c3761fc090892ede6d76c1415e37d9b8,1332605626,37.301051,-85.33708399999999,0,42718.0,Electronics,In-store,9,12:34,38,Mobile Payment,102
902452,2019-12-27 15:36:33,2285066385084291,fraud_Frami Group,entertainment,2.35,Richard,Brown,M,17819 Jose Mount Suite 657,Heidelberg,MS,39439,31.882,-88.9981,4573,"Exhibitions officer, museum/gallery",1988-02-15,7152f0a2a4c158dd27082aa04b8a79ab,1356622593,30.906117,-88.33933,0,36587.0,Restaurants,In-store,10,13:40,69,Credit Card,410
1248615,2020-06-03 22:43:46,4538566639857,fraud_Kerluke-Abshire,shopping_net,1091.97,Jerry,Kelly,M,3539 Mckenzie Stream,Fairview,NJ,7022,40.817,-74.0,13835,"Programmer, multimedia",1967-05-28,4bc0da420e788a236fec555c610d2368,1370299426,41.466234,-74.132459,1,12575.0,Clothing,Online,3,10:25,28,Credit Card,0
1012163,2020-02-21 15:25:00,180094419304907,fraud_Schumm PLC,shopping_net,188.98,Sharon,Smith,F,17666 David Valleys,Sun City,CA,92585,33.7467,-117.1721,54287,"Designer, exhibition/display",1972-09-22,99d33c967a17d2540e5ebaf8a5d340c0,1361460300,33.226762,-117.972624,0,,Restaurants,Online,2,16:55,61,Credit Card,457
251812,2019-05-05 19:59:30,2720433095629877,fraud_Fadel Inc,health_fitness,131.39,Mark,Wood,M,854 Walker Dale Suite 488,Bowdoin,ME,4287,44.0575,-69.9656,3224,"Engineer, electronics",1997-08-22,9ee17b90b11effc260c3be18e28f289e,1336247970,44.428961,-70.694238,0,4255.0,Entertainment,Online,9,23:35,34,Mobile Payment,293
696233,2019-10-24 12:12:30,5104807169438134,fraud_Dietrich-Fadel,health_fitness,78.92,Regina,Johnston,F,641 Steven Mall Apt. 299,Westhampton Beach,NY,11978,40.8295,-72.6473,3255,Financial trader,1978-07-08,2ee2808c22faa4f05c8c1d7080c437c3,1351080750,41.34495,-71.97835,0,6355.0,Electronics,Online,5,18:52,48,Debit Card,440
2742,2019-01-02 09:12:58,6011382886333463,fraud_Cummings LLC,gas_transport,73.64,Martin,Duarte,M,6251 Payne Flats Apt. 581,Luzerne,MI,48636,44.6001,-84.2931,864,General practice doctor,1942-05-04,b4d349dc965189a049ae6f229af98503,1325495578,44.441106,-84.218492,0,48654.0,Groceries,Online,10,10:08,19,Mobile Payment,329
467236,2019-07-25 06:16:29,4862293128558,fraud_Skiles-Ankunding,grocery_net,29.37,Elizabeth,Payne,F,897 Daugherty Mission,Grassflat,PA,16839,41.0036,-78.1104,489,Pension scheme manager,1956-09-15,0a1925aa98e913e8ee28d1b1d303607a,1343196989,41.126008,-77.42286700000001,0,17745.0,Electronics,In-store,6,11:19,62,Debit Card,181
595862,2019-09-09 16:42:40,4173950183554608,fraud_Schiller Ltd,personal_care,72.17,Stephen,Marshall,M,47144 Roberts Keys,Monmouth Beach,NJ,7750,40.333,-73.9809,3279,Health promotion specialist,1978-10-05,da4a828c2e7183f4f6c1d44b024c2813,1347208960,40.217774,-74.599868,0,8691.0,Entertainment,In-store,6,00:24,44,Credit Card,446
250653,2019-05-05 12:46:29,378858024506425,fraud_Watsica LLC,personal_care,24.29,Debra,Eaton,F,72743 Brian Run,Paradise Valley,AZ,85253,33.5494,-111.9565,17047,Building surveyor,1935-01-29,ce4fcaab6435d023482a458b3882d449,1336221989,33.536641,-112.515811,0,85355.0,Restaurants,Online,10,20:06,18,Mobile Payment,89
1163108,2020-04-30 04:08:09,38199021865320,"fraud_Kuhic, Bins and Pfeffer",shopping_net,86.89,Jesse,Roberts,M,8415 Vaughn Squares Apt. 788,Acworth,NH,3601,43.196000000000005,-72.3001,477,Naval architect,1988-04-15,32bdd2714373b78031128be72dcad433,1367294889,43.939275,-73.272865,0,5770.0,Clothing,Online,4,03:49,23,Debit Card,119
988827,2020-02-07 21:48:05,5152054598359927,"fraud_McDermott, Osinski and Morar",home,26.74,Jim,Johnson,M,868 Brady Mill Apt. 837,Gretna,LA,70056,29.8872,-90.0331,55581,Biomedical scientist,1972-09-12,31d7d573a00387cad10e2cbf9742de3e,1360273685,30.819541,-89.891696,0,70427.0,Groceries,In-store,3,19:34,38,Mobile Payment,227
518562,2019-08-12 00:03:49,30235438713303,fraud_Hudson-Ratke,grocery_pos,44.2,James,Baldwin,M,3603 Mitchell Court,Winfield,WV,25213,38.5072,-81.89,5512,Exhibition designer,1980-03-24,41f31751f6ed8a8bca66fcfabbedea0d,1344729829,39.061882,-82.02560600000001,0,45769.0,Electronics,In-store,8,20:14,35,Debit Card,56
531780,2019-08-17 06:18:16,3565196229855512,fraud_Schuppe LLC,entertainment,117.67,Adriana,Harvey,F,715 Joy Prairie,Unionville,MO,63565,40.4815,-92.9951,3805,"Investment banker, corporate",1950-09-15,fc1d02edb5b3d37e244baaffb164a813,1345184296,40.839246,-93.135828,0,52583.0,Restaurants,Online,6,21:57,25,Mobile Payment,379
795480,2019-12-02 21:40:49,4642255475285942,"fraud_Cremin, Hamill and Reichel",misc_pos,2.93,Sabrina,Johnson,F,320 Nicholson Orchard,Thompson,UT,84540,38.9999,-109.615,46,"Surveyor, minerals",1987-04-23,0bf88a9a36634069382a08f00bcd59f6,1354484449,38.227741,-109.876295,0,,Clothing,Online,10,10:28,31,Mobile Payment,158
93292,2019-02-24 22:06:37,377654590313960,"fraud_Hettinger, McCullough and Fay",home,29.43,Lawrence,Davis,M,7421 Serrano Lane Apt. 580,Powell,TN,37849,36.0435,-84.04,25459,"Teacher, special educational needs",1969-02-22,111615aac19f7768ef1adc7a0dbfef05,1330121197,35.426148,-84.241461,0,37385.0,Clothing,Online,6,19:02,23,Credit Card,445
930822,2020-01-04 22:54:10,4745996322265,fraud_Reynolds-Schinner,misc_pos,50.05,Carrie,Washington,F,6114 Adams Harbor Suite 096,Kingsford Heights,IN,46346,41.4802,-86.6919,1423,"Psychologist, forensic",1998-10-07,80e9538583bb66c4151bbb228b30fb2b,1357340050,40.996567,-87.558802,0,60912.0,Clothing,In-store,3,13:58,20,Credit Card,190
266237,2019-05-12 10:37:44,573860193545,fraud_Wolf Inc,grocery_pos,64.87,Cristian,Jones,M,0423 Kirby Field Suite 623,Wilmette,IL,60091,42.0765,-87.7246,27020,Trade mark attorney,1986-07-23,1c6baac9b864be5bd9bc22c3db8f6ab6,1336819064,42.644453000000006,-88.112219,0,53168.0,Electronics,In-store,2,14:21,36,Credit Card,193
1132866,2020-04-16 23:20:21,4642255475285942,"fraud_Lowe, Dietrich and Erdman",kids_pets,169.35,Sabrina,Johnson,F,320 Nicholson Orchard,Thompson,UT,84540,38.9999,-109.615,46,"Surveyor, minerals",1987-04-23,3809f10e0c38ef0ee32730d8bb8dd333,1366154421,39.19943,-110.068659,0,,Restaurants,In-store,7,13:01,33,Credit Card,141
693240,2019-10-22 17:20:17,213161293389774,fraud_Johnston-Casper,travel,7.43,Catherine,Weber,F,74890 Rodriguez Springs Apt. 540,West Henrietta,NY,14586,43.0397,-77.6871,10256,"Teacher, primary school",1968-06-24,d4ac9448ca383f274a3c3439e74bcf6f,1350926417,42.042409,-78.66449399999999,0,14753.0,Electronics,In-store,3,04:42,27,Credit Card,232
403401,2019-07-01 21:53:03,4951647200979051,fraud_Predovic Inc,shopping_net,6.87,Kimberly,Miller,F,75533 Tamara Valleys,Logan,IL,62856,37.9943,-88.9417,324,"Scientist, research (physical sciences)",1976-06-15,8bfea38303a28450a095b115c896bdd4,1341179583,38.137247,-89.536344,0,62237.0,Groceries,Online,6,11:28,53,Debit Card,320
318195,2019-06-02 07:20:43,6554245334757802,fraud_Jast-McDermott,shopping_pos,9.46,Monique,Robinson,F,07712 Marcus Divide Apt. 831,Laguna Hills,CA,92637,33.615,-117.7114,45303,Sales executive,1969-12-22,2cc2c74ac0007793daaeb0f0f375dcd4,1338621643,33.281803000000004,-118.696008,0,,Entertainment,In-store,6,06:45,20,Mobile Payment,132
925637,2020-01-01 16:10:08,4379260813815979609,fraud_Quitzon-Goyette,home,42.33,Thomas,Jenkins,M,93914 Gregory Via,Oakland,CA,94619,37.7878,-122.1884,381459,Barista,1974-01-03,5ba7a95de05554d46f1f7321fc4d83d6,1357056608,37.42228,-122.766259,0,,Entertainment,Online,4,18:39,23,Mobile Payment,491
408881,2019-07-04 14:00:36,4481131401752,"fraud_Kutch, Steuber and Gerhold",food_dining,9.92,Frank,Foster,M,37910 Ward Lights,Shrewsbury,MA,1545,42.2848,-71.7205,35299,English as a second language teacher,1975-04-30,437f14ce08ef20f5560667568cd18628,1341410436,41.895535,-71.776385,0,2825.0,Clothing,In-store,2,22:55,20,Mobile Payment,422
618939,2019-09-20 15:30:37,3553629419254918,fraud_Bahringer-Streich,food_dining,7.25,Sharon,Johnson,F,7202 Jeffrey Mills,Conway,WA,98238,48.34,-122.3456,85,"Research officer, political party",1984-09-01,0f2e5c75015b0182170e9e39d884c47a,1348155037,48.399587,-122.295197,0,98273.0,Electronics,Online,7,00:27,64,Credit Card,263
341938,2019-06-10 08:09:25,4671727014157745,fraud_Ledner-Pfannerstill,gas_transport,39.8,Kenneth,Edwards,M,3653 Ryan Crossroad,Andrews,IN,46702,40.8618,-85.6067,2304,Retail banker,1955-07-25,a2d05d05aa3fa1851c892a7babd2b2f3,1339315765,40.933944,-84.962688,0,46745.0,Restaurants,Online,4,18:32,69,Debit Card,470
619083,2019-09-20 17:09:10,676148621961,fraud_Roob-Okuneva,health_fitness,4.08,Jennifer,Vega,F,91644 Crystal Drives,Eagarville,IL,62023,39.1118,-89.7855,91,Materials engineer,1962-11-18,eec7ad73f9c05f0270d912ad24f074a2,1348160950,38.983696,-90.658696,0,62006.0,Entertainment,In-store,9,14:13,33,Mobile Payment,276
1242968,2020-06-02 00:10:33,630425673344,fraud_Dare-Marvin,entertainment,84.22,Bryan,Miller,M,411 Laurie Fords,Cass,WV,24927,38.388000000000005,-79.9906,365,Special effects artist,1970-03-14,4441ddf8112ab9ca4fc763d52a972b08,1370131833,37.980744,-80.87320600000001,0,25831.0,Groceries,Online,9,17:53,33,Mobile Payment,423
994509,2020-02-10 14:27:00,374125201044065,"fraud_Walter, Hettinger and Kessler",personal_care,62.81,Christopher,Gilbert,M,20937 Reed Lakes Apt. 271,Washington,DC,20012,38.9757,-77.0282,601723,"Optician, dispensing",1970-07-20,92ac4f752edc728c14043f50a9aac443,1360506420,38.519812,-76.205848,0,21648.0,Entertainment,Online,2,06:46,59,Credit Card,475
963945,2020-01-24 06:03:03,630412733309,fraud_Pouros-Conroy,shopping_pos,18.64,Heather,Stanton,F,445 Jerry Lights Apt. 081,Republic,MI,49879,46.368,-87.9938,1038,Armed forces training and education officer,1964-04-22,0ec6426d4187d60c312f9d62499b4aa1,1359007383,45.682342,-88.26360600000001,0,54119.0,Restaurants,Online,10,10:50,53,Credit Card,239
243725,2019-05-02 11:56:04,676173792455,"fraud_Moen, Reinger and Murphy",grocery_pos,88.36,Brittany,Cox,F,07177 William Dale Apt. 547,Santa Monica,CA,90403,34.0287,-118.4924,92043,"Civil engineer, contracting",1961-04-25,e32264fd35d7cc356e632be3d9e95784,1335959764,34.941498,-118.519441,0,,Electronics,Online,8,17:44,18,Mobile Payment,434
994617,2020-02-10 15:20:08,4640395708703,fraud_Wilkinson LLC,personal_care,21.74,Melissa,Krause,F,67632 Martin Gateway,Fordoche,LA,70732,30.6576,-91.6264,1178,Community education officer,1951-06-13,2ca01ede843031911bb29f7aeb3f665a,1360509608,30.06988,-90.707195,0,70071.0,Restaurants,In-store,8,20:02,21,Mobile Payment,175
299550,2019-05-26 13:51:31,4427805710168,"fraud_Terry, Johns and Bins",misc_pos,2.61,Michelle,Rodriguez,F,1742 Brandon Squares Apt. 461,Ruidoso,NM,88355,33.3305,-105.6933,8874,Licensed conveyancer,2000-08-16,c862494f38535ddf4f632df67938ae89,1338040291,34.167924,-106.05781100000002,0,,Entertainment,In-store,5,20:43,32,Debit Card,260
1005104,2020-02-16 23:01:01,675945690716,"fraud_Mosciski, Ziemann and Farrell",shopping_net,2.44,Ellen,Smith,F,285 George Lake,Beaver Falls,PA,15010,40.7687,-80.3592,28425,Podiatrist,2000-06-09,6fe967ad431b348256e604ca1b1cd87d,1361055661,40.176861,-81.157331,0,43983.0,Electronics,Online,3,15:10,34,Credit Card,81
1060810,2020-03-16 12:35:49,2264937662466770,fraud_Conroy Ltd,shopping_pos,82.48,Juan,Sherman,M,5939 Garcia Forges Suite 297,San Antonio,TX,78214,29.3641,-98.4924,1595797,Land,1995-10-17,5c17dfff4c8f6f34523e55a57ee1f0fa,1363437349,30.235396,-97.566201,0,78725.0,Groceries,In-store,1,04:08,40,Debit Card,235
762793,2019-11-23 02:20:44,378278619832195,fraud_Kerluke-Abshire,shopping_net,54.42,Mary,Mcintyre,F,77921 Costa Villages,Eugene,OR,97403,44.0385,-123.0614,191096,"Scientist, physiological",1964-04-06,37f5746bd29da2ee7627688819508ced,1353637244,43.205244,-122.15113999999998,0,97447.0,Entertainment,In-store,4,04:58,69,Credit Card,216
228439,2019-04-25 17:49:45,5104807169438134,fraud_Jacobi and Sons,shopping_pos,8.53,Regina,Johnston,F,641 Steven Mall Apt. 299,Westhampton Beach,NY,11978,40.8295,-72.6473,3255,Financial trader,1978-07-08,ed86c195d42125656a18cb3ae4d917ab,1335376185,40.855744,-72.22970600000001,0,11937.0,Entertainment,In-store,2,20:11,24,Mobile Payment,276
911196,2019-12-29 08:01:30,3575789281659026,"fraud_Lind, Huel and McClure",gas_transport,66.6,Lindsay,Wilson,F,7618 Gonzales Mission,Centerview,MO,64019,38.7897,-93.8702,2368,Electronics engineer,1989-07-17,a5540f9d18f03f55863917d922550aa5,1356768090,38.567778,-92.932706,0,65329.0,Entertainment,In-store,5,09:30,34,Debit Card,386
39450,2019-01-23 23:29:27,4855488158131690372,fraud_Douglas-White,entertainment,68.58,Jeremy,Roberson,M,25887 Martin Inlet,Graniteville,VT,5654,44.1554,-72.4847,970,Agricultural consultant,1993-09-29,e26dd2c839bfa22a7540eff899ea9daf,1327361367,45.042,-72.588717,0,5476.0,Clothing,In-store,1,02:31,54,Credit Card,6
757910,2019-11-20 11:26:08,376028110684021,fraud_Kuhn LLC,shopping_pos,144.92,Aaron,Murray,M,624 Hale Springs Apt. 572,Meadville,MO,64659,39.7795,-93.3014,964,Tourist information centre manager,1974-12-23,4834eb0761716831880e8a7b2089f37b,1353410768,40.311039,-92.582801,0,63546.0,Groceries,In-store,9,04:54,30,Mobile Payment,307
832498,2019-12-11 14:20:25,3591919803438423,"fraud_Runolfsdottir, Mueller and Hand",entertainment,61.02,Brian,Williams,M,32941 Krystal Mill Apt. 552,Titusville,FL,32780,28.5697,-80.8191,54767,Set designer,1987-07-25,310aa0a89ee1bbcac5247bfe4fa043c4,1355235625,29.129386,-81.683286,0,32702.0,Groceries,Online,1,20:54,48,Debit Card,162
442755,2019-07-15 21:56:52,36078114201167,"fraud_Witting, Beer and Ernser",home,7.86,Christopher,Horn,M,956 Sanchez Highway,Mallie,KY,41836,37.2692,-82.9161,798,Facilities manager,1926-06-26,7063729b70f9b2e1d1a72d24bc952878,1342389412,37.032675,-82.55516,0,24293.0,Groceries,Online,1,03:01,69,Credit Card,41
195557,2019-04-11 00:59:44,676314217768,fraud_Pfeffer LLC,grocery_net,72.41,Ellen,Carrillo,F,9431 Amanda Mills,Odessa,MO,64076,38.9829,-93.9757,9512,Clinical research associate,1972-12-31,74bb55bc80402e942e25b5dc57ca0536,1334105984,39.142898,-93.877462,0,64067.0,Groceries,In-store,2,00:36,25,Debit Card,194
340485,2019-06-09 21:50:14,4683638447911,fraud_Spencer PLC,entertainment,74.87,Daniel,Boyd,M,8925 Nicholas Points,Egan,LA,70531,30.251,-92.5002,1261,Broadcast presenter,1972-07-01,261f6c5f0ab7e87a4ef896b754fe1e79,1339278614,29.515445,-91.635098,0,,Groceries,Online,10,06:05,19,Debit Card,21
755431,2019-11-18 21:34:26,5388659976630693,fraud_Schaefer Ltd,kids_pets,85.92,Charles,Preston,M,5364 William Harbor,Seneca,WI,54654,43.2064,-90.9405,153,Quantity surveyor,1962-02-14,c7925ec3bc2d57c5f779837b2c72cbb8,1353274466,43.808047,-90.333222,0,54638.0,Groceries,In-store,6,03:52,70,Credit Card,43
978068,2020-02-01 13:34:10,6554245334757802,fraud_Schumm PLC,health_fitness,27.01,Monique,Robinson,F,07712 Marcus Divide Apt. 831,Laguna Hills,CA,92637,33.615,-117.7114,45303,Sales executive,1969-12-22,8abbdebc7a4a5a614ca49037f9238e72,1359725650,34.21386,-118.061504,0,91024.0,Groceries,In-store,8,04:25,47,Mobile Payment,417
1016346,2020-02-23 16:04:07,2720830304681674,fraud_Wiza LLC,misc_pos,20.39,Melissa,Aguilar,F,21326 Taylor Squares Suite 708,Clarksville,TN,37040,36.522,-87.34899999999999,151785,Pathologist,1974-03-28,0f1ec86afa5c4d130164401c6d432ce9,1361635447,36.116715,-88.027762,0,38333.0,Restaurants,Online,8,10:36,26,Mobile Payment,430
167222,2019-03-29 21:31:19,30199621383748,fraud_Yost-Rogahn,personal_care,89.78,Theresa,Powell,F,117 Natasha Vista Suite 936,Leonard,TX,75452,33.4044,-96.2238,4090,Sub,1977-03-23,02fc502cc79dc771dd0b0156247cc2b0,1333056679,33.457546,-95.591116,0,75450.0,Entertainment,Online,8,21:43,60,Debit Card,482
813641,2019-12-07 18:11:17,180067151859700,"fraud_Weimann, Kuhic and Beahan",shopping_pos,8.48,Karen,Ryan,F,82468 Michelle Village Suite 556,Joliet,IL,60432,41.5378,-88.0572,128354,"Teacher, secondary school",1992-01-20,d392925763c49a390d477f49c37b3112,1354903877,42.333112,-88.77024,0,61065.0,Groceries,Online,10,02:39,38,Credit Card,34
922372,2019-12-31 04:34:29,344342339068828,fraud_Christiansen-Gusikowski,misc_pos,29.39,Ruth,Fuller,F,37732 Joe Courts Apt. 752,Darien,GA,31305,31.3826,-81.4312,5989,Tax adviser,1967-05-05,3b54ba4627a023860384231379d66e29,1356928469,31.688117,-82.300529,0,31513.0,Groceries,In-store,7,04:15,52,Mobile Payment,94
792151,2019-12-02 10:25:00,3512365128314616,fraud_Miller-Hauck,grocery_pos,56.42,Francisco,Kemp,M,9554 Flores Drive,Arnold,MO,63010,38.4305,-90.387,35439,Land/geomatics surveyor,1985-03-31,4b2e678893327f585da6388787b67dc5,1354443900,39.318138,-89.416495,0,62094.0,Electronics,Online,9,22:58,56,Mobile Payment,266
998265,2020-02-13 04:27:32,571844099986,fraud_Friesen-Stamm,gas_transport,65.33,Susan,Mills,F,005 Cody Estates,Louisville,KY,40202,38.2507,-85.7476,736284,Engineering geologist,1952-04-02,1861ec79edff33d6a9c30ad9c993fc4f,1360729652,37.876037,-86.65324100000001,0,40111.0,Groceries,Online,8,01:20,55,Debit Card,231
499714,2019-08-05 07:42:41,3562679455732797,"fraud_Reichert, Shanahan and Hayes",shopping_net,1.33,Amanda,Jones,F,7320 Jennifer Forges,Queenstown,MD,21658,39.0026,-76.1424,3862,Maintenance engineer,1962-12-06,9602fa774dd68c13e18c330f49e54099,1344152561,38.181469,-75.274149,0,21841.0,Electronics,Online,4,13:14,53,Debit Card,105
894314,2019-12-25 08:23:14,4653879239169997,fraud_Padberg-Welch,grocery_pos,38.69,Monica,Tucker,F,302 Christina Islands,Smiths Grove,KY,42171,37.0581,-86.1938,6841,"Therapist, sports",1999-06-06,84355c22d69b39efc0347d8b20826d01,1356423794,36.620411,-85.552128,0,42151.0,Groceries,Online,6,00:12,36,Mobile Payment,118
630044,2019-09-24 21:06:00,675990301623,fraud_Thiel PLC,misc_pos,49.33,Amanda,Spencer,F,6682 Green Forks,Ogdensburg,NJ,7439,41.0767,-74.5982,2456,Senior tax professional/tax inspector,1994-03-13,89c8556e8fc7cb745a7e91d1ce4ac7f2,1348520760,41.508642,-75.27972,0,18431.0,Clothing,In-store,6,04:58,20,Mobile Payment,303
9591,2019-01-06 23:04:40,4861310130652566408,fraud_Lubowitz-Walter,kids_pets,29.74,Ashley,Cruz,F,65417 Walsh Radial Suite 691,Saint Amant,LA,70774,30.2385,-90.8435,10076,"Surveyor, rural practice",1977-12-16,419a3d5b396248fc64c28980f7dafe6b,1325891080,29.935488,-90.291517,0,70031.0,Entertainment,Online,2,18:03,29,Mobile Payment,374
184811,2019-04-06 15:11:26,4229733778084049,fraud_Streich Ltd,home,28.74,Tyler,Mills,M,7838 Jason Squares,Elizabethtown,KY,42701,37.6848,-85.8784,48194,Surgeon,1990-05-03,93809e3a61494f7074fd78a4f3f25f0a,1333725086,38.180202,-85.01415,0,40076.0,Restaurants,In-store,9,09:25,35,Debit Card,155
1270324,2020-06-11 20:28:34,4335531783520911,fraud_Schmitt Ltd,misc_net,7.51,Amy,Daugherty,F,852 Thomas Well Suite 339,Owensville,MO,65066,38.3511,-91.4867,6703,Naval architect,1998-05-20,50f65dc0f31f696cfc08893a92ed6a45,1370982514,37.529064,-90.816852,0,63656.0,Restaurants,Online,3,14:49,46,Credit Card,442
833693,2019-12-11 21:20:23,3534330126107879,fraud_Rippin-VonRueden,health_fitness,72.11,Jeffrey,Smith,M,713 Scott Pike Apt. 712,Bridger,MT,59014,45.2857,-108.9082,1446,Chartered loss adjuster,1978-01-15,b1ed32baad7c04ea5907e1787fd81882,1355260823,45.379603,-109.399892,0,59071.0,Entertainment,Online,7,07:14,44,Credit Card,403
272950,2019-05-15 01:26:23,3599237318576484,fraud_Volkman Ltd,misc_net,2.39,Jessica,Smith,F,06808 Ryan Valleys,Dubre,KY,42731,36.8421,-85.5396,341,Insurance risk surveyor,1932-11-19,adaeacb7ef077a3dc1f0dddfa8819df5,1337045183,36.504819,-84.991776,0,38577.0,Electronics,Online,5,04:27,26,Credit Card,125
379837,2019-06-23 21:09:58,213178765398315,"fraud_Baumbach, Feeney and Morar",shopping_net,20.56,Alan,Colon,M,748 Bryan Fields Suite 935,Riverton,WY,82501,43.0351,-108.2024,19408,"Lecturer, higher education",1993-09-11,e0c5401eda6a9a4955569f29424f1499,1340485798,43.421064,-108.07542,0,,Electronics,Online,8,17:21,42,Debit Card,224
1027271,2020-03-01 21:56:20,2714019737356678,fraud_Stiedemann Inc,misc_pos,177.53,Christina,Moore,F,542 Finley Ports Apt. 396,West Finley,PA,15377,39.9914,-80.4408,724,Theme park manager,1995-08-30,1665fb138675b4ac225273ed59c0e1ce,1362174980,40.782503000000005,-80.86658,0,44423.0,Clothing,Online,1,06:51,63,Credit Card,383
1012715,2020-02-21 22:44:30,4158008602445,fraud_Wilkinson LLC,personal_care,30.41,Alicia,Miller,F,976 Hubbard Lodge,Randolph,MN,55065,44.5274,-93.0196,1201,Barrister,1979-12-27,0331a8ae50967167b28e9187a3b39f7b,1361486670,45.174245,-92.471534,0,54026.0,Electronics,In-store,4,03:15,63,Credit Card,77
1277875,2020-06-14 19:09:09,6517217825320610,"fraud_Koss, Hansen and Lueilwitz",home,38.23,James,Reese,M,26975 Richardson Mills Apt. 402,Sontag,MS,39665,31.6453,-90.1801,1196,"Librarian, academic",1958-06-11,374e5c67867e901d8f66f33558c5378b,1371236949,32.355994,-89.305,0,39092.0,Restaurants,Online,5,06:34,33,Credit Card,495
688543,2019-10-20 19:43:59,376445266762684,"fraud_Tillman, Fritsch and Schmitt",misc_net,50.35,Rachel,Lowe,F,372 Jeffrey Course,Sutherland,NE,69165,41.1558,-101.136,1789,Insurance broker,1982-02-11,8a36e90e2b0e7530305c6a97292534d8,1350762239,42.007033,-101.578853,0,69366.0,Electronics,Online,4,06:44,37,Debit Card,405
264854,2019-05-11 21:39:46,6011104316292105,"fraud_Goyette, Howell and Collier",shopping_pos,8.04,Valerie,Davis,F,3861 Anderson Ramp Apt. 536,Drakes Branch,VA,23937,36.9688,-78.5615,1970,Energy engineer,1985-09-02,29810c945b1e9d16dc696a78156a74bb,1336772386,36.674099,-77.569229,0,23847.0,Entertainment,In-store,4,22:17,21,Mobile Payment,110
382564,2019-06-24 15:04:50,340951438290556,"fraud_Little, Gutmann and Lynch",shopping_net,65.68,Maria,Garcia,F,865 Thomas Village,Orangeburg,NY,10962,41.0442,-73.9609,5950,Records manager,1971-07-02,fd6169eb00315ce3210b79c2dd89b406,1340550290,41.48846,-74.613427,0,12729.0,Clothing,In-store,10,20:51,20,Debit Card,235
693382,2019-10-22 19:16:09,4424338559877976,fraud_Medhurst Inc,home,15.99,Denise,Barnett,F,23220 Eaton Harbors,Kirby,OH,43330,40.813,-83.4196,118,Private music teacher,1957-11-12,24cd0d4622bdd5d2a2ead0df1b583e10,1350933369,41.458038,-84.386882,0,43557.0,Clothing,Online,2,22:41,23,Mobile Payment,158
682243,2019-10-18 11:54:59,4497451418073897078,"fraud_Tillman, Dickinson and Labadie",gas_transport,81.77,Elizabeth,Glover,F,246 Stewart Green Suite 149,West Monroe,LA,71291,32.5317,-92.176,54185,"Radiographer, diagnostic",1992-11-20,72222b665da5fdc78cc4c1f5b797e5f4,1350561299,32.12597,-91.257873,0,71357.0,Entertainment,Online,10,04:09,61,Mobile Payment,482
685433,2019-10-19 19:36:05,4681601008538160,fraud_Renner Ltd,home,42.56,Tammy,Davis,F,77663 Colleen Freeway,Moundsville,WV,26041,39.9148,-80.73100000000001,16183,Physiotherapist,1977-08-12,63770d5045d3d99aa0881d89c32bd2c6,1350675365,39.79879,-80.216297,0,15362.0,Groceries,In-store,8,05:40,46,Credit Card,209
781896,2019-11-30 17:07:36,346273234529002,fraud_Dietrich-Fadel,health_fitness,65.19,Donna,Moreno,F,32301 Albert River Suite 364,Ronceverte,WV,24970,37.7418,-80.4626,4575,Statistician,1991-10-22,8affa1f546d3f80eab55689aac5da3ae,1354295256,36.866564,-81.456148,0,24311.0,Electronics,In-store,9,20:29,48,Credit Card,246
390716,2019-06-28 04:49:02,3501365119557234,fraud_Herzog Ltd,misc_pos,42.23,Danielle,Allen,F,87198 Macias Drive Suite 389,Loving,NM,88256,32.274,-104.0914,1925,Educational psychologist,1952-05-26,0c81d259bec48e9978be3d23ad34b1a7,1340858942,31.749498,-103.310828,0,,Restaurants,Online,4,04:48,24,Debit Card,45
821738,2019-12-09 00:26:42,3595111028444131,fraud_Kutch and Sons,grocery_pos,148.12,Jeffery,Sanders,M,5278 Sarah Station Apt. 009,Cardwell,MO,63829,36.0434,-90.2907,1120,Television floor manager,1957-04-17,a3cc431f74e7d0b80cc7eafdff3e4f15,1355012802,36.691622,-89.75895899999999,0,63870.0,Groceries,Online,1,21:52,30,Mobile Payment,31
378593,2019-06-23 14:49:14,4469777115158234880,"fraud_Baumbach, Strosin and Nicolas",shopping_pos,4.96,Gregory,Graham,M,4005 Dana Glens,Methuen,MA,1844,42.728,-71.181,47249,Market researcher,1980-11-22,7f81ae4178c507683c3ed5b64502d5f0,1340462954,42.519674,-71.688695,0,1464.0,Clothing,In-store,7,04:42,61,Debit Card,270
1055375,2020-03-14 07:46:36,4179719215697782,fraud_Collier Inc,grocery_net,80.25,Belinda,Jimenez,F,6807 Jacob Skyway Apt. 331,Rockwell,IA,50469,43.0032,-93.2167,1574,"Scientist, audiological",1982-12-27,01aa8a7724ee84c604431888ea8b2880,1363247196,42.972427,-93.891588,0,50430.0,Groceries,In-store,2,11:22,39,Mobile Payment,219
971574,2020-01-27 21:36:42,30029052116970,"fraud_Dare, Casper and Bartoletti",kids_pets,98.24,Curtis,Young,M,4319 Watson Shoals Suite 658,Falconer,NY,14733,42.1239,-79.1895,3833,Metallurgist,1970-10-09,06a2c6dc4d1705530f8ed5af47d1919c,1359322602,42.234168,-79.018063,0,14726.0,Groceries,In-store,3,01:54,56,Debit Card,389
87128,2019-02-20 20:07:32,4449530933957323,fraud_Breitenberg LLC,travel,4.09,Felicia,Mckee,F,84079 Thomas Burgs,Tomales,CA,94971,38.2427,-122.9145,337,Occupational psychologist,1954-07-05,e1d2e1335a931e3114719a12b908884d,1329768452,37.346331,-123.180676,0,,Clothing,In-store,8,07:31,29,Credit Card,271
509213,2019-08-09 05:18:00,6011348830550197,"fraud_Stokes, Christiansen and Sipes",grocery_net,22.63,Samuel,Johnston,M,16285 Jessica Lights,Birmingham,AL,35229,33.4629,-86.7904,493806,Musician,1980-07-12,f5e99d7ff2006fbcd0efade3335010d4,1344489480,33.335227,-86.683881,0,35043.0,Electronics,In-store,9,03:42,39,Debit Card,47
41479,2019-01-25 15:17:23,3537797820923602,"fraud_Lesch, D'Amore and Brown",food_dining,70.78,Christie,Mendoza,F,53142 Katrina Roads Suite 889,Monitor,WA,98836,47.4852,-120.4158,584,Medical technical officer,1969-03-20,308998051685e26132e0cdff8d47572e,1327504643,47.3746,-120.309909,0,98801.0,Clothing,In-store,2,06:50,62,Debit Card,147
664980,2019-10-10 17:00:07,3590736522064285,"fraud_Ruecker, Beer and Collier",shopping_net,492.0,Kimberly,Gonzalez,F,72966 Shannon Pass Apt. 391,Bauxite,AR,72011,34.5091,-92.4828,4074,"Scientist, audiological",1975-12-20,a6da54ff4da7e766b4ce7f4f47d00a6e,1349888407,34.024072,-91.620034,0,71643.0,Restaurants,In-store,8,02:42,62,Debit Card,377
855231,2019-12-16 09:28:38,343668971234893,fraud_Powlowski-Weimann,food_dining,82.1,Sally,Moore,F,835 Reese Views Suite 884,Hopkins,SC,29061,33.9349,-80.8449,13717,Chiropodist,1949-11-16,973861e97a8c86bfaeef5b053f2f67d2,1355650118,33.209432,-81.7439,0,29831.0,Groceries,In-store,5,03:32,68,Mobile Payment,51
107913,2019-03-03 10:29:52,4430881574719618,fraud_Heathcote LLC,shopping_net,4.43,Alicia,Morales,F,4456 Dunn Roads,Meredith,CO,81642,39.3199,-106.6596,61,Public relations account executive,1939-11-04,761659f3f5bc14537391d3d7aec4a26c,1330770592,39.627982,-106.138173,0,80498.0,Entertainment,Online,7,13:55,45,Credit Card,196
468484,2019-07-25 18:44:39,6011367958204270,fraud_Schulist Ltd,food_dining,74.03,Tammy,Ayers,F,1652 James Mews,Hinckley,OH,44233,41.2419,-81.7453,7646,Medical sales representative,1988-09-15,80518e2291f1abd5cc45a7a4596a7abf,1343241879,41.691516,-82.333809,0,,Restaurants,Online,4,07:12,23,Credit Card,199
474176,2019-07-27 20:52:27,675909898057,fraud_Kutch-Wilderman,home,64.67,Christopher,Henry,M,1198 Robert Stravenue Apt. 479,Armonk,NY,10504,41.136,-73.7009,7987,Television/film/video producer,1964-03-16,5235f3d34a123cbb22f293cdb2343240,1343422347,40.321865,-72.86924499999999,0,,Electronics,Online,2,12:20,31,Mobile Payment,113
1280491,2020-06-15 12:41:33,3521417320836166,"fraud_Roberts, Ryan and Smith",personal_care,4.34,Angela,Hodges,F,08236 Kim Hill,Indianapolis,IN,46254,39.849,-86.272,910148,Firefighter,1975-11-30,de25912d8bcee7fa489b2295215e5686,1371300093,40.613423,-87.150446,0,47971.0,Restaurants,Online,3,11:21,56,Debit Card,30
725833,2019-11-06 01:14:10,2288748891690227,"fraud_Christiansen, Goyette and Schamberger",gas_transport,88.96,Kathleen,Heath,F,9297 Victor Rest Apt. 382,Albuquerque,NM,87116,35.0561,-106.5506,641349,Charity officer,1967-01-24,458bfaae9d53fccb7181ad1c1227e2a4,1352164450,34.841203,-107.198737,0,,Electronics,In-store,2,02:11,43,Credit Card,399
129452,2019-03-12 08:08:50,630423337322,"fraud_Zieme, Bode and Dooley",gas_transport,45.06,Stephanie,Gill,F,43039 Riley Greens Suite 393,Orient,WA,99160,48.8878,-118.2105,149,Special educational needs teacher,1978-06-21,389ff0d755a1532e59348b4314c755ff,1331539730,49.127741,-119.049649,0,,Clothing,In-store,9,15:10,59,Credit Card,427
245159,2019-05-03 05:40:13,60422928733,"fraud_Jenkins, Hauck and Friesen",gas_transport,63.82,Jeffrey,Powers,M,38352 Parrish Road Apt. 652,North Augusta,SC,29860,33.6028,-81.9748,46944,Secondary school teacher,1942-04-02,fc60ff5d9da8c4b46d914731d3510548,1336023613,32.777408,-81.327313,0,29932.0,Entertainment,Online,4,05:06,24,Credit Card,368
1237395,2020-05-31 14:42:58,6011438889172900,fraud_Thompson-Gleason,health_fitness,59.41,Allison,Allen,F,40624 Rebecca Spurs,De Witt,AR,72042,34.2853,-91.3336,5161,Electrical engineer,1993-04-08,1e846c1475ed9b00fcb82de77850478a,1370011378,34.616395000000004,-91.630518,0,72072.0,Electronics,Online,10,06:07,69,Debit Card,145
338045,2019-06-09 08:15:19,3560697798177746,fraud_Jast and Sons,food_dining,78.14,Matthew,Young,M,8840 Miller Port Suite 645,Indian Wells,CA,92210,33.7163,-116.3381,4677,Learning mentor,1955-05-06,1c91d777e15513bb8d5a3e7aec042319,1339229719,33.201896000000005,-115.797396,0,,Groceries,Online,6,09:42,41,Debit Card,458
1077831,2020-03-23 18:16:56,4745996322265,fraud_Pouros-Conroy,shopping_pos,84.04,Carrie,Washington,F,6114 Adams Harbor Suite 096,Kingsford Heights,IN,46346,41.4802,-86.6919,1423,"Psychologist, forensic",1998-10-07,d17bc7f8bfe95adbba0698c00bbe447a,1364062616,40.876722,-86.02946999999999,0,46926.0,Clothing,In-store,6,12:23,47,Mobile Payment,265
368338,2019-06-19 22:14:43,180068353086472,fraud_Volkman-Predovic,shopping_net,395.33,Melissa,Flores,F,7529 Carter Well Suite 262,Huntington Beach,CA,92648,33.6773,-118.0051,190249,"Therapist, horticultural",1976-09-17,0ee152af8e5954fd031c15a0ce7c0f04,1340144083,33.220638,-118.074164,0,,Groceries,Online,10,22:25,34,Debit Card,144
735545,2019-11-10 14:51:29,2296006538441789,"fraud_Brown, Homenick and Lesch",health_fitness,39.34,Judy,Hogan,F,4970 Michelle Burgs,Brooklyn,NY,11217,40.6816,-73.9798,2504700,Medical sales representative,1999-09-01,8c957ca95007b8f962bcdea883a7e665,1352559089,41.670294,-74.686267,0,12701.0,Groceries,In-store,4,15:32,18,Credit Card,96
1047721,2020-03-10 10:14:22,213124978348176,fraud_Kuhn LLC,misc_net,183.14,Steven,Arnold,M,079 Chelsea Rest,Belfast,NY,14711,42.32,-78.0943,1766,Mechanical engineer,1962-06-04,1b14757a06d66f10629f81cc321c7326,1362910462,41.430832,-78.427481,0,15821.0,Clothing,Online,5,03:17,56,Mobile Payment,264
225961,2019-04-24 08:49:34,6547670341037171,"fraud_Kutch, Hermiston and Farrell",gas_transport,46.47,Bryce,Joseph,M,148 Baker Field,Chester Heights,PA,19017,39.8839,-75.4669,348,Management consultant,1945-05-05,cd496f5e2fb8c9b593ba057194b47662,1335257374,40.375185,-76.152238,0,19567.0,Clothing,Online,8,07:21,31,Mobile Payment,447
504955,2019-08-07 08:13:18,4855488158131690372,fraud_Berge LLC,gas_transport,65.45,Jeremy,Roberson,M,25887 Martin Inlet,Graniteville,VT,5654,44.1554,-72.4847,970,Agricultural consultant,1993-09-29,253b4fc23adb9922a035b3107ad5809a,1344327198,44.162961,-73.259815,0,5491.0,Entertainment,In-store,10,21:34,46,Debit Card,95
1010227,2020-02-20 05:10:21,348379466427142,fraud_Vandervort-Funk,grocery_pos,108.37,Michael,Rowe,M,7428 Martinez Flats,Melbourne,FL,32935,28.1384,-80.6524,139650,Database administrator,1957-01-23,2a3e7881d052ea42638951245216db0c,1361337021,29.022385,-79.921389,0,,Electronics,In-store,7,03:41,45,Debit Card,160
929932,2020-01-04 14:10:16,4990494243023,fraud_Douglas-White,entertainment,107.41,Martin,Ford,M,56812 Francis Courts,Corriganville,MD,21524,39.6967,-78.8031,626,Energy engineer,1960-12-13,e8f0b05bfc81e11c17d6727db7a876c4,1357308616,40.528589,-79.45535500000001,0,15618.0,Clothing,Online,7,14:52,64,Credit Card,293
792944,2019-12-02 13:27:52,3564839259330465,"fraud_Prosacco, Kreiger and Kovacek",home,53.12,Robert,Ashley,M,1250 Christopher Prairie Suite 016,Port Costa,CA,94569,38.046,-122.1866,198,Armed forces training and education officer,1959-03-31,dbb0a3b79913444507f990f81a2c5c8c,1354454872,39.045939,-121.343386,0,95692.0,Entertainment,In-store,8,11:25,33,Debit Card,305
353076,2019-06-14 21:39:07,676372984911,"fraud_Roberts, Daniel and Macejkovic",kids_pets,7.04,Vicki,Mendoza,F,3645 Atkins Island Apt. 238,Esbon,KS,66941,39.7562,-98.4462,242,Tourism officer,1987-07-18,63e3118dd35993268c62fa83a58c20f8,1339709947,40.193127,-99.160841,0,68971.0,Electronics,In-store,7,23:05,60,Credit Card,258
1153442,2020-04-26 12:03:46,372246459334925,fraud_Reilly and Sons,health_fitness,35.88,Rick,Martinez,M,062 Poole Hollow Apt. 815,Deadwood,SD,57732,44.3566,-103.6999,1979,Multimedia programmer,1970-03-13,b5a5aecd9b365f9717b55cb2d11f44db,1366977826,44.016473,-103.050749,0,57703.0,Restaurants,In-store,3,09:07,56,Credit Card,60
147576,2019-03-20 20:17:26,3575540972310993,"fraud_Kutch, Steuber and Gerhold",food_dining,9.18,Rachel,Villarreal,F,250 Carrie Throughway,University,MS,38677,34.3396,-89.5736,4198,Curator,2001-06-22,44d20faf6ca69d71f385554b9708fb1f,1332274646,34.754495,-88.697661,0,,Electronics,Online,9,19:23,22,Credit Card,433
930524,2020-01-04 19:46:00,3567697931646329,fraud_Medhurst Inc,home,78.24,John,Stevens,M,428 Morgan River,Hudson,NY,12534,42.247,-73.7552,17867,Travel agency manager,1998-07-29,93c9511b211799ec5259bf82b7f201ff,1357328760,42.298038,-73.295851,0,1238.0,Restaurants,Online,3,21:46,47,Credit Card,206
357691,2019-06-16 07:09:23,4855488158131690372,fraud_Heller-Langosh,gas_transport,72.14,Jeremy,Roberson,M,25887 Martin Inlet,Graniteville,VT,5654,44.1554,-72.4847,970,Agricultural consultant,1993-09-29,0e17810304a4e9f7168adf788190fc1a,1339830563,43.293222,-72.614,0,5143.0,Electronics,Online,2,08:56,63,Debit Card,201
1034535,2020-03-04 14:28:23,4474324669797121,fraud_Kozey-Kuhlman,personal_care,8.61,Matthew,Russell,M,168 Michael Coves Suite 343,June Lake,CA,93529,37.7773,-119.0825,633,Health service manager,1927-09-09,d2b29f3dae69094589dbf49cbc271900,1362407303,36.908967,-119.151846,0,93602.0,Clothing,Online,6,01:10,22,Credit Card,272
548953,2019-08-23 07:55:15,3544606805704278,fraud_Kuphal-Predovic,misc_net,2.69,Carolyn,Thomas,F,755 Solis Isle Suite 075,New Memphis,IL,62266,38.4857,-89.6816,254,Magazine journalist,1952-05-07,79cd97d8a49e1ee4026e471aeaa2f347,1345708515,38.798356,-90.259393,0,63033.0,Restaurants,In-store,8,16:29,45,Mobile Payment,197
386233,2019-06-26 03:02:46,4646845581490336108,fraud_Kiehn-Emmerich,grocery_pos,201.13,Julia,Bell,F,576 House Crossroad,West Sayville,NY,11796,40.732,-73.1,4056,Film/video editor,1990-06-25,244fe6104362f1d9e3c48a4948017bd8,1340679766,39.775589,-74.038234,0,8752.0,Clothing,Online,6,06:09,45,Mobile Payment,105
713016,2019-10-31 20:19:50,4708992452821239,fraud_Feil-Morar,health_fitness,10.82,Jared,Walters,M,3326 Hannah Fords,Cord,AR,72524,35.8184,-91.3375,376,"Designer, ceramics/pottery",1938-09-08,5e04ccf07ff5ae8fc8ec49cc9c95e6c5,1351714790,36.315743,-91.929538,0,72583.0,Groceries,In-store,9,19:56,49,Mobile Payment,14
215603,2019-04-20 07:43:43,38580485618059,"fraud_Streich, Hansen and Veum",gas_transport,54.45,Teresa,Clark,F,1323 Derek Mission,Noonan,ND,58765,48.8856,-103.0098,248,Industrial/product designer,1968-05-13,baa4b7ac54ea97ffb8c5d90baa9cbe16,1334907823,48.166771,-103.533189,0,58801.0,Electronics,In-store,6,03:58,39,Debit Card,113
1250238,2020-06-04 18:17:42,4025612008285111,"fraud_Berge, Kautzer and Harris",personal_care,40.63,Krystal,Key,F,23142 Montoya Island Apt. 742,Corsica,PA,15829,41.1762,-79.1976,1274,Maintenance engineer,1949-03-20,81a5df1047cc33745affe7f7e9239150,1370369862,41.412605,-78.270236,0,15821.0,Groceries,In-store,8,03:45,51,Mobile Payment,22
1124402,2020-04-13 09:07:21,4428780983793657331,"fraud_Nicolas, Hills and McGlynn",entertainment,12.3,Richard,Waters,M,7683 Natasha Way Apt. 945,Waukesha,WI,53186,42.9993,-88.2196,95015,"Therapist, occupational",1946-01-02,115e5b82fce643bf3ce8d3535707c886,1365844041,42.083537,-88.792303,0,60145.0,Entertainment,Online,4,23:49,33,Credit Card,205
1226290,2020-05-26 20:52:09,3598304579370089,"fraud_Willms, Kris and Bergnaum",shopping_pos,8.02,Vincent,Flowers,M,0189 Emily Prairie,Wichita,KS,67232,37.6395,-97.1714,409656,Heritage manager,1985-12-27,3acac915eec778c9df8b9aef211ed003,1369601529,38.134338,-97.861874,0,67502.0,Groceries,In-store,5,20:04,38,Debit Card,494
1145678,2020-04-22 01:38:21,213163860545705,fraud_Turner and Sons,shopping_pos,149.19,Mark,Tyler,M,82201 Bradley Radial Suite 703,Avera,GA,30803,33.141,-82.515,741,Claims inspector/assessor,1986-04-28,ca12729f689fb43863ab4358f044b863,1366594701,32.746709,-82.49261,0,31049.0,Groceries,Online,2,22:29,51,Mobile Payment,410
102729,2019-03-01 05:19:37,4769426683924058915,"fraud_Raynor, Feest and Miller",gas_transport,73.68,Andrea,Cruz,F,26572 Hodge Villages Suite 512,Mifflin,PA,17058,40.5553,-77.4001,1909,Mining engineer,1954-08-22,d32df4a0f21aed7d7599103c5adc123f,1330579177,40.06098,-77.378151,0,17266.0,Clothing,In-store,7,20:15,62,Debit Card,218
731320,2019-11-09 01:54:05,4010002218955876,fraud_Kuhic Inc,grocery_pos,193.37,Jennifer,Bishop,F,589 Matthew Brooks,Houston,TX,77026,29.7972,-95.3288,2906700,Animator,1983-08-24,b157bca708302280657f2990dfb98df8,1352426045,30.621053000000003,-96.17394,0,77845.0,Entertainment,Online,2,15:06,31,Credit Card,40
1045455,2020-03-09 16:33:34,2296006538441789,fraud_Kutch-Wilderman,home,6.6,Judy,Hogan,F,4970 Michelle Burgs,Brooklyn,NY,11217,40.6816,-73.9798,2504700,Medical sales representative,1999-09-01,19e253fe45c886f1cb5c162effb05941,1362846814,39.685374,-73.15677600000001,0,,Electronics,In-store,10,17:33,34,Debit Card,170
1104953,2020-04-05 03:27:33,571314334723,"fraud_Christiansen, Goyette and Schamberger",gas_transport,56.18,Lori,Mclean,F,4548 Werner Wells Apt. 441,Mc Clellandtown,PA,15458,39.8882,-79.8694,2379,"Sales professional, IT",1971-01-19,dcb951aba230741fc38233e868947601,1365132453,39.313555,-79.87414799999999,0,26440.0,Electronics,Online,5,03:07,60,Mobile Payment,103
330415,2019-06-06 16:29:26,4839615922685395,fraud_Hills-Boyer,personal_care,47.34,Phillip,Robertson,M,85344 Smith Gateway Apt. 280,Harrodsburg,IN,47434,39.013000000000005,-86.5457,76,Social researcher,1955-05-06,f3ae4ebe6d0c6d3028a180f43bbb5f9c,1339000166,39.6335,-86.63018100000001,0,46180.0,Clothing,In-store,6,09:25,37,Credit Card,145
964637,2020-01-24 17:52:20,3533742182628021,fraud_Ankunding LLC,shopping_net,15.91,Robert,Haynes,M,857 Aaron Circles Suite 398,Johns Island,SC,29455,32.8357,-79.8217,20478,Materials engineer,1997-06-04,8a9504cbafcead97fd4aad3a0dd440b6,1359049940,32.104378999999994,-79.276588,0,,Electronics,Online,4,11:35,18,Mobile Payment,25
189665,2019-04-08 03:46:05,4961003488432306,fraud_Berge LLC,gas_transport,55.92,Stacy,Walsh,F,324 Donna Ridge Suite 651,Cressona,PA,17929,40.6284,-76.195,1606,Ecologist,1966-05-10,44519067b73745fbef1a282e556c7249,1333856765,41.159483,-75.837304,0,18707.0,Electronics,In-store,4,05:42,28,Debit Card,83
838837,2019-12-13 08:14:28,30518196150127,"fraud_Raynor, Reinger and Hagenes",gas_transport,88.11,Karen,Sullivan,F,6313 Scott Trace,Rossville,IL,60963,40.3625,-87.6692,1807,"Buyer, retail",1975-06-02,c25868836e067c5bf63597cd87df6d40,1355386468,39.943896,-88.591143,0,61813.0,Groceries,Online,4,20:13,51,Credit Card,18
1103115,2020-04-04 06:06:38,4384910379661778,"fraud_Mosciski, Ziemann and Farrell",shopping_net,119.89,Michelle,Russell,F,55505 Christy Via,Hawley,MN,56549,46.9777,-96.4092,4508,Naval architect,1949-04-24,28b60ec7cfd63220156c6b359d93aa8a,1365055598,46.057029,-97.077969,0,58053.0,Groceries,Online,1,05:43,67,Debit Card,268
118034,2019-03-07 22:27:05,2450829271795901,fraud_Bartoletti and Sons,personal_care,2.69,Timothy,Kirby,M,7309 Sophia Causeway Suite 702,Sauk Rapids,MN,56379,45.604,-94.1591,16163,Hydrographic surveyor,1987-02-22,501607a1b627ae106f0652d137ce482d,1331159225,46.044162,-93.166988,0,55007.0,Clothing,Online,5,17:25,36,Debit Card,287
1192683,2020-05-12 21:50:45,577588686219,fraud_Lynch Ltd,shopping_pos,168.63,James,Strickland,M,25454 Leonard Lake,Spring Church,PA,15686,40.6153,-79.4545,972,Public relations account executive,1997-10-23,352a770f13cee0b7653f3afcbd07298a,1368395445,40.14448,-79.203524,0,15677.0,Clothing,Online,3,14:59,37,Mobile Payment,41
845661,2019-12-14 19:39:46,4509142395811241,fraud_Bode-Rempel,kids_pets,30.8,Margaret,Williams,F,165 Jerry Meadows Suite 460,Surrency,GA,31563,31.6489,-82.1982,1324,"Engineer, technical sales",1926-07-12,e40ec05792445ca08d4994f484c68b1a,1355513986,31.411836,-81.944122,0,31543.0,Electronics,In-store,5,23:14,52,Debit Card,426
460061,2019-07-22 08:14:59,4992346398065154184,fraud_Auer-Mosciski,grocery_pos,135.26,Benjamin,Kim,M,920 Patrick Light,Mc Nabb,IL,61335,41.173,-89.2187,532,Audiological scientist,1956-01-09,400d67aef7de6a1e9aef18ba4ce5ff4a,1342944899,41.070355,-89.203754,0,61336.0,Groceries,In-store,10,17:54,44,Debit Card,78
987535,2020-02-06 23:00:54,213157767990030,fraud_Donnelly LLC,entertainment,31.35,Tara,Campbell,F,05050 Rogers Well Apt. 439,Rock Springs,WY,82901,41.606,-109.23,27971,Music therapist,1984-08-01,5cc5432ce3f284cabd92ff3cff88b683,1360191654,41.69813,-109.257219,0,82901.0,Electronics,In-store,1,03:47,69,Credit Card,390
1200994,2020-05-17 11:56:22,3551217896304745,fraud_Schmeler Inc,misc_pos,211.73,Sara,Harris,F,597 Jenny Ford Apt. 543,Tupper Lake,NY,12986,44.232,-74.4905,6120,Chartered loss adjuster,1976-10-09,8c890b34bee675cc94ad3553c8a2e0a4,1368791782,44.677881,-74.22880699999999,0,12969.0,Entertainment,Online,5,08:18,50,Credit Card,352
1111430,2020-04-07 06:56:54,3514865930894695,"fraud_Ruecker, Beer and Collier",shopping_net,4.98,Christopher,Castaneda,M,1632 Cohen Drive Suite 639,High Rolls Mountain Park,NM,88325,32.9396,-105.8189,899,Naval architect,1967-08-30,cf6ea7d0bb1aa92aecbe1123fc75bfc7,1365317814,32.545886,-105.408128,0,88344.0,Entertainment,In-store,7,01:10,54,Debit Card,486
519615,2019-08-12 08:29:02,4259996134423,fraud_Wiza LLC,misc_pos,56.55,Julie,Johnson,F,9331 Robert Passage Suite 327,Hudson,KS,67545,38.1485,-98.6408,215,Probation officer,1968-11-22,31ac5857be2b106a990116ea71490204,1344760142,37.651202000000005,-99.045994,0,67059.0,Clothing,Online,3,11:43,31,Mobile Payment,141
263040,2019-05-11 06:16:33,3519232971341141,fraud_Harris Inc,gas_transport,93.25,Michael,Jones,M,754 Smith Isle,Amsterdam,OH,43903,40.4731,-80.9596,2208,Mental health nurse,1961-09-10,143a85570a369b0c604c2647638e305d,1336716993,39.566125,-81.634782,0,45721.0,Entertainment,In-store,5,14:16,49,Mobile Payment,45
1195468,2020-05-14 15:22:52,3530503964418806,fraud_Jakubowski Inc,home,9.78,David,Nichols,M,0638 Fred Ramp Suite 086,Palmdale,CA,93552,34.5715,-118.0231,171170,Chemical engineer,1963-06-04,cbb68212f9603dd1a433a09c2f7b3f8e,1368544972,33.738828000000005,-118.861376,0,,Restaurants,In-store,6,09:11,62,Debit Card,362
465095,2019-07-24 06:10:20,630424987505,fraud_Brown PLC,misc_net,3.0,Jennifer,Black,F,2870 Bean Terrace Apt. 756,Thomas,WV,26292,39.1505,-79.503,836,Forensic psychologist,1981-08-29,bc5b632b6b4647d8b31aa1fe93d716f6,1343110220,38.697848,-79.29099699999999,0,26807.0,Restaurants,Online,2,17:48,55,Credit Card,138
926368,2020-01-02 05:05:14,374930071163758,fraud_Luettgen PLC,gas_transport,75.73,Daniel,Escobar,M,61390 Hayes Port,Romulus,MI,48174,42.2203,-83.3583,31515,Police officer,1971-11-05,5e89df91f87d7bc4788749fd62a4dfd4,1357103114,41.247114,-83.188737,0,43407.0,Clothing,Online,8,05:38,52,Mobile Payment,432
650996,2019-10-04 17:38:28,4319584480204988982,fraud_Parker-Kunde,personal_care,5.22,Kathleen,Nash,F,010 Salazar Walk,Cromona,KY,41810,37.1788,-82.695,502,Chief Financial Officer,1960-02-01,88c1744b3ead62793c1e19f6e392259c,1349372308,36.69068,-83.52014399999999,0,40813.0,Restaurants,In-store,6,14:18,29,Credit Card,376
1113804,2020-04-07 23:26:56,30199621383748,fraud_Lemke-Gutmann,shopping_net,6.2,Theresa,Powell,F,117 Natasha Vista Suite 936,Leonard,TX,75452,33.4044,-96.2238,4090,Sub,1977-03-23,017dd5bf9be5e94797f7f43d8dfaad8e,1365377216,32.60011,-96.476732,0,75114.0,Electronics,In-store,8,06:09,57,Mobile Payment,146
577813,2019-09-01 22:39:00,3587960728692500,fraud_Spencer PLC,entertainment,57.43,Kathy,Hughes,F,02110 Lucas Freeway Suite 517,Battle Creek,IA,51006,42.3327,-95.6045,1075,"Teacher, early years/pre",1997-01-02,9a67c5b193717c8ed36a535d95de5cb1,1346539140,41.635907,-95.014395,0,51543.0,Electronics,Online,7,22:14,25,Mobile Payment,396
202030,2019-04-14 01:03:56,60416207185,fraud_Huels-Hahn,gas_transport,55.26,Mary,Diaz,F,9886 Anita Drive,Fort Washakie,WY,82514,43.0048,-108.8964,1645,Information systems manager,1986-02-17,556b580eca91deae59e973d6795c1eb5,1334365436,43.647774,-108.905541,0,,Restaurants,Online,5,11:30,65,Debit Card,410
820648,2019-12-08 21:04:29,6011367958204270,"fraud_Towne, Greenholt and Koepp",shopping_net,23.12,Tammy,Ayers,F,1652 James Mews,Hinckley,OH,44233,41.2419,-81.7453,7646,Medical sales representative,1988-09-15,ba75fd3f81bb5462a96659ca55c833d7,1355000669,41.642368,-80.818074,0,44084.0,Clothing,In-store,8,06:30,63,Credit Card,458
250671,2019-05-05 12:56:06,30442439074871,fraud_Stoltenberg-Beatty,shopping_pos,247.59,Linda,Sanchez,F,6574 William Hill Apt. 375,Jermyn,PA,18433,41.5744,-75.5881,6508,Training and development officer,1981-06-22,674ead82c3f4cf62073910e9e11523f7,1336222566,41.952342,-76.516143,0,18810.0,Entertainment,Online,5,05:59,23,Debit Card,390
215748,2019-04-20 09:22:36,213120463918358,fraud_Erdman-Kertzmann,gas_transport,79.75,Willie,Jordan,M,529 West Key,Spearsville,LA,71277,32.955,-92.587,1758,"Psychologist, forensic",1957-08-08,7edb00510730fe6a2d9bf4799c1a1e44,1334913756,32.874427000000004,-92.795166,0,71079.0,Groceries,Online,4,00:27,34,Mobile Payment,113
32636,2019-01-20 13:47:49,2296006538441789,fraud_Lubowitz-Walter,kids_pets,13.52,Judy,Hogan,F,4970 Michelle Burgs,Brooklyn,NY,11217,40.6816,-73.9798,2504700,Medical sales representative,1999-09-01,ad8e36873f5deb95974689e2d9dd1f3c,1327067269,40.86242,-74.838382,0,7840.0,Entertainment,Online,10,18:02,41,Credit Card,165
981498,2020-02-02 23:49:03,213157767990030,fraud_Dooley Inc,shopping_pos,659.31,Tara,Campbell,F,05050 Rogers Well Apt. 439,Rock Springs,WY,82901,41.606,-109.23,27971,Music therapist,1984-08-01,3d8d4ef0f70601999599f6e5bac08e98,1359848943,41.516168,-109.821937,0,,Clothing,In-store,3,17:16,39,Mobile Payment,421
612240,2019-09-16 20:30:36,6011149206456997,"fraud_Welch, Rath and Koepp",entertainment,95.9,Jeffrey,White,M,8617 Holmes Terrace Suite 651,Tuscarora,MD,21790,39.2667,-77.5101,100,"Production assistant, television",1979-12-11,cd770f085c542aa115c0db2fc3dce425,1347827436,38.316826,-76.614807,0,20650.0,Electronics,Online,2,02:02,64,Credit Card,474
1223660,2020-05-26 04:23:03,4158008602445,"fraud_Towne, Walker and Borer",grocery_net,39.53,Alicia,Miller,F,976 Hubbard Lodge,Randolph,MN,55065,44.5274,-93.0196,1201,Barrister,1979-12-27,0a3656854a838421f19f00127dced389,1369542183,43.870826,-92.924496,0,55940.0,Entertainment,In-store,7,15:41,40,Credit Card,360
675614,2019-10-14 18:30:39,570273151375,fraud_Deckow-Dare,food_dining,28.84,Peter,Edwards,M,96122 Steven Flat,Allentown,GA,31003,32.6064,-83.2095,112,"Lecturer, higher education",1965-02-03,6f80161159849a9c0682fd717468091b,1350239439,31.708144,-83.571391,0,31790.0,Clothing,Online,5,15:20,30,Debit Card,295
603235,2019-09-13 19:01:20,38947654498698,fraud_Rau-Grant,kids_pets,41.44,Lori,Rodriguez,F,12087 Michael Light,Creola,OH,45622,39.3543,-82.50299999999999,321,"Copywriter, advertising",1979-06-24,81bc17543072c883ee6fa7bdf7ff0b5b,1347562880,40.2586,-82.78282800000001,0,43074.0,Restaurants,Online,3,11:37,21,Credit Card,11
613605,2019-09-17 15:12:53,4642255475285942,fraud_Volkman PLC,food_dining,39.65,Sabrina,Johnson,F,320 Nicholson Orchard,Thompson,UT,84540,38.9999,-109.615,46,"Surveyor, minerals",1987-04-23,a9ce4941e054276de1da41d0a74cff9f,1347894773,39.909334,-109.654515,0,,Clothing,Online,3,21:24,55,Debit Card,160
1252923,2020-06-05 21:24:10,4861310130652566408,"fraud_Fadel, Mertz and Rippin",entertainment,51.24,Ashley,Cruz,F,65417 Walsh Radial Suite 691,Saint Amant,LA,70774,30.2385,-90.8435,10076,"Surveyor, rural practice",1977-12-16,a37ad25d252789a3ffdfa752489293b8,1370467450,30.760765000000003,-91.489076,0,70760.0,Entertainment,Online,1,17:10,63,Credit Card,266
212826,2019-04-18 21:46:31,3589289942931264,fraud_Macejkovic-Lesch,shopping_pos,8.78,Paula,Estrada,F,350 Stacy Glens,Spencer,SD,57374,43.7557,-97.5936,343,"Development worker, international aid",1972-03-05,eb5a6724e82c7e8cea7f755ba51f8d3d,1334785591,44.108258,-97.959789,0,57314.0,Entertainment,Online,3,11:16,46,Mobile Payment,354
1156222,2020-04-27 11:23:27,3520550088202337,fraud_Dach-Borer,grocery_net,51.08,Micheal,Walters,M,15315 Vaughn Park Suite 356,Hovland,MN,55606,47.8342,-90.0476,272,Freight forwarder,2001-07-05,c3b98ccb06f5bad262f64ba6a425a106,1367061807,47.854426,-89.554123,0,55605.0,Restaurants,Online,8,00:21,64,Mobile Payment,489
914120,2019-12-29 18:39:30,342952484382519,fraud_Kihn-Fritsch,food_dining,26.08,Kayla,Jones,F,6033 Young Track Suite 804,East Canaan,CT,6024,42.0158,-73.2913,647,Comptroller,1987-09-26,873115dc22e06c77a48b06c8c818c11c,1356806370,42.18648,-72.89871099999999,0,1008.0,Electronics,In-store,1,19:38,69,Debit Card,115
514411,2019-08-10 23:40:37,3540210836308425,fraud_Hyatt-Blick,travel,597.59,Steven,Yoder,M,94975 David Mews Apt. 316,Summerfield,TX,79085,34.7437,-102.5064,53,Fisheries officer,1992-06-19,1b66b21d2fecac3e5bd23bfe3b80a663,1344642037,34.710221999999995,-101.781906,0,79042.0,Entertainment,In-store,8,02:54,34,Credit Card,126
100387,2019-02-28 21:53:05,4319584480204988982,"fraud_Reinger, Weissnat and Strosin",food_dining,117.28,Kathleen,Nash,F,010 Salazar Walk,Cromona,KY,41810,37.1788,-82.695,502,Chief Financial Officer,1960-02-01,66859a7f77c1d9b8cd5a4f06a9d47195,1330465985,37.316390000000006,-82.223129,0,24628.0,Entertainment,Online,9,04:58,39,Debit Card,264
746251,2019-11-15 18:15:48,4383521454815,"fraud_Crist, Jakubowski and Littel",home,87.89,John,Robertson,M,209 Austin Stream Apt. 231,Indianapolis,IN,46290,39.9347,-86.1633,910148,Academic librarian,1987-09-22,aca4ae544df18e86c02f718a0d9418b6,1353003348,39.705605,-86.069025,0,46107.0,Entertainment,In-store,9,10:54,42,Mobile Payment,485
280021,2019-05-18 17:51:56,30596478689301,fraud_Runte-Mohr,food_dining,4.99,Daniel,Graham,M,28223 Ward Summit Apt. 664,Arvada,CO,80005,39.8422,-105.1097,122111,Hotel manager,1987-05-23,cad7bb83170aef9ed5728e8f0f3b0035,1337363516,38.984123,-104.373008,0,80808.0,Entertainment,Online,4,12:47,26,Debit Card,494
340893,2019-06-09 23:58:19,377993105397617,fraud_McKenzie-Huels,food_dining,120.19,Nathan,Martinez,M,586 Thomas Cliffs,Oconto Falls,WI,54154,44.8755,-88.1555,5548,Mining engineer,1975-09-11,ed67cbf3d4dea8bb1d715638de9d6e9d,1339286299,45.082599,-89.020614,0,54409.0,Restaurants,Online,5,02:10,45,Debit Card,320
1260539,2020-06-08 12:47:14,3598304579370089,fraud_Turcotte-Halvorson,misc_pos,55.2,Vincent,Flowers,M,0189 Emily Prairie,Wichita,KS,67232,37.6395,-97.1714,409656,Heritage manager,1985-12-27,cb42a7751704889a3f8d54c24541ac5d,1370695634,38.356365,-96.334062,0,66801.0,Restaurants,In-store,7,06:12,35,Credit Card,108
702067,2019-10-27 00:31:35,3547574373318979,fraud_Thiel PLC,misc_pos,3.97,Jacob,Patel,M,54822 Hill Forks,Dieterich,IL,62424,39.0319,-88.4074,2092,"Psychologist, clinical",1962-04-30,085ff8638a2ffe0a7a7a4fe83590653f,1351297895,38.288184,-88.027914,0,62844.0,Clothing,In-store,1,04:12,60,Debit Card,132
1273124,2020-06-13 00:41:51,3560725013359375,"fraud_Casper, Hand and Zulauf",grocery_pos,127.74,Brooke,Smith,F,63542 Luna Brook Apt. 012,Notrees,TX,79759,31.8599,-102.7413,23,Cytogeneticist,1969-09-15,aea59766069b09756cff28f4f71ebda4,1371084111,31.028639,-102.925571,0,79735.0,Electronics,In-store,2,02:05,52,Mobile Payment,423
548901,2019-08-23 07:11:18,4149635823017,fraud_Prohaska-Murray,gas_transport,106.82,Samuel,Farrell,M,428 Michael Tunnel Apt. 377,Cleveland,AL,35049,33.9778,-86.5598,3996,Aid worker,1977-06-14,f5d7b66ed5fe38842ab86ff5529cf1c0,1345705878,33.297368,-86.826909,0,35080.0,Groceries,Online,9,12:00,36,Debit Card,279
1237086,2020-05-31 12:56:38,3518234918950662,fraud_Lemke-Gutmann,shopping_net,199.96,Barbara,Lowe,F,67210 Lori Creek,Sherman,TX,75092,33.6372,-96.6184,46563,Systems developer,1970-09-11,0221b893ddaeb2a1572c709f0c24d7b7,1370004998,33.027955,-97.102152,0,75022.0,Restaurants,In-store,1,13:41,29,Mobile Payment,318
844012,2019-12-14 13:29:04,581293083266,fraud_Morissette LLC,entertainment,67.34,William,Thomas,M,39227 Mcpherson Shoals,Lahoma,OK,73754,36.385,-98.0727,1078,Podiatrist,1989-10-06,c9aa3caf02bc8274273f99bbdca3ab19,1355491744,37.134441,-97.971591,0,67003.0,Clothing,Online,3,03:14,62,Credit Card,356
1059032,2020-03-15 21:05:36,3521815216091574,fraud_Klein Group,entertainment,72.07,Wayne,Marsh,M,172 Leonard Island,Dumont,CO,80436,39.7532,-105.6356,565,Mental health nurse,1978-08-27,640761dd1d0e09d6bfe6f1ac52fe3d0d,1363381536,40.65058,-104.904569,0,80549.0,Groceries,In-store,2,13:45,26,Mobile Payment,8
847469,2019-12-15 03:02:38,371683116218417,fraud_Padberg-Welch,grocery_pos,91.94,Debra,Becker,F,384 Jonathan Hills,Iselin,NJ,8830,40.5716,-74.3167,18459,Emergency planning/management officer,1929-03-19,63da52d3c85b6c96fd0bf9108ec054df,1355540558,39.612405,-74.149287,0,8092.0,Entertainment,Online,6,09:44,64,Credit Card,103
1290511,2020-06-18 23:40:59,4302480582202074,fraud_Kerluke PLC,misc_net,9.93,David,Rodriguez,M,821 Solis Points,Muskegon,MI,49440,43.2326,-86.2492,128715,Historic buildings inspector/conservation officer,1995-05-25,69229547cffd9f318571cc5479b02ad0,1371598859,42.751789,-85.833197,0,49323.0,Clothing,Online,1,00:59,30,Credit Card,430
908688,2019-12-28 20:54:16,372509258176510,"fraud_Reichert, Rowe and Mraz",shopping_net,149.25,Kristen,Hanson,F,26544 Andrea Glen,Goodrich,MI,48438,42.9147,-83.4845,6951,Learning disability nurse,1985-06-18,348783a10ed2315b83fde03800303885,1356728056,42.514778,-83.313919,0,48025.0,Restaurants,Online,3,17:33,49,Credit Card,377
932989,2020-01-05 20:53:13,3547574373318979,"fraud_Kihn, Brakus and Goyette",personal_care,9.75,Jacob,Patel,M,54822 Hill Forks,Dieterich,IL,62424,39.0319,-88.4074,2092,"Psychologist, clinical",1962-04-30,d6cecdb88c1a80b1e94c23d0c4e6d548,1357419193,39.001667,-87.513127,0,47861.0,Clothing,In-store,1,12:54,36,Debit Card,109
160475,2019-03-25 23:22:39,370348764075623,fraud_Hoppe-Parisian,kids_pets,67.94,Christopher,Gomez,M,950 Dunn Squares,Tickfaw,LA,70466,30.5668,-90.482,8512,"Accountant, chartered public finance",1951-09-03,663bfbe1ac841ff08a2ebc12bacdd8d7,1332717759,30.575095,-90.912647,0,70706.0,Restaurants,Online,6,00:21,23,Credit Card,187
982162,2020-02-03 08:33:06,502012776709,fraud_Kutch-Hegmann,grocery_net,47.25,Sherry,Martinez,F,144 Yu Locks Apt. 754,Garrattsville,NY,13342,42.6315,-75.1866,165,Naval architect,1945-09-20,3b0928c4fa3c69f01bd3657ba3dbdf87,1359880386,41.943807,-74.70407800000001,0,12758.0,Clothing,Online,3,23:05,56,Debit Card,96
331556,2019-06-07 02:33:46,6597888193422452,fraud_O'Keefe-Hudson,grocery_pos,112.58,Bill,Lane,M,4725 Hurst Curve Apt. 634,Holliday,TX,76366,33.6751,-98.6576,2317,Chief Technology Officer,1964-08-23,e092efd138aa0c5a2c896dda445d21e4,1339036426,34.42371,-98.747642,0,73528.0,Restaurants,Online,4,03:30,45,Mobile Payment,217
323147,2019-06-03 13:51:27,4292743669224718067,fraud_Terry Ltd,home,76.82,Michael,Williams,M,35822 Clayton Street Apt. 679,Great Mills,MD,20634,38.2674,-76.4954,5927,Art therapist,1973-06-09,955b33f55c831d77ed03811602165ca9,1338731487,38.209214,-77.423804,0,22408.0,Restaurants,In-store,8,15:33,33,Mobile Payment,433
790139,2019-12-02 00:16:28,4294930380592,fraud_Abbott-Rogahn,entertainment,1.63,Misty,Rivera,F,1980 Vasquez Manors Apt. 574,Catawba,VA,24070,37.3696,-80.1284,1363,Equality and diversity officer,1940-08-23,c9f79de9e4744d8d1778a0898ea94f4d,1354407388,36.582408,-80.11762399999999,0,24082.0,Groceries,Online,6,20:18,45,Mobile Payment,406
995429,2020-02-10 22:09:48,3511378610369890,"fraud_Baumbach, Hodkiewicz and Walsh",shopping_pos,1.38,James,Cooper,M,663 Ramirez Trace Apt. 951,Huntsville,AL,35811,34.7789,-86.5438,190178,Television production assistant,1973-04-01,4c695706f8c0c8b13aa38e59aa866d30,1360534188,34.266672,-85.998538,0,35962.0,Groceries,In-store,3,10:32,52,Debit Card,77
622012,2019-09-21 20:58:56,4800395067176717,"fraud_Walter, Hettinger and Kessler",personal_care,11.15,Daniel,Owens,M,88794 Mandy Lodge Apt. 874,Howells,NE,68641,41.6964,-96.9858,1063,Research scientist (maths),1928-04-02,f3fa5ab48c23423554d310a4ec94fa89,1348261136,42.073157,-97.304437,0,68740.0,Electronics,In-store,10,21:03,70,Credit Card,314
681155,2019-10-17 20:29:11,30199621383748,fraud_Haag-Blanda,food_dining,52.54,Theresa,Powell,F,117 Natasha Vista Suite 936,Leonard,TX,75452,33.4044,-96.2238,4090,Sub,1977-03-23,2fc795260eec651d306596198d17deda,1350505751,33.249015,-95.504715,0,75437.0,Restaurants,Online,5,02:09,23,Credit Card,354
597438,2019-09-10 10:01:29,4683638447911,fraud_Kozey-Boehm,shopping_net,93.65,Daniel,Boyd,M,8925 Nicholas Points,Egan,LA,70531,30.251,-92.5002,1261,Broadcast presenter,1972-07-01,94964dd67008d4a9972402b621cbabc4,1347271289,30.704123,-91.927887,0,71358.0,Groceries,Online,7,17:01,33,Debit Card,220
352463,2019-06-14 16:27:28,4005676619255478,fraud_Pouros-Haag,shopping_pos,2.51,William,Perry,M,458 Phillips Island Apt. 768,Denham Springs,LA,70726,30.459,-90.9027,71335,Herbalist,1994-05-31,b154fae8d8995e7fd490e53ed38e979a,1339691248,29.790703000000004,-90.054686,0,70037.0,Clothing,Online,7,19:15,60,Credit Card,485
1076653,2020-03-23 10:30:55,4173950183554608,fraud_Bins-Rice,gas_transport,75.33,Stephen,Marshall,M,47144 Roberts Keys,Monmouth Beach,NJ,7750,40.333,-73.9809,3279,Health promotion specialist,1978-10-05,87e48aacfe01196069857cbfa78b7cd6,1364034655,41.107197,-74.941682,0,7881.0,Entertainment,Online,10,11:06,49,Debit Card,199
177471,2019-04-02 18:39:52,3575789281659026,fraud_Kihn-Fritsch,food_dining,2.82,Lindsay,Wilson,F,7618 Gonzales Mission,Centerview,MO,64019,38.7897,-93.8702,2368,Electronics engineer,1989-07-17,cfbedc18cb35b652f5b163cf1f9fdd90,1333391992,39.3371,-94.022712,0,64084.0,Restaurants,Online,7,17:09,57,Debit Card,269
534403,2019-08-17 23:44:28,36890292963032,fraud_Bode-Schuster,kids_pets,12.38,Kimberly,Webb,F,380 Martin Mission,Girard,GA,30426,33.0437,-81.7106,1100,"Conservator, museum/gallery",1950-04-05,0ce7dccecfb77e2698693c7a0dc3678d,1345247068,33.648302,-81.702363,0,29805.0,Groceries,In-store,1,03:48,37,Credit Card,376
130309,2019-03-12 21:31:07,371284100299909,"fraud_Lesch, D'Amore and Brown",food_dining,46.38,Hannah,Thomas,F,1004 Willis Pass,Hedley,TX,79237,34.8698,-100.6806,513,Early years teacher,1976-05-24,20d902fd4c698842854abb562d54a5fe,1331587867,35.445358,-101.61054,0,,Restaurants,Online,9,17:54,24,Debit Card,6
967491,2020-01-26 04:13:54,4839043708100390,fraud_Rodriguez Group,gas_transport,43.05,Meredith,Campbell,F,043 Hanson Turnpike,Hedrick,IA,52563,41.1826,-92.3097,1583,Geochemist,1999-06-28,614dd9998af1945eeacbf39be96a9c83,1359173634,40.404314,-91.641227,0,63472.0,Groceries,Online,10,14:26,23,Credit Card,43
94350,2019-02-25 11:35:28,3560725013359375,fraud_Pouros-Conroy,shopping_pos,5.91,Brooke,Smith,F,63542 Luna Brook Apt. 012,Notrees,TX,79759,31.8599,-102.7413,23,Cytogeneticist,1969-09-15,7f90268156a565c3af27d3ce2468a8c4,1330169728,31.20748,-102.92503,0,,Restaurants,Online,7,10:01,30,Mobile Payment,112
848781,2019-12-15 09:12:36,30546453310167,fraud_Block Group,misc_pos,2.19,Nicholas,Tran,M,672 Randall Burg Suite 551,Belmont,NH,3220,43.4512,-71.48899999999999,7430,"Scientist, research (medical)",1955-01-13,68d3c4c5c2743927ceeb6096442806ae,1355562756,44.426508,-71.148747,0,3581.0,Entertainment,Online,1,21:27,18,Credit Card,45
851592,2019-12-15 18:59:44,6011693194885790,fraud_Weber and Sons,food_dining,64.48,Victoria,Fleming,F,2807 Parker Station Suite 080,Stanchfield,MN,55080,45.6675,-93.2433,2607,"Lecturer, further education",1995-12-04,e0ca88bad48e4c3d934eee0d55f08f11,1355597984,46.497126,-92.489681,0,55749.0,Restaurants,Online,6,22:39,43,Debit Card,399
87231,2019-02-20 22:11:09,676314217768,fraud_Volkman PLC,food_dining,44.29,Ellen,Carrillo,F,9431 Amanda Mills,Odessa,MO,64076,38.9829,-93.9757,9512,Clinical research associate,1972-12-31,8c2b0849037805e158b6036d7ad518e4,1329775869,38.005953000000005,-93.673756,0,64789.0,Restaurants,Online,7,03:54,21,Debit Card,218
779999,2019-11-30 09:00:32,4839615922685395,fraud_Block-Parisian,misc_net,3.43,Phillip,Robertson,M,85344 Smith Gateway Apt. 280,Harrodsburg,IN,47434,39.013000000000005,-86.5457,76,Social researcher,1955-05-06,bc0c163bc56226a000624293659765f1,1354266032,38.662448,-87.040498,0,47558.0,Groceries,In-store,8,04:34,49,Debit Card,409
59192,2019-02-04 18:22:53,4302480582202074,fraud_Berge-Ullrich,home,120.6,David,Rodriguez,M,821 Solis Points,Muskegon,MI,49440,43.2326,-86.2492,128715,Historic buildings inspector/conservation officer,1995-05-25,b45e4435d5b11ccb43806c5424f319b8,1328379773,43.646764000000005,-86.88729599999999,0,,Restaurants,In-store,6,12:04,61,Credit Card,160
22088,2019-01-14 04:46:26,4170689372027579,"fraud_Tromp, Kerluke and Glover",grocery_net,56.44,Samuel,Frey,M,830 Myers Plaza Apt. 384,Edmond,OK,73034,35.6665,-97.4798,116001,Media buyer,1993-05-10,3490422b6868a59ce731843d54029fdc,1326516386,36.647168,-98.000415,0,73761.0,Restaurants,Online,2,05:35,55,Mobile Payment,94
1096171,2020-03-31 14:00:55,4708992452821239,fraud_Lubowitz-Walter,kids_pets,47.01,Jared,Walters,M,3326 Hannah Fords,Cord,AR,72524,35.8184,-91.3375,376,"Designer, ceramics/pottery",1938-09-08,da2b3d2b767e86d22a3e1419d72bbe6e,1364738455,36.228583,-92.153553,0,72528.0,Restaurants,Online,4,22:45,31,Credit Card,63
785562,2019-12-01 08:43:05,3587044315915002,"fraud_Robel, Cummerata and Prosacco",gas_transport,73.99,Christian,Roman,M,495 Fisher Throughway,Grand Junction,TN,38039,35.0659,-89.1534,1804,Clothing/textile technologist,1974-10-15,7bc62c7c744c04894f427502943ad568,1354351385,34.526514,-89.177464,0,38650.0,Clothing,In-store,2,09:10,59,Credit Card,81
1292121,2020-06-19 17:15:22,4599735407877245080,fraud_Ernser-Feest,home,89.87,Mary,Myers,F,39787 Pamela Fall Suite 639,Tiptonville,TN,38079,36.3846,-89.4649,5577,Geochemist,1964-12-30,de1e31c86610d5d95ca0f1524bc6f280,1371662122,37.250887,-89.233513,0,62988.0,Restaurants,Online,6,19:25,42,Debit Card,86
37505,2019-01-22 16:58:21,3582754887089201,"fraud_Crist, Jakubowski and Littel",home,125.9,Terrance,Mckinney,M,42965 Christopher Fords Suite 659,Norman,AR,71960,34.4596,-93.6743,1383,Magazine features editor,1966-08-08,a1acc031e1d5f04bb0eef7341b7fffb2,1327251501,34.655664,-93.604286,0,71969.0,Groceries,Online,10,06:09,51,Credit Card,156
1216082,2020-05-24 03:15:26,3534718226968689,"fraud_Schaefer, McGlynn and Bosco",gas_transport,76.78,Lisa,Lopez,F,32343 Saunders Course,Dongola,IL,62926,37.3712,-89.1349,2263,Scientific laboratory technician,1984-09-13,b991a70ab368710ff7e76e5d2a3afed9,1369365326,38.105709,-89.719414,0,62286.0,Restaurants,Online,7,19:01,22,Mobile Payment,15
421784,2019-07-08 14:32:20,4302480582202074,fraud_Bechtelar-Rippin,food_dining,27.95,David,Rodriguez,M,821 Solis Points,Muskegon,MI,49440,43.2326,-86.2492,128715,Historic buildings inspector/conservation officer,1995-05-25,959d1d062a8ccfff8a8c02ac64085026,1341757940,43.097172,-86.262173,0,49417.0,Entertainment,In-store,5,17:28,36,Debit Card,299
123820,2019-03-10 09:49:53,4862293128558,fraud_Kuhn LLC,shopping_pos,43.97,Elizabeth,Payne,F,897 Daugherty Mission,Grassflat,PA,16839,41.0036,-78.1104,489,Pension scheme manager,1956-09-15,c802e8cc0e8c5642e2baca37e44be182,1331372993,40.244178000000005,-77.650553,0,17217.0,Entertainment,In-store,3,19:14,49,Mobile Payment,207
254073,2019-05-06 14:28:32,4683520018489354,fraud_Heathcote LLC,shopping_net,6.56,Charles,Carrillo,M,17547 Stephen Turnpike Apt. 846,Hawthorne,CA,90250,33.9143,-118.3493,93193,"Editor, magazine features",1995-04-19,b88b4ca3cb7e248155b4ad0856b71c9b,1336314512,34.8069,-119.150615,0,93252.0,Groceries,In-store,5,00:19,57,Mobile Payment,279
699781,2019-10-26 05:54:23,4128027264554082,"fraud_Schaefer, Maggio and Daugherty",gas_transport,71.45,Kyle,Park,M,7507 Larry Passage Suite 859,Mount Perry,OH,43760,39.8788,-82.18799999999999,1831,Barrister's clerk,1953-10-18,738a4898d3904dd3271cb227de46a8c5,1351230863,38.940707,-82.74076600000001,0,45653.0,Clothing,In-store,5,00:06,20,Credit Card,145
1199764,2020-05-16 22:14:55,4158945090781624,"fraud_Wuckert, Wintheiser and Friesen",home,32.44,Justin,Bell,M,5323 Walker Island,Pittsburgh,PA,15217,40.4308,-79.9205,687276,"Scientist, marine",1973-10-19,8841b90987975b41ce8e6cc74ec8a41f,1368742495,40.835292,-79.246385,0,16222.0,Restaurants,Online,4,06:28,47,Mobile Payment,183
886946,2019-12-23 12:02:07,3577578023716568,fraud_Gottlieb Group,kids_pets,40.35,Debbie,Hughes,F,0182 Owens Burgs Suite 480,Diamond,OH,44412,41.0935,-81.0425,2644,"Engineer, biomedical",1983-08-25,b077a07491e8ffe4e2fbd0f493d43bf2,1356264127,40.607169,-81.506795,0,44680.0,Groceries,In-store,2,07:56,55,Credit Card,339
782403,2019-11-30 19:00:14,6544734391390261,"fraud_Schuppe, Nolan and Hoeger",shopping_pos,1.91,John,Myers,M,701 Wilson Divide,Highland,IN,46322,41.55,-87.4569,23727,Community arts worker,1982-02-08,c7fcec974d754a7fc01554668a829cf7,1354302014,40.610002,-86.73419,0,46923.0,Clothing,In-store,7,20:01,20,Credit Card,171
1012781,2020-02-21 23:37:49,4170689372027579,fraud_Stiedemann Ltd,food_dining,8.95,Samuel,Frey,M,830 Myers Plaza Apt. 384,Edmond,OK,73034,35.6665,-97.4798,116001,Media buyer,1993-05-10,430c342d1ab9249fff32d05746d6d338,1361489869,36.210566,-97.454589,0,73757.0,Groceries,Online,9,19:05,55,Debit Card,378
93350,2019-02-24 22:41:32,213186334552049,fraud_Gleason-Macejkovic,shopping_net,6.48,Andrea,Perkins,F,37426 Olson Villages,Irvine,PA,16329,41.8117,-79.2643,528,Chief Marketing Officer,1972-09-13,60925cf37a3e677c47e4f6605d6c5c91,1330123292,41.8776,-79.20083699999999,0,16365.0,Groceries,Online,3,15:10,53,Credit Card,86
533504,2019-08-17 18:12:41,3541160328600277,fraud_Kerluke Inc,misc_net,94.52,Jason,Singh,M,4720 Anna Ways,Murrayville,IL,62668,39.5723,-90.2379,1512,Commercial/residential surveyor,2003-05-07,3fb6118e5ae6aa27d6dbf3ae21bea2aa,1345227161,39.045355,-89.357632,0,62017.0,Entertainment,In-store,5,15:01,32,Credit Card,200
447445,2019-07-18 05:26:29,30407675418785,fraud_Schmitt Inc,gas_transport,49.38,Danielle,Evans,F,76752 David Lodge Apt. 064,Breesport,NY,14816,42.1939,-76.7361,520,Psychotherapist,1991-10-13,24ae31585c9a657e57ea5c379a2dd067,1342589189,42.887745,-77.231154,0,14424.0,Electronics,In-store,1,14:33,58,Credit Card,94
1075851,2020-03-23 02:54:07,377550167323848,fraud_Emmerich-Luettgen,grocery_net,131.0,Kevin,Walters,M,87227 Tapia Burgs,Auburn,ME,4210,44.0948,-70.23899999999999,23045,Tourist information centre manager,1958-09-02,dd9bd920588067251ccd35b35cd465dd,1364007247,44.896994,-70.93589,0,,Groceries,Online,7,17:12,48,Mobile Payment,91
594030,2019-09-09 00:59:55,630424987505,fraud_Bahringer-Larson,grocery_net,78.76,Jennifer,Black,F,2870 Bean Terrace Apt. 756,Thomas,WV,26292,39.1505,-79.503,836,Forensic psychologist,1981-08-29,12b28df4d605625fd13d6c33618c4adc,1347152395,40.126129,-78.95407,0,15548.0,Restaurants,In-store,2,16:12,45,Credit Card,468
933326,2020-01-05 23:20:35,4239552724014407,fraud_Connelly-Carter,home,4.54,Carl,Hernandez,M,9134 Darryl Flat Suite 916,Paulding,OH,45879,41.141000000000005,-84.5722,6284,Secondary school teacher,1936-03-27,9dbe695dfb1c079a0ed5f13cdb1100be,1357428035,41.745585,-85.175983,0,46776.0,Electronics,In-store,2,14:21,43,Debit Card,234
947941,2020-01-14 02:30:15,372246459334925,"fraud_Stroman, Hudson and Erdman",gas_transport,72.59,Rick,Martinez,M,062 Poole Hollow Apt. 815,Deadwood,SD,57732,44.3566,-103.6999,1979,Multimedia programmer,1970-03-13,d6c69cf7726d2e47809609e10b886fa2,1358130615,44.413912,-103.53529,0,57785.0,Groceries,Online,1,08:55,40,Mobile Payment,75
1074233,2020-03-22 14:40:18,4191109180926792,"fraud_Bahringer, Schoen and Corkery",shopping_pos,24.36,Jennifer,Spencer,F,477 Wheeler Burg,Amanda,OH,43102,39.6251,-82.7552,4512,Farm manager,1992-10-03,de67b880ad40d0128ac4f2daad85876e,1363963218,39.966694,-81.827191,0,43767.0,Entertainment,In-store,7,12:50,46,Credit Card,275
133555,2019-03-14 19:27:19,30364087349027,"fraud_Crist, Jakubowski and Littel",home,15.62,Samuel,Sandoval,M,0005 Morrison Land,Mounds,OK,74047,35.8896,-96.0887,7163,Fitness centre manager,1982-02-05,5b5c19c339a64414043a74d3c91ee285,1331753239,35.28156,-96.506382,0,74868.0,Electronics,In-store,8,07:54,22,Credit Card,274
448368,2019-07-18 15:31:12,30074693890476,fraud_Kozey-Kuhlman,personal_care,17.96,Kelsey,Richards,F,889 Sarah Station Suite 624,Holcomb,KS,67851,37.9931,-100.9893,2691,Arboriculturist,1993-08-16,f1c0ca8e200400e37849122dcac2c501,1342625472,37.222381,-100.760203,0,67859.0,Restaurants,Online,1,03:41,41,Credit Card,63
242268,2019-05-01 14:27:33,3521417320836166,"fraud_Ledner, Hartmann and Feest",health_fitness,54.57,Angela,Hodges,F,08236 Kim Hill,Indianapolis,IN,46254,39.849,-86.272,910148,Firefighter,1975-11-30,0af14546c8db3a4a12b16eec01474e9c,1335882453,39.360983,-86.922248,0,47833.0,Electronics,In-store,7,03:45,36,Mobile Payment,220
535918,2019-08-18 11:11:55,30290551782700,fraud_Erdman-Kertzmann,gas_transport,75.82,John,Clarke,M,27909 Peter Motorway,Cadiz,KY,42211,36.802,-87.8286,13422,Commissioning editor,1961-09-03,d12b1c92b11562f06f24de51813a679c,1345288315,37.412407,-86.894013,0,42320.0,Electronics,In-store,10,18:33,21,Credit Card,90
644589,2019-09-30 23:49:57,30407675418785,"fraud_Lowe, Dietrich and Erdman",kids_pets,16.17,Danielle,Evans,F,76752 David Lodge Apt. 064,Breesport,NY,14816,42.1939,-76.7361,520,Psychotherapist,1991-10-13,3989dc3d97e98ca50f827f971c0cb448,1349048997,42.138908,-76.711111,0,14816.0,Clothing,In-store,3,11:13,31,Credit Card,217
521895,2019-08-12 21:11:52,581293083266,fraud_Friesen-Ortiz,personal_care,74.23,William,Thomas,M,39227 Mcpherson Shoals,Lahoma,OK,73754,36.385,-98.0727,1078,Podiatrist,1989-10-06,478a82f6194cace84468d293c9d50c36,1344805912,35.57281,-97.152366,0,73054.0,Clothing,Online,9,16:27,20,Mobile Payment,450
172244,2019-03-31 17:27:13,30235438713303,fraud_Fritsch LLC,travel,5.12,James,Baldwin,M,3603 Mitchell Court,Winfield,WV,25213,38.5072,-81.89,5512,Exhibition designer,1980-03-24,27a984861df24b45aa8f9317db805058,1333214833,38.419317,-81.301937,0,25030.0,Electronics,In-store,3,23:02,58,Mobile Payment,231
635820,2019-09-28 01:48:01,4951647200979051,fraud_Kuvalis Ltd,gas_transport,32.74,Kimberly,Miller,F,75533 Tamara Valleys,Logan,IL,62856,37.9943,-88.9417,324,"Scientist, research (physical sciences)",1976-06-15,1e0cd42539841161914c2e59c3f5e2cb,1348796881,37.082607,-89.84263100000001,0,63730.0,Electronics,In-store,9,09:09,51,Credit Card,36
982141,2020-02-03 08:18:37,376028110684021,fraud_Kiehn Inc,grocery_pos,78.12,Aaron,Murray,M,624 Hale Springs Apt. 572,Meadville,MO,64659,39.7795,-93.3014,964,Tourist information centre manager,1974-12-23,bebd7c5c0072a5c705a337e1a83017a6,1359879517,39.642473,-93.815681,0,64624.0,Restaurants,Online,6,08:17,25,Mobile Payment,286
699325,2019-10-26 00:45:38,3552581383553463,fraud_Conroy Ltd,shopping_pos,7.83,Jonathan,Castro,M,200 Christie Mills Apt. 307,Andrews,NC,28901,35.1959,-83.8228,5354,Retail buyer,1965-04-13,d7c6a0f626df64d411ce0fccffc277cb,1351212338,35.199145,-84.034243,0,28905.0,Restaurants,Online,5,08:13,63,Mobile Payment,205
293477,2019-05-24 15:59:38,4708992452821239,fraud_Streich Ltd,home,34.31,Jared,Walters,M,3326 Hannah Fords,Cord,AR,72524,35.8184,-91.3375,376,"Designer, ceramics/pottery",1938-09-08,b9b79e0362ea6e15ca6fceeff65d1da7,1337875178,35.016222,-90.469589,0,72346.0,Electronics,In-store,9,16:05,49,Mobile Payment,475
1284845,2020-06-16 14:02:57,4254074738931278,fraud_Hammes-Beatty,kids_pets,139.14,Gary,Hall,M,69085 Short Shores,Allentown,NY,14707,42.0737,-78.0594,239,Radio producer,1956-05-02,58afdf9e82e38f1a6de83e1e3e828a2a,1371391377,42.697407,-78.349649,0,14113.0,Electronics,Online,9,11:02,22,Credit Card,114
562047,2019-08-27 02:30:16,2264937662466770,fraud_Kuvalis Ltd,gas_transport,59.57,Juan,Sherman,M,5939 Garcia Forges Suite 297,San Antonio,TX,78214,29.3641,-98.4924,1595797,Land,1995-10-17,25e6a7a916006d44202ebde098e20810,1346034616,29.198192,-97.780133,0,78140.0,Entertainment,Online,3,17:40,33,Mobile Payment,163
279832,2019-05-18 16:17:57,30235268718158,"fraud_Durgan, Gislason and Spencer",home,65.01,Kenneth,Doyle,M,8614 Reed Glen,West Harrison,NY,10604,41.0592,-73.7395,11250,Lexicographer,1977-08-16,962d57d22034a0a26adfaa3bab974521,1337357877,41.846702,-73.643249,0,12581.0,Clothing,In-store,4,21:46,46,Credit Card,466
261282,2019-05-10 11:09:08,6011724471098086,fraud_Koepp-Parker,grocery_pos,205.03,Ann,Lawson,F,144 Evans Islands Apt. 683,Burbank,WA,99323,46.1966,-118.9017,3684,Musician,1981-11-29,adc9eb5912092b8f893230efae45b261,1336648148,46.489175,-118.985381,0,99330.0,Entertainment,Online,4,23:44,31,Mobile Payment,365
889971,2019-12-23 22:10:57,6523180720198790,"fraud_Hodkiewicz, Prohaska and Paucek",travel,4.41,Alan,Taylor,M,560 Molina Path,Oakdale,NY,11769,40.7382,-73.1297,9506,"Biochemist, clinical",1953-04-13,2d890cc62f4fff93fdd7a168168a11ae,1356300657,41.597658,-72.626638,0,6416.0,Entertainment,In-store,2,15:29,37,Credit Card,351
296296,2019-05-25 15:59:12,2254917871818484,"fraud_McLaughlin, Armstrong and Koepp",travel,1.41,Margaret,Gibson,F,382 Williams Stream Suite 197,Scotland,MD,20687,38.0828,-76.3477,313,Insurance underwriter,1976-03-26,855d9fd39af634665eae977faa4deb49,1337961552,37.659949,-75.396985,0,,Entertainment,Online,3,05:05,63,Debit Card,444
707921,2019-10-28 21:32:56,4128730454058057622,fraud_Leffler-Goldner,personal_care,1.46,Monique,Martin,F,68276 Matthew Springs,Ratcliff,TX,75858,31.3833,-95.0619,43,"Engineer, production",1949-10-04,546757fd966e38a2c899c5097209550e,1351459976,30.827666,-95.597064,0,77320.0,Clothing,Online,10,11:57,32,Debit Card,443
541949,2019-08-19 22:57:02,30044330818990,fraud_Eichmann-Kilback,home,48.09,Allison,Ayala,F,87665 Karen Mill Apt. 586,Fort Myers,FL,33967,26.4722,-81.8122,224256,Paramedic,1985-08-29,8ec8b15f96a34ac4b875a182790f1fa2,1345417022,26.740865000000003,-81.60061800000001,0,33920.0,Electronics,Online,6,12:19,57,Debit Card,414
1100624,2020-04-02 20:03:35,3577663406369449,"fraud_McLaughlin, Armstrong and Koepp",travel,2.12,Cody,Hooper,M,7233 John Parks,Lepanto,AR,72354,35.6069,-90.3359,2470,Counselling psychologist,1968-10-06,53e8dc239ddaf61482dadaca5666c55f,1364933015,36.191361,-90.365188,0,72443.0,Groceries,In-store,8,15:41,67,Debit Card,232
797795,2019-12-03 14:28:54,6011860238257910,fraud_Lind-Buckridge,entertainment,171.76,Lisa,Mendez,F,44259 Beth Station Suite 215,Lahoma,OK,73754,36.385,-98.0727,1078,"Programme researcher, broadcasting/film/video",1952-07-06,9be7a20593983bff484abead9777bd22,1354544934,36.875466,-97.26139,0,74632.0,Electronics,In-store,8,20:57,57,Credit Card,353
1224373,2020-05-26 10:21:21,38052002992326,fraud_Bins-Rice,gas_transport,48.46,Anna,Logan,F,3522 Park Wells Suite 528,Cleveland,TX,77327,30.33,-95.0202,34153,Building surveyor,1995-09-11,e8d0937b1dda03a7c59005c5febb6fe0,1369563681,31.141854,-94.057384,0,75931.0,Clothing,In-store,3,09:12,20,Debit Card,418
1091158,2020-03-29 22:11:50,3595192916105588,fraud_Kilback LLC,food_dining,8.49,Dustin,Roberts,M,3283 James Station,Fayetteville,NC,28314,35.0583,-79.008,238602,"Scientist, research (maths)",1993-05-14,593066adf3d67990b9eb052664d8f005,1364595110,34.546983000000004,-79.844666,0,29593.0,Restaurants,Online,8,03:53,28,Mobile Payment,366
609633,2019-09-15 23:36:04,2264937662466770,fraud_Little-Gleichner,travel,5.04,Juan,Sherman,M,5939 Garcia Forges Suite 297,San Antonio,TX,78214,29.3641,-98.4924,1595797,Land,1995-10-17,dd9b294ba41dbda3e6c843388d4c9c38,1347752164,29.513898,-98.899718,0,78056.0,Clothing,In-store,5,04:14,24,Debit Card,392
1227686,2020-05-27 12:32:46,213112402583773,"fraud_Cremin, Hamill and Reichel",misc_pos,3.66,Ana,Howell,F,4664 Sanchez Common Suite 930,Bradley,SC,29819,34.0326,-82.2027,1523,Research scientist (physical sciences),1984-06-03,a263cde45faf18beb280c3da31d46541,1369657966,33.22333,-81.736365,0,29831.0,Clothing,In-store,3,08:08,42,Debit Card,68
1290572,2020-06-19 00:28:15,2229378226512508,fraud_Cummerata-Jones,gas_transport,73.56,Thomas,Hale,M,949 Smith Parkway,Cazenovia,WI,53924,43.4987,-90.2796,1360,Occupational hygienist,1984-11-06,241ede3ab8fbd3a671fc2a6fb5b299f1,1371601695,42.953501,-91.076876,0,53801.0,Electronics,Online,3,09:08,36,Mobile Payment,443
101267,2019-02-28 12:13:28,345832460465610,fraud_Boyer-Haley,travel,7.27,Jason,Mcmahon,M,6385 Donald Square Suite 429,Springfield,VA,22151,38.8029,-77.2116,104396,Production engineer,1950-11-20,7c10b38e3533d6467d1006f8c85d4a51,1330517608,38.942139000000005,-77.501369,0,20152.0,Entertainment,Online,4,10:17,61,Credit Card,20
814259,2019-12-07 20:33:54,3573030041201292,fraud_Ernser-Feest,home,89.5,Joanne,Williams,F,3638 Marsh Union,Altonah,UT,84002,40.3207,-110.436,302,"Sales professional, IT",1990-01-17,3ee99605e865f3440a05e65b71ec92af,1354912434,39.745145,-110.105132,0,,Entertainment,In-store,3,23:14,65,Credit Card,247
656104,2019-10-06 15:29:56,38052002992326,fraud_Cormier LLC,health_fitness,44.87,Anna,Logan,F,3522 Park Wells Suite 528,Cleveland,TX,77327,30.33,-95.0202,34153,Building surveyor,1995-09-11,fb945381594aa1becf0e0623e7fc2a62,1349537396,31.117854,-94.86188,0,75941.0,Clothing,Online,7,14:46,35,Mobile Payment,18
498932,2019-08-05 01:38:30,3587044315915002,"fraud_Lehner, Reichert and Mills",misc_pos,35.35,Christian,Roman,M,495 Fisher Throughway,Grand Junction,TN,38039,35.0659,-89.1534,1804,Clothing/textile technologist,1974-10-15,7e1872e5bb10f8f3bebb0862bf613548,1344130710,35.362421999999995,-88.592768,0,38334.0,Electronics,Online,10,12:03,69,Credit Card,131
537878,2019-08-18 21:24:13,2610529083834453,fraud_Stamm-Witting,shopping_net,26.91,Tanya,Dickerson,F,053 Kim Valley Suite 928,Old Hickory,TN,37138,36.2416,-86.6117,22191,Prison officer,1994-07-27,31764bd5f5071f3ac53b4bd3872b0783,1345325053,36.236081,-85.696221,0,38545.0,Clothing,Online,4,00:33,59,Debit Card,447
1289922,2020-06-18 18:10:23,30273037698427,fraud_Herzog Ltd,misc_pos,76.68,Andrew,Patterson,M,06959 Stephen Branch Suite 246,Thida,AR,72165,35.5762,-91.4539,111,Careers information officer,2000-06-13,0a8eafb556d877d3a44729b6bdbe85f0,1371579023,35.725812,-91.150179,0,72473.0,Electronics,Online,8,14:21,64,Credit Card,144
1019751,2020-02-25 03:47:01,676248282243,"fraud_Langworth, Boehm and Gulgowski",shopping_net,92.56,Amanda,Wheeler,F,329 Emily Cape,Cape Coral,FL,33909,26.6939,-81.9452,156391,Higher education careers adviser,1968-02-09,3bbf712d39a6c1552fcaa5e5e76e5494,1361764021,27.273283000000003,-82.870609,0,,Restaurants,In-store,3,19:52,65,Credit Card,239
1153845,2020-04-26 14:58:26,4005676619255478,fraud_Kihn-Schuster,food_dining,9.62,William,Perry,M,458 Phillips Island Apt. 768,Denham Springs,LA,70726,30.459,-90.9027,71335,Herbalist,1994-05-31,a3c06f82feb955e0a0582899be4280d2,1366988306,31.072332,-91.661933,0,,Groceries,Online,10,22:58,58,Debit Card,48
811065,2019-12-07 06:44:30,4186530744674,"fraud_Bins, Balistreri and Beatty",shopping_pos,6.6,Casey,Howell,F,374 Christopher Ramp Suite 855,Blackville,SC,29817,33.3645,-81.2718,4913,Technical brewer,1966-11-10,5c40781fa168d979a80c16b5bfb0872a,1354862670,33.888196,-80.903658,0,29061.0,Restaurants,In-store,1,19:45,56,Debit Card,41
780099,2019-11-30 09:39:36,676308307625,fraud_Huel-Langworth,misc_net,5.46,Donald,Evans,M,1287 Michael Roads,Washoe Valley,NV,89704,39.2669,-119.8174,4290,Animal nutritionist,1989-12-10,33ce1a12f2c6b97da0cebc8d0507b9ce,1354268376,38.747993,-119.781379,0,96120.0,Groceries,In-store,10,08:58,58,Credit Card,484
99330,2019-02-28 01:54:03,3513618443244549,fraud_Sporer Inc,gas_transport,67.51,Amber,Perez,F,954 Reyes Ways,Fulton,SD,57340,43.7588,-97.8712,355,Financial adviser,1955-06-26,f51c3e5293e0693e6885fd6d03168093,1330394043,44.44899,-98.260008,0,57350.0,Clothing,Online,7,12:25,56,Mobile Payment,188
1126078,2020-04-13 20:06:42,573860193545,fraud_Towne LLC,misc_pos,8.33,Cristian,Jones,M,0423 Kirby Field Suite 623,Wilmette,IL,60091,42.0765,-87.7246,27020,Trade mark attorney,1986-07-23,decb2c0d92f1823f5178cee85ae403b4,1365883602,42.579958000000005,-88.21775799999999,0,53170.0,Clothing,In-store,2,01:33,34,Mobile Payment,100
845123,2019-12-14 17:41:29,180048185037117,fraud_Bode-Schuster,kids_pets,44.71,Mary,Wall,F,2481 Mills Lock,Plainfield,NJ,7060,40.6152,-74.415,71485,Leisure centre manager,1974-07-19,4432f85c6d6bb3ed12c8cff2d78f04eb,1355506889,39.620756,-73.49856,0,,Clothing,In-store,4,17:37,43,Mobile Payment,120
274607,2019-05-16 01:15:45,3560797065840735,fraud_Heidenreich PLC,grocery_pos,86.11,Janet,Turner,F,0925 Lang Extensions,Shields,ND,58569,46.1838,-101.2589,77,Film/video editor,1989-12-17,f0b1e6a1d9a78cc47809548fd94b3cfd,1337130945,46.822784000000006,-101.600737,0,58520.0,Electronics,In-store,5,20:12,68,Credit Card,164
1098911,2020-04-01 19:45:43,4040099974063068803,"fraud_Schiller, Blanda and Johnson",home,84.48,Jeffrey,Lewis,M,24255 Bryan Square,Palermo,ND,58769,48.3396,-102.24,229,Administrator,1983-03-20,fd5e01488d80f9f3346f9f04b30c7948,1364845543,47.754269,-102.7043,0,58757.0,Entertainment,Online,1,17:49,44,Mobile Payment,148
1057562,2020-03-15 09:18:29,3512365128314616,fraud_Kilback LLC,grocery_pos,68.16,Francisco,Kemp,M,9554 Flores Drive,Arnold,MO,63010,38.4305,-90.387,35439,Land/geomatics surveyor,1985-03-31,707813d40d648bcc71594e316d40217e,1363339109,39.346591,-90.207736,0,62044.0,Restaurants,Online,5,04:42,19,Mobile Payment,413
1170977,2020-05-04 01:39:46,4657269323674365,fraud_Barrows PLC,shopping_pos,6.62,Alicia,Mitchell,F,125 Kristen Dale,Grand Ridge,FL,32442,30.7148,-85.021,3699,Art gallery manager,1948-09-07,baf8099476b936247cd8c67583c06ea0,1367631586,31.077508,-85.36110500000001,0,36320.0,Electronics,Online,10,14:31,65,Debit Card,263
955516,2020-01-19 04:19:40,4536996888716062123,"fraud_Casper, Hand and Zulauf",grocery_pos,45.3,Nathan,Mendoza,M,767 Adam Mill Apt. 115,Espanola,NM,87533,35.9866,-106.0654,18408,Historic buildings inspector/conservation officer,1972-07-18,bf7c6806fa2753bcc8a30348ee182d3d,1358569180,36.590512,-105.662354,0,87580.0,Entertainment,In-store,7,21:02,67,Credit Card,205
371064,2019-06-21 03:00:15,4989847570577635369,"fraud_Tillman, Fritsch and Schmitt",misc_net,157.86,Vanessa,Anderson,F,21178 Brittney Locks,Prosperity,SC,29127,34.1832,-81.5324,8333,Archaeologist,1994-07-09,a37c9a1bb810f6ce2a9ce681e2c06080,1340247615,33.339575,-81.933983,0,30906.0,Electronics,Online,10,08:01,58,Mobile Payment,42
922317,2019-12-31 03:56:10,3543591270174051,fraud_Dooley-Thompson,misc_net,5.07,Margaret,Lam,F,6911 Nicholas Keys Apt. 237,Armagh,PA,15920,40.4603,-79.0097,922,Early years teacher,1972-10-04,279fc5df0cd8c67fee12375ee4cb983b,1356926170,39.779722,-78.529489,0,21530.0,Restaurants,Online,8,10:41,26,Mobile Payment,270
194783,2019-04-10 15:45:27,6011860238257910,"fraud_Romaguera, Wehner and Tromp",kids_pets,116.72,Lisa,Mendez,F,44259 Beth Station Suite 215,Lahoma,OK,73754,36.385,-98.0727,1078,"Programme researcher, broadcasting/film/video",1952-07-06,27bb9a6c086e166d02c67f69710ecc72,1334072727,36.592731,-98.86867,0,73860.0,Electronics,In-store,10,14:26,54,Debit Card,329
1248223,2020-06-03 18:45:22,3518234918950662,fraud_Douglas-White,entertainment,81.52,Barbara,Lowe,F,67210 Lori Creek,Sherman,TX,75092,33.6372,-96.6184,46563,Systems developer,1970-09-11,77f950dc72730f147f52e7706d0cb13b,1370285122,34.002747,-96.387479,0,74701.0,Clothing,Online,8,05:20,50,Credit Card,434
1210389,2020-05-21 02:08:43,4181833256558613886,fraud_Hintz-Bruen,grocery_net,44.89,Jessica,Potter,F,7600 Stephen Course Suite 031,Red River,NM,87558,36.6659,-105.4694,606,"Surveyor, land/geomatics",1988-09-06,99df56ff0c4d0b11929bba6315287b5c,1369102123,35.917107,-106.199957,0,87544.0,Electronics,Online,7,04:24,54,Debit Card,108
1058160,2020-03-15 14:36:57,30029052116970,fraud_Gottlieb Group,kids_pets,110.98,Curtis,Young,M,4319 Watson Shoals Suite 658,Falconer,NY,14733,42.1239,-79.1895,3833,Metallurgist,1970-10-09,562f75263e17a177a5984a504380a0b3,1363358217,42.422684,-78.618186,0,14171.0,Restaurants,In-store,3,08:57,68,Debit Card,443
843876,2019-12-14 12:59:31,4364010865167176,fraud_Ziemann-Waters,health_fitness,62.44,Gary,Martinez,M,03512 Jackson Ports,Reno,NV,89512,39.5483,-119.7957,276896,Immunologist,1997-03-12,113e94313f4ad84ad0f034132d9c7cc7,1355489971,40.406594,-119.40708899999998,0,,Groceries,Online,9,20:32,60,Credit Card,84
252064,2019-05-05 21:23:54,501802953619,fraud_Douglas-White,entertainment,32.53,Robert,Flores,M,3277 Fields Meadows Apt. 790,Greenview,CA,96037,41.5403,-122.9366,308,Call centre manager,1958-09-20,2433f2fb26a298e4448b73b86523b2f7,1336253034,41.356432,-122.217691,0,96067.0,Groceries,Online,8,02:55,64,Mobile Payment,145
284386,2019-05-20 03:52:39,3559160581764413,fraud_Kuhic Inc,grocery_pos,101.27,Allen,Bell,M,70147 Amanda Fields,Saint Bonaventure,NY,14778,42.2701,-78.6847,1453,Toxicologist,1974-02-15,d3eb15f465cb8678db59522e11f948a7,1337485959,42.220461,-79.28094499999999,0,14782.0,Clothing,Online,5,02:28,30,Mobile Payment,146
1220821,2020-05-25 12:54:58,4482427013979020,fraud_Bins-Howell,personal_care,122.34,Leslie,Ford,F,4938 Hatfield Course,Henderson,WV,25106,38.8265,-82.1364,642,Building services engineer,1946-08-30,d7049cb094d5260342c86753b53a2f7a,1369486498,38.488105,-81.771529,0,25159.0,Electronics,Online,9,00:07,19,Credit Card,85
173976,2019-04-01 06:08:29,4427805710168,"fraud_Swaniawski, Bahringer and Ledner",grocery_net,25.9,Michelle,Rodriguez,F,1742 Brandon Squares Apt. 461,Ruidoso,NM,88355,33.3305,-105.6933,8874,Licensed conveyancer,2000-08-16,579ffa4a238d9b88241a788b34a13881,1333260509,32.645509000000004,-104.896225,0,,Entertainment,Online,6,21:51,38,Mobile Payment,465
626869,2019-09-23 11:35:24,345832460465610,fraud_Cummerata-Jones,gas_transport,56.85,Jason,Mcmahon,M,6385 Donald Square Suite 429,Springfield,VA,22151,38.8029,-77.2116,104396,Production engineer,1950-11-20,c4841fc93d2fe49416bb5d9b2d286e23,1348400124,39.235971,-77.177139,0,20882.0,Clothing,Online,3,03:46,32,Mobile Payment,124
939009,2020-01-09 16:32:12,36890292963032,"fraud_Koss, Hansen and Lueilwitz",home,50.97,Kimberly,Webb,F,380 Martin Mission,Girard,GA,30426,33.0437,-81.7106,1100,"Conservator, museum/gallery",1950-04-05,d80fcf670d7394810de4193ec53eac17,1357749132,33.985603999999995,-81.021491,0,29201.0,Clothing,In-store,1,16:19,31,Mobile Payment,370
51271,2019-01-30 23:31:33,4003989662068504,fraud_Reichel Inc,entertainment,36.08,Chris,White,M,98897 Bennett Lodge,Bessemer,AL,35022,33.3224,-86.9657,71463,Radio broadcast assistant,1989-02-08,0e303823c32aff536e2f82459cfe7e93,1327966293,33.904556,-87.16476899999999,0,35504.0,Groceries,Online,5,09:09,69,Debit Card,285
355110,2019-06-15 14:07:28,6538891242532018,"fraud_O'Connell, Botsford and Hand",home,32.73,Jodi,Rodriguez,F,5796 Lee Coves Apt. 286,Walnut Ridge,AR,72476,36.0244,-90.9288,7155,"Engineer, control and instrumentation",1977-03-23,8a38d5ca17eb20f8272d92a2258a2568,1339769248,35.33767,-90.778387,0,72324.0,Restaurants,Online,9,08:56,60,Mobile Payment,303
406710,2019-07-03 14:54:35,4839615922685395,"fraud_Witting, Beer and Ernser",home,64.38,Phillip,Robertson,M,85344 Smith Gateway Apt. 280,Harrodsburg,IN,47434,39.013000000000005,-86.5457,76,Social researcher,1955-05-06,4dde31a7608e7a390decda92d15692ca,1341327275,38.464643,-87.07256,0,47564.0,Restaurants,In-store,10,04:38,65,Mobile Payment,11
1233444,2020-05-30 02:28:32,4446368897795790,fraud_Kemmer-Reinger,grocery_net,54.51,Ryan,Joseph,M,8850 Jessica Center,Atlantic,VA,23303,37.9073,-75.5089,741,"Geologist, engineering",1986-08-17,9dbdee66e00f86f96d614e2dfdf3b82d,1369880912,38.099990000000005,-76.068812,0,21821.0,Restaurants,In-store,9,06:23,24,Credit Card,57
908820,2019-12-28 21:20:21,3596217206093829,fraud_Pacocha-Weissnat,kids_pets,7.12,Sara,Ramirez,F,23843 Scott Island,Birmingham,IA,52535,40.8626,-91.9534,888,Camera operator,1988-03-25,709f8e9b1ba833f5bb1dfdd6b9fb567e,1356729621,40.629972,-91.878353,0,52573.0,Groceries,Online,4,07:48,53,Mobile Payment,386
100840,2019-02-28 05:05:36,630451534402,fraud_Koss and Sons,gas_transport,64.02,Rachel,Daniels,F,561 Little Plain Apt. 738,Wetmore,MI,49895,46.3535,-86.6345,765,Immunologist,1972-06-12,75a3c1a28845043919512ebf3076081f,1330491936,47.170517,-87.370216,0,,Electronics,In-store,5,07:39,44,Debit Card,151
1187692,2020-05-11 09:42:21,4958589671582726883,"fraud_Zieme, Bode and Dooley",gas_transport,37.09,Aaron,Pena,M,793 Hooper Tunnel Suite 154,Burke,VA,22015,38.7894,-77.2818,43102,Health visitor,1950-11-27,dabc13c8d75b10ba3daeca2be3da3672,1368265341,39.524267,-77.319174,0,21798.0,Entertainment,Online,9,00:54,69,Mobile Payment,340
613597,2019-09-17 15:04:19,2269768987945882,"fraud_Turner, Ziemann and Lehner",food_dining,42.84,Shannon,Patterson,F,9808 Ellis Bypass,Mount Morris,NY,14510,42.6835,-77.8664,4895,Acupuncturist,1958-10-29,b38f369271eae2c265b73c893e70ade0,1347894259,43.454007,-77.555642,0,,Entertainment,Online,10,06:48,55,Debit Card,194
814643,2019-12-07 21:57:55,4972228199573984,fraud_Kilback and Sons,entertainment,7.79,Brian,Hogan,M,3316 Cindy Land,Lane,OK,74555,34.2691,-95.9685,861,Quantity surveyor,1960-04-08,0fd0f1c2cbe86cdb1b3ed58e1658cb22,1354917475,35.07617,-95.741549,0,74442.0,Clothing,In-store,4,04:00,22,Credit Card,282
1290236,2020-06-18 21:18:35,676372984911,fraud_Jast Ltd,shopping_net,7.32,Vicki,Mendoza,F,3645 Atkins Island Apt. 238,Esbon,KS,66941,39.7562,-98.4462,242,Tourism officer,1987-07-18,e87281e07c9cadcb6b6e9be245156895,1371590315,39.885424,-97.892582,0,66964.0,Groceries,Online,2,14:04,43,Debit Card,252
1174045,2020-05-05 01:11:06,30428204673351,fraud_Flatley Group,misc_pos,34.32,Greg,Villarreal,M,2851 Foster Shoals,Schaefferstown,PA,17088,40.3087,-76.2963,823,Gaffer,1982-07-02,0a5cccd1794082ec42e13e7377511632,1367716266,40.677043,-76.69414300000001,0,17867.0,Electronics,Online,1,07:49,20,Credit Card,389
347245,2019-06-12 09:57:19,377113842678100,fraud_Kutch LLC,gas_transport,32.02,Billy,Gallagher,M,673 Delgado Burg,Greenwich,NJ,8323,39.4055,-75.3209,804,Insurance risk surveyor,1965-03-25,cc69b23354fef5cbd6b33914f9a665e6,1339495039,38.546735,-74.569549,0,,Groceries,In-store,9,19:36,41,Mobile Payment,104
970660,2020-01-27 13:32:31,213161869125933,fraud_Eichmann-Kilback,home,203.31,Monica,Lane,F,3270 Scott Islands,East Andover,ME,4226,44.6084,-70.6993,190,Animal nutritionist,1970-04-17,f1530965ee36f0633b41d6710feb28f2,1359293551,44.851977000000005,-71.191615,0,3579.0,Clothing,Online,8,23:40,68,Debit Card,91
426738,2019-07-10 16:30:03,340951438290556,fraud_Monahan-Morar,personal_care,20.84,Maria,Garcia,F,865 Thomas Village,Orangeburg,NY,10962,41.0442,-73.9609,5950,Records manager,1971-07-02,b078ff7af446cdbe8dad96466ec0f6a3,1341937803,41.139628,-73.017457,0,6460.0,Entertainment,In-store,3,14:51,57,Debit Card,193
1047878,2020-03-10 11:52:10,213136802746375,fraud_Hills-Olson,grocery_net,48.9,Christine,Davis,F,736 Moss Motorway Suite 549,Humboldt,AZ,86329,34.5189,-112.2523,1179,"Civil engineer, contracting",1955-01-20,29a4915cfbe586f89a76762e870d42c1,1362916330,34.46845,-111.929502,0,86322.0,Groceries,Online,4,11:15,52,Credit Card,483
588754,2019-09-07 07:41:58,3564839259330465,fraud_Stracke-Lemke,grocery_pos,139.53,Robert,Ashley,M,1250 Christopher Prairie Suite 016,Port Costa,CA,94569,38.046,-122.1866,198,Armed forces training and education officer,1959-03-31,47629bdb9bfddca255ffd033f89d9ee3,1347003718,37.054649,-123.176749,0,,Electronics,Online,3,10:43,49,Mobile Payment,438
384143,2019-06-24 23:26:39,213125815021702,fraud_White and Sons,home,50.99,Adam,Kirk,M,40847 Stark Junctions,Big Indian,NY,12410,42.074,-74.453,397,Psychiatrist,1931-09-12,5dfdb15432ff1117f6fb9167414148fe,1340580399,42.521365,-74.643025,0,12036.0,Groceries,Online,8,15:42,23,Mobile Payment,218
820210,2019-12-08 19:44:38,180094419304907,"fraud_Reichert, Rowe and Mraz",shopping_net,39.47,Sharon,Smith,F,17666 David Valleys,Sun City,CA,92585,33.7467,-117.1721,54287,"Designer, exhibition/display",1972-09-22,d873606870557c1fde2b464db626a463,1354995878,33.612846000000005,-117.925808,0,92663.0,Electronics,In-store,1,20:42,24,Mobile Payment,258
342005,2019-06-10 08:52:29,3582402971899057,fraud_Schuppe LLC,entertainment,96.65,Michele,Patrick,F,557 Lynn Garden Suite 907,Spirit Lake,ID,83869,47.9657,-116.868,4161,Production manager,1957-06-12,9b05e9b13b365fc93039db2ed7e3c5e5,1339318349,47.353922,-117.735128,0,99004.0,Entertainment,Online,10,16:14,22,Mobile Payment,179
220989,2019-04-22 01:11:13,4092452671396169678,"fraud_Baumbach, Feeney and Morar",shopping_net,99.58,Jeffrey,Vargas,M,478 Alexandria Mount,Bolton,NC,28423,34.3091,-78.3372,2290,"Engineer, biomedical",1945-12-07,345c47197ae82d61f2206bd1d20e39db,1335057073,34.479846,-79.23571,0,28383.0,Entertainment,Online,1,05:05,57,Credit Card,38
745492,2019-11-15 09:15:23,38580485618059,"fraud_Lind, Huel and McClure",gas_transport,52.05,Teresa,Clark,F,1323 Derek Mission,Noonan,ND,58765,48.8856,-103.0098,248,Industrial/product designer,1968-05-13,8e706ea6f3ee8aa837b1c8dc561335ba,1352970923,49.091974,-103.004895,0,,Groceries,Online,7,08:47,38,Debit Card,16
682794,2019-10-18 18:09:14,344709867813900,fraud_Bashirian Group,shopping_net,4.81,Joanna,Hudson,F,2924 Bobby Trafficway,Sebring,FL,33872,27.4703,-81.4872,50835,Environmental consultant,1986-01-30,a6ad659ed3b4a865f9a97f07af7be878,1350583754,26.655469,-81.459334,0,33935.0,Entertainment,In-store,9,11:17,62,Credit Card,439
552210,2019-08-24 12:59:37,676372984911,fraud_Padberg-Sauer,home,13.06,Vicki,Mendoza,F,3645 Atkins Island Apt. 238,Esbon,KS,66941,39.7562,-98.4462,242,Tourism officer,1987-07-18,cada0d8f20f5ec9159aca64320b10e7e,1345813177,39.907842,-99.18498,0,,Electronics,In-store,6,20:19,33,Mobile Payment,338
1242348,2020-06-01 20:55:33,3587960728692500,fraud_Towne LLC,misc_pos,17.11,Kathy,Hughes,F,02110 Lucas Freeway Suite 517,Battle Creek,IA,51006,42.3327,-95.6045,1075,"Teacher, early years/pre",1997-01-02,734f8b6d2bbc46ab48a4bebbbeb1bc04,1370120133,42.843151,-95.364036,0,51047.0,Electronics,Online,7,11:21,54,Mobile Payment,315
720596,2019-11-03 20:29:31,3549202406645667,fraud_Schulist Ltd,food_dining,11.24,Larry,Williams,M,6274 David Oval Suite 725,Scarborough,ME,4074,43.5835,-70.3457,18760,Make,1933-04-02,888283ac64825e7f8529d2713cfc2e8e,1351974571,43.631313,-70.57941600000001,0,4093.0,Electronics,Online,7,13:18,59,Credit Card,131
761768,2019-11-22 14:44:03,60487002085,"fraud_Effertz, Welch and Schowalter",entertainment,83.33,David,White,M,66234 Hall Lock Suite 758,Jackson,MS,39211,32.3739,-90.1293,233060,"Horticulturist, commercial",1972-08-15,84583d17289818ed418081e142414a0a,1353595443,32.477938,-90.946868,0,39183.0,Clothing,In-store,7,11:38,18,Mobile Payment,87
1023546,2020-02-28 02:27:42,3523843138706408,"fraud_Greenfelder, Bartoletti and Davis",misc_net,10.0,Grace,Williams,F,28812 Charles Mill Apt. 628,Plantersville,AL,36758,32.6176,-86.9475,1412,Drilling engineer,1970-11-20,46644c4205dc059b4494738fe81b0228,1362018462,32.873552000000004,-87.291531,0,35034.0,Restaurants,Online,9,01:24,69,Credit Card,330
697347,2019-10-25 00:33:41,347073228412010,fraud_Cummings Group,grocery_net,45.66,Ryan,Johnson,M,40178 Lisa Mission,Alva,WY,82711,44.6873,-104.4414,110,"Administrator, local government",1973-05-16,3c5230f6539f3cea3750b7429da98156,1351125221,45.299086,-105.375607,0,59317.0,Electronics,In-store,8,02:45,69,Debit Card,306
615744,2019-09-18 21:12:53,4904681492230012,fraud_Jakubowski Inc,home,42.91,Lisa,Lowe,F,574 David Locks Suite 207,Cottekill,NY,12419,41.8467,-74.1038,722,Comptroller,1990-10-19,4d10b0cdc59a872e958ef5ca783fa00e,1348002773,41.235914,-74.94565899999999,0,18328.0,Groceries,Online,3,15:49,40,Mobile Payment,57
1220940,2020-05-25 13:31:27,4512828414983801773,fraud_Osinski Inc,personal_care,24.36,Monica,Cohen,F,864 Reynolds Plains,Uledi,PA,15484,39.8936,-79.7856,328,Tree surgeon,1983-07-25,e750b5af692fbff76b537d50484a3600,1369488687,39.592062,-79.334182,0,21520.0,Entertainment,In-store,7,23:10,19,Mobile Payment,101
879447,2019-12-22 05:36:37,3593399694467427,fraud_Rempel Inc,shopping_net,4.57,Douglas,Smith,M,85932 Marc Throughway Apt. 080,Knowlesville,NY,14479,43.2363,-78.3138,275,TEFL teacher,1964-08-18,d2524e2cb1ac6a792126e0e47a2a3026,1356154597,44.204381,-78.10518,0,,Entertainment,Online,2,01:35,70,Mobile Payment,485
1132037,2020-04-16 13:40:52,6011367958204270,fraud_Erdman-Schaden,personal_care,108.62,Tammy,Ayers,F,1652 James Mews,Hinckley,OH,44233,41.2419,-81.7453,7646,Medical sales representative,1988-09-15,dca1c597b5e22430504c209b5c77335b,1366119652,42.055566,-81.070708,0,,Clothing,Online,4,20:19,41,Mobile Payment,494
90618,2019-02-23 12:42:52,3587044315915002,fraud_Wilkinson Ltd,entertainment,84.16,Christian,Roman,M,495 Fisher Throughway,Grand Junction,TN,38039,35.0659,-89.1534,1804,Clothing/textile technologist,1974-10-15,d0435e4ce981a1e988c21de2edd4912a,1330000972,35.179525,-88.57032099999999,0,38375.0,Electronics,Online,10,08:10,63,Credit Card,442
7242,2019-01-05 18:28:36,3550554389581384,fraud_Kutch-Wilderman,home,62.77,Ryan,Foster,M,03921 Cole Mission Suite 882,Hampton,FL,32044,29.8575,-82.1483,2060,Oncologist,1983-11-10,8ca7ca8cab5fdf0ab46a71a218c1e76e,1325788116,30.076679,-82.342208,0,32054.0,Entertainment,In-store,6,17:19,44,Mobile Payment,460
361082,2019-06-17 02:11:22,213156747557083,fraud_Hills-Olson,grocery_net,30.17,Adam,Santos,M,725 Jo Trace Apt. 102,Glendale,CA,91206,34.1556,-118.2322,172817,Advertising account planner,1982-07-30,fdadbcaa9b7407b5f3dabbbc014e4208,1339899082,33.161927,-118.19892,0,,Groceries,Online,6,08:40,26,Debit Card,201
783089,2019-11-30 21:27:43,3576021480694169,fraud_Lind-Buckridge,entertainment,15.28,Dawn,Gray,F,9486 Joel Common Suite 554,Topeka,KS,66618,39.1329,-95.7023,163415,Secondary school teacher,2004-12-30,21553988ca98a9371ab8916075ea9aef,1354310863,38.981195,-95.447588,0,66542.0,Restaurants,Online,9,20:45,36,Mobile Payment,470
90067,2019-02-23 01:41:22,502012776709,fraud_Bauch-Raynor,grocery_pos,119.28,Sherry,Martinez,F,144 Yu Locks Apt. 754,Garrattsville,NY,13342,42.6315,-75.1866,165,Naval architect,1945-09-20,34fc3c8a73e7f361dbed193601c547c6,1329961282,43.143703,-75.756385,0,13032.0,Clothing,In-store,6,02:09,27,Debit Card,242
999219,2020-02-13 20:54:59,30434173205605,fraud_Weimann-Lockman,kids_pets,176.38,Kylie,Kirby,F,79816 Jackson Squares,Shedd,OR,97377,44.453,-123.1065,917,Radio broadcast assistant,1995-07-08,aaf21d0ce9135c009f34d9001d1f99d9,1360788899,44.211994,-122.7424,0,97454.0,Electronics,Online,5,19:41,54,Debit Card,259
406655,2019-07-03 14:26:52,4384910379661778,fraud_Waelchi-Wolf,kids_pets,102.34,Michelle,Russell,F,55505 Christy Via,Hawley,MN,56549,46.9777,-96.4092,4508,Naval architect,1949-04-24,072ad2cd5522cb6fec7dd5ea5e76547e,1341325612,47.815503,-96.122134,0,56715.0,Electronics,In-store,3,14:03,53,Debit Card,474
885114,2019-12-23 02:33:20,213124978348176,"fraud_Moore, Dibbert and Koepp",misc_net,68.02,Steven,Arnold,M,079 Chelsea Rest,Belfast,NY,14711,42.32,-78.0943,1766,Mechanical engineer,1962-06-04,e189e6f3bfe444fe5d3f3e985380d9bf,1356230000,42.063241,-79.01899499999999,0,14747.0,Entertainment,In-store,1,17:38,52,Credit Card,431
1267267,2020-06-10 09:17:32,4260059589824237,"fraud_Connelly, Reichert and Fritsch",gas_transport,66.53,Aaron,Rogers,M,969 Huerta Path Apt. 270,Valentine,NE,69201,42.8062,-100.6215,4005,Network engineer,1945-03-15,6eae3f1a9bf55874e42ebfba15901925,1370855852,43.657671,-100.796848,0,57579.0,Electronics,In-store,2,17:10,49,Debit Card,6
576067,2019-09-01 14:13:56,375248307838179,"fraud_Hills, Hegmann and Schaefer",health_fitness,121.6,Joshua,Mendoza,M,4215 Miranda Field Suite 326,Tallmansville,WV,26237,38.8564,-80.158,571,Accounting technician,1967-09-16,e06554343bed160885fe75961362cde0,1346508836,39.197574,-79.780411,0,26425.0,Clothing,In-store,10,14:49,54,Debit Card,331
568540,2019-08-30 05:09:50,3558881852140592,fraud_Klocko LLC,misc_net,1.59,Christopher,Holt,M,05597 Michael Spurs,Parks,AZ,86018,35.2563,-111.95,759,"Geologist, engineering",1957-03-28,083022dcdfece88c2879d4ec87186534,1346303390,35.350227000000004,-112.564742,0,,Entertainment,Online,4,11:12,69,Credit Card,257
700325,2019-10-26 11:46:52,4446368897795790,fraud_Williamson LLC,misc_pos,33.14,Ryan,Joseph,M,8850 Jessica Center,Atlantic,VA,23303,37.9073,-75.5089,741,"Geologist, engineering",1986-08-17,95fb17c6272e1158c823e163959ea9dd,1351252012,38.47699,-74.536209,0,,Clothing,In-store,7,00:37,20,Debit Card,396
1238001,2020-05-31 18:18:41,348789608637806,fraud_Gleason and Sons,kids_pets,86.32,Megan,Murphy,F,53696 Laura Radial,Holstein,NE,68950,40.4542,-98.6538,331,Telecommunications researcher,1950-08-19,f59e0ddef67121622ec9bb137b930579,1370024321,40.107611,-99.652189,0,68977.0,Clothing,Online,1,13:55,67,Debit Card,431
259500,2019-05-09 12:06:14,2252055259910912,fraud_Bernier and Sons,kids_pets,46.42,Jason,Hernandez,M,220 Frank Gardens,Hewitt,WI,54441,44.6437,-90.1031,828,Arts development officer,1991-08-19,9d3a3d1c2d9833333b631912d05ffcd0,1336565174,45.430476,-89.961929,0,54564.0,Electronics,Online,3,21:34,25,Debit Card,500
1114985,2020-04-08 18:56:18,3502088871723054,fraud_Roob-Okuneva,health_fitness,6.95,Scott,Martin,M,31472 Cody Place Suite 740,Kensington,MD,20895,39.0298,-77.0793,19054,Operations geologist,1976-09-08,d811099cdecc9be25cb1eff908edbc7e,1365447378,38.623657,-77.566354,0,20119.0,Electronics,In-store,5,12:20,62,Credit Card,358
291274,2019-05-23 14:46:01,30044330818990,"fraud_McCullough, Hudson and Schuster",food_dining,48.61,Allison,Ayala,F,87665 Karen Mill Apt. 586,Fort Myers,FL,33967,26.4722,-81.8122,224256,Paramedic,1985-08-29,3a078431aa69732d1a3b8faab1954715,1337784361,25.884464,-82.657893,0,,Restaurants,In-store,2,15:17,67,Mobile Payment,417
795491,2019-12-02 21:43:02,4939976756738216,fraud_Gerlach Inc,shopping_net,150.33,Michelle,Johnston,F,3531 Hamilton Highway,Roma,TX,78584,26.4215,-99.0025,18128,IT trainer,1990-11-07,2424f6338e40d2bb416f752fbb5e566d,1354484582,27.192382,-98.742535,0,78361.0,Entertainment,In-store,9,04:03,27,Credit Card,81
461473,2019-07-22 17:02:07,3559723917628303,fraud_Schuppe LLC,entertainment,63.97,Matthew,Huerta,M,622 Williams Trafficway,Ringwood,IL,60072,42.4048,-88.3054,928,Outdoor activities/education manager,1985-05-13,c889661cc12366f5e3db59367e0f1b99,1342976527,41.589084,-87.436389,0,46323.0,Electronics,Online,3,17:43,54,Mobile Payment,19
922221,2019-12-31 02:54:26,213155997615567,fraud_Miller-Hauck,grocery_pos,293.09,James,Yoder,M,83359 Lopez Point,Clune,PA,15727,40.5503,-79.3237,168,Race relations officer,1978-10-04,89c143b1c4c01a44634edb6abeea0a7b,1356922466,39.878164,-79.35225799999999,1,15551.0,Clothing,Online,1,21:29,38,Debit Card,458
456514,2019-07-21 11:40:56,4208110975550360171,fraud_Christiansen-Gusikowski,misc_pos,34.06,David,Bonilla,M,82073 Jessica Camp,West Green,GA,31567,31.6143,-82.7243,782,Audiological scientist,1982-01-16,146351e8ab6df165efdb9dc1b069c78d,1342870856,31.994934000000004,-83.47357,0,31079.0,Clothing,Online,2,05:16,26,Mobile Payment,275
619791,2019-09-21 00:28:45,3531129874770000,fraud_Erdman-Kertzmann,gas_transport,65.81,Shelby,Mitchell,F,974 Cindy Stream,Brandon,VT,5733,43.8065,-73.0882,5895,"Scientist, marine",1975-07-13,62e27a840626a0224e26a89227e8c126,1348187325,44.341248,-73.591351,0,12950.0,Electronics,Online,2,22:15,55,Credit Card,482
14309,2019-01-08 23:10:08,4587657402165341815,fraud_Waelchi-Wolf,kids_pets,64.55,Amber,Lewis,F,6296 John Keys Suite 858,Pembroke Township,IL,60958,41.0646,-87.5917,2135,"Psychotherapist, child",2004-05-08,23a0d4434766fee5e30978d97f7f59b8,1326064208,41.095708,-87.041269,0,46392.0,Entertainment,In-store,5,11:40,33,Mobile Payment,231
1226611,2020-05-26 22:22:48,3524574586339330,fraud_Padberg-Rogahn,entertainment,30.81,Ashley,Cabrera,F,94225 Smith Springs Apt. 617,Vero Beach,FL,32960,27.633000000000003,-80.4031,105638,"Librarian, public",1986-05-07,32b39a0c9186f8817b9336541f1fb6de,1369606968,27.79784,-80.945854,0,34739.0,Entertainment,Online,8,17:00,44,Debit Card,363
944538,2020-01-12 17:03:46,3557442674264531,fraud_Kilback LLC,food_dining,44.92,Angela,Edwards,F,486 Wilkins Pines,Lithopolis,OH,43136,39.8013,-82.8125,460,"Lecturer, higher education",2004-06-19,493da98006a032ddecb22a9fbb8924c5,1358010226,39.929438,-82.422791,0,43076.0,Groceries,In-store,9,02:07,58,Mobile Payment,253
513691,2019-08-10 19:29:43,4069975342931683,"fraud_Daugherty, Pouros and Beahan",shopping_pos,276.31,Kimberly,Martin,F,1943 Dennis Inlet Suite 145,Hurricane,WV,25526,38.4257,-81.9943,21902,Sub,1980-09-18,94640071b5a988ddae6d6f6d63e14cc0,1344626983,38.610491,-82.175797,0,25503.0,Groceries,Online,3,04:29,26,Mobile Payment,285
240930,2019-04-30 17:37:20,3513506355699497,fraud_Kuhn Group,food_dining,66.06,Sarah,Adams,F,5654 Peterson Land,Ridgeland,MS,39157,32.4122,-90.1207,24645,"Scientist, clinical (histocompatibility and immunogenetics)",1966-05-29,2b3dc9b415f3cac36ff69ea6d55ec473,1335807440,32.393016,-89.598628,0,39117.0,Electronics,In-store,3,15:07,65,Mobile Payment,394
301049,2019-05-26 21:23:07,4505383113689,"fraud_McLaughlin, Armstrong and Koepp",travel,8.82,Alicia,Hawkins,F,507 John Overpass Suite 424,Harwood,MD,20776,38.8582,-76.6145,3289,Quantity surveyor,1933-03-15,35ab647689bb7b2aedefdeb3eed59763,1338067387,39.379739,-76.50830699999999,0,21236.0,Restaurants,In-store,2,07:08,25,Mobile Payment,83
1220865,2020-05-25 13:11:09,4610050989831291,fraud_Connelly-Carter,home,79.69,James,Lynch,M,5155 Mary Common Apt. 927,Utica,PA,16362,41.4798,-79.9403,1102,Garment/textile technologist,1989-07-08,caaaadfb5602f055d0488ad061eb3876,1369487469,42.173435,-79.952475,0,16421.0,Entertainment,Online,8,19:50,53,Debit Card,260
689563,2019-10-21 03:01:10,3547560454237873,fraud_Boyer PLC,shopping_net,5.19,Jerry,Robinson,M,212 Mary Stream,Arcadia,MI,49613,44.5232,-86.2061,680,"Designer, jewellery",1966-12-21,21d583a0f37d9202d47e7b7229faa50f,1350788470,45.036762,-86.652991,0,,Entertainment,Online,2,05:29,60,Mobile Payment,463
113000,2019-03-04 23:20:55,376656886990758,fraud_Gerlach Inc,shopping_net,1.6,Richard,Vance,M,169 Shelia Knoll Suite 753,Zavalla,TX,75980,31.1569,-94.3871,2836,"Designer, jewellery",1985-12-03,c90bdbe2b241e911ab60c958a5b437d8,1330903255,31.212638,-93.713198,0,,Clothing,In-store,6,02:34,38,Credit Card,258
1204090,2020-05-18 13:17:08,4428154703770710,fraud_Fadel-Hilpert,health_fitness,26.96,Brittany,Guerra,F,79209 Gary Dale,Colton,WA,99113,46.5901,-117.1692,761,Chief Marketing Officer,1943-06-30,c6efae8ad536be1ea587b81a31722f60,1368883028,47.251808,-118.113485,0,99032.0,Groceries,In-store,10,05:18,25,Credit Card,97
35435,2019-01-21 19:11:41,371226440126102,fraud_Friesen-Ortiz,personal_care,14.61,Stacy,Lambert,F,85430 Julie Trafficway Suite 792,Mulberry Grove,IL,62262,38.9311,-89.2463,1810,Race relations officer,1974-12-24,650526a6a53e77c57b1655987624e709,1327173101,38.008543,-88.741364,0,62860.0,Groceries,In-store,1,00:00,25,Debit Card,70
1070381,2020-03-20 17:39:21,4334230547694630,fraud_Friesen-Ortiz,personal_care,10.56,Scott,Martin,M,7483 Navarro Flats,Freedom,WY,83120,43.0172,-111.0292,471,"Education officer, museum",1967-08-02,274ca0a39b7f9d96fb9de85c3fea3190,1363801161,43.460877,-110.925158,0,83014.0,Electronics,Online,4,11:24,24,Credit Card,170
108652,2019-03-03 15:50:06,30131826429364,fraud_Hills-Witting,shopping_net,261.28,Brianna,Foley,F,57256 Raymond Ports,Knoxville,TN,37932,35.9335,-84.1481,391389,"Designer, industrial/product",1994-04-22,89ea57a70a6f6fd1bdf10306e234a5c3,1330789806,35.624824,-83.693795,0,37882.0,Groceries,Online,7,04:45,27,Credit Card,46
573027,2019-08-31 18:49:00,377993105397617,fraud_Breitenberg LLC,travel,429.93,Nathan,Martinez,M,586 Thomas Cliffs,Oconto Falls,WI,54154,44.8755,-88.1555,5548,Mining engineer,1975-09-11,96bcbb97f594baac82e7301856a9072b,1346438940,45.776144,-87.207592,0,49807.0,Restaurants,In-store,5,03:40,49,Credit Card,397
718822,2019-11-03 08:34:45,6547670341037171,fraud_Bauch-Raynor,grocery_pos,115.32,Bryce,Joseph,M,148 Baker Field,Chester Heights,PA,19017,39.8839,-75.4669,348,Management consultant,1945-05-05,20cbb56a7c1c05f8bc201f1c9b5f92d4,1351931685,40.653228000000006,-75.65513399999999,0,18078.0,Restaurants,In-store,4,17:52,63,Debit Card,324
1215954,2020-05-24 02:09:48,4099707841315751,fraud_Kuhn LLC,misc_net,87.35,James,Stephens,M,1166 Castillo Mountains,Ruckersville,VA,22968,38.2586,-78.4074,9815,"Designer, ceramics/pottery",1975-07-07,db7e4641f03f20dbe42d36e83dc8185f,1369361388,39.250045,-78.707575,0,26761.0,Entertainment,In-store,4,06:25,36,Mobile Payment,164
486729,2019-08-01 01:53:43,213178850083780,fraud_Wisozk and Sons,misc_pos,36.58,Shawn,King,M,31493 Garcia Summit,Athena,OR,97813,45.8289,-118.4971,1302,Dealer,1976-10-18,bbfec5ffd6e3c7360b53b11b23c068ae,1343786023,46.518099,-118.845609,0,99301.0,Clothing,In-store,4,04:48,30,Credit Card,37
1287294,2020-06-17 10:09:06,213113338379864,fraud_Grimes LLC,entertainment,2.11,Larry,Vaughan,M,83555 Melinda Spurs,Kingsville,MD,21087,39.4558,-76.4147,5451,Science writer,1961-12-05,27dcb6b2f9e6319e38de296dba01a6db,1371463746,39.681431,-76.123659,0,21918.0,Clothing,Online,9,01:52,42,Credit Card,73
1279799,2020-06-15 08:00:32,4681699462969,"fraud_Lind, Huel and McClure",gas_transport,61.25,Joseph,Gonzalez,M,319 Wendy Fort Suite 179,Murfreesboro,TN,37132,35.8596,-86.421,158701,"Journalist, newspaper",1978-03-06,2dc18e53dbcafd7eaffa92705c1f0e11,1371283232,35.95297,-85.77458100000001,0,37166.0,Entertainment,In-store,9,02:32,51,Debit Card,314
563798,2019-08-28 01:07:45,4990494243023,fraud_Prohaska-Murray,gas_transport,56.19,Martin,Ford,M,56812 Francis Courts,Corriganville,MD,21524,39.6967,-78.8031,626,Energy engineer,1960-12-13,f208a125d8e10522c360f3cdcf0f1634,1346116065,39.430666,-78.877888,0,26710.0,Restaurants,Online,4,02:05,30,Debit Card,113
1008268,2020-02-18 15:34:44,6011917798331152,"fraud_Bahringer, Osinski and Block",food_dining,13.7,William,Johnson,M,50843 Vincent Mission,South Londonderry,VT,5155,43.1699,-72.8515,828,Scientific laboratory technician,1957-08-30,5b161b9ef0e1d3c5247f160479043e05,1361201684,43.977098,-72.586975,0,5061.0,Clothing,In-store,2,03:42,61,Credit Card,158
59443,2019-02-04 20:27:29,3513618443244549,"fraud_Windler, Goodwin and Kovacek",home,36.49,Amber,Perez,F,954 Reyes Ways,Fulton,SD,57340,43.7588,-97.8712,355,Financial adviser,1955-06-26,21836f313bee3144136b686eedf2f025,1328387249,43.617781,-98.282612,0,57363.0,Restaurants,Online,8,19:48,32,Debit Card,272
153563,2019-03-23 18:01:28,6538441737335434,fraud_Harris Group,food_dining,4.88,Gina,Grimes,F,444 Robert Mews,Clarks Mills,PA,16114,41.3851,-80.1752,606,Energy manager,1997-09-22,506e0ce3572a78efe0f5ebe620132826,1332525688,41.118286,-79.685142,0,16049.0,Entertainment,Online,10,07:46,20,Mobile Payment,147
979878,2020-02-02 09:20:36,4839615922685395,fraud_Mohr Inc,shopping_pos,7.9,Phillip,Robertson,M,85344 Smith Gateway Apt. 280,Harrodsburg,IN,47434,39.013000000000005,-86.5457,76,Social researcher,1955-05-06,2cfaed24da1570a007a42ec75525c790,1359796836,38.860417,-86.653711,0,47462.0,Groceries,Online,7,10:34,23,Credit Card,228
494631,2019-08-03 23:20:00,342360239917375,fraud_Nolan-Williamson,kids_pets,42.32,Gabriella,Jordan,F,1299 Joshua Plains,Howes Cave,NY,12092,42.7045,-74.3648,1304,Jewellery designer,1970-06-09,0f4b64db9810c6a4db92873cd1708dbc,1344036000,43.300384,-74.16891700000001,0,12134.0,Clothing,Online,7,09:11,24,Credit Card,44
426580,2019-07-10 14:52:49,4716561796955522,fraud_Herman Inc,misc_pos,114.78,Lauren,Anderson,F,11014 Chad Lake Apt. 573,Heart Butte,MT,59448,48.2777,-112.8456,743,Water engineer,1972-05-04,5d3f831439a80c85aa8dfb5517f15165,1341931969,49.057393,-113.372472,0,,Groceries,Online,3,11:15,58,Debit Card,408
697892,2019-10-25 09:07:42,4342532437704183,fraud_Erdman-Kertzmann,gas_transport,84.86,Kevin,Elliott,M,1852 Vincent Isle Suite 328,Newark Valley,NY,13811,42.2281,-76.1625,4354,Further education lecturer,1994-02-16,8544c755179d2fa5d2d756562614f2c3,1351156062,41.754979,-76.056933,0,18828.0,Electronics,Online,9,21:55,52,Debit Card,55
907787,2019-12-28 17:41:50,4497451418073897078,"fraud_Little, Gutmann and Lynch",shopping_net,7.82,Elizabeth,Glover,F,246 Stewart Green Suite 149,West Monroe,LA,71291,32.5317,-92.176,54185,"Radiographer, diagnostic",1992-11-20,9b09dd92510f96ebcf94c12d84671f1b,1356716510,32.872646,-92.4882,0,71277.0,Clothing,In-store,8,18:49,61,Credit Card,104
1132971,2020-04-17 00:33:33,3550554389581384,fraud_Spencer-Runolfsson,misc_pos,26.39,Ryan,Foster,M,03921 Cole Mission Suite 882,Hampton,FL,32044,29.8575,-82.1483,2060,Oncologist,1983-11-10,a5474d893f427e93d83cd635e9e5981b,1366158813,30.622522,-81.72605899999999,0,32011.0,Restaurants,Online,3,22:36,63,Mobile Payment,246
1082756,2020-03-25 15:04:29,4344955088481397,"fraud_Cole, Hills and Jewess",home,75.43,Christopher,Rodgers,M,30587 Fox Shores Apt. 627,Fenelton,PA,16034,40.8555,-79.7372,2054,Communications engineer,1976-09-29,0a16f0a99f82796b3a94f2570aff8b8d,1364223869,41.697115,-79.141809,0,16347.0,Clothing,Online,5,10:28,62,Credit Card,452
957329,2020-01-19 21:41:09,30150717898388,fraud_Pacocha-Weissnat,kids_pets,8.35,Raymond,Lloyd,M,5930 Rebecca Bridge Apt. 444,Paint Rock,AL,35764,34.7031,-86.3068,653,Paediatric nurse,1966-06-19,a220675d0d3711e17e89edebf7de9d5f,1358631669,33.737272999999995,-87.105817,0,35062.0,Electronics,Online,1,10:27,20,Debit Card,396
1012467,2020-02-21 19:30:49,3525590521269779,fraud_Goldner-Lemke,entertainment,4.52,Scott,Fuller,M,861 Karen Common,Haw River,NC,27258,36.0424,-79.3242,6006,Paramedic,1984-07-20,dbaf197401d800b30fdac97bcb32294c,1361475049,36.443045,-78.886188,0,27574.0,Entertainment,In-store,4,08:07,51,Mobile Payment,172
872572,2019-12-20 22:14:02,4149238353975790,"fraud_Mante, Luettgen and Hackett",health_fitness,74.83,Tanner,Carroll,M,494 Burke Ports,Cokeburg,PA,15324,40.1008,-80.0652,632,Dealer,1989-04-08,1bb7ad21a5a0e9a99517a0b9a710c8b8,1356041642,40.495978,-79.920416,0,15215.0,Groceries,In-store,9,08:22,64,Mobile Payment,240
329433,2019-06-06 06:33:32,3517814635263522,fraud_Kiehn Inc,grocery_pos,120.08,William,Cannon,M,43809 Kenneth Circles Suite 152,Union,WV,24983,37.5802,-80.5248,2443,Chartered public finance accountant,1941-10-16,b96651b027d5bc938aa347dfec054dbd,1338964412,37.08787,-79.624183,0,24121.0,Clothing,In-store,3,02:54,65,Credit Card,131
349539,2019-06-13 10:57:14,6011149206456997,"fraud_Tillman, Fritsch and Schmitt",misc_net,146.71,Jeffrey,White,M,8617 Holmes Terrace Suite 651,Tuscarora,MD,21790,39.2667,-77.5101,100,"Production assistant, television",1979-12-11,a86f695eee5bf900ddb9ab9ca5d73632,1339585034,38.274756,-76.850039,0,20645.0,Groceries,Online,6,16:35,25,Mobile Payment,269
296833,2019-05-25 19:16:13,4474324669797121,fraud_Rippin-VonRueden,health_fitness,39.75,Matthew,Russell,M,168 Michael Coves Suite 343,June Lake,CA,93529,37.7773,-119.0825,633,Health service manager,1927-09-09,41e4ba571de096a9826c7cb2baa46482,1337973373,37.52736,-119.286975,0,,Clothing,In-store,9,16:03,33,Mobile Payment,180
884695,2019-12-23 00:27:13,630441765090,"fraud_Reilly, Heaney and Cole",gas_transport,90.58,Susan,Washington,F,759 Erin Mount Suite 956,May,TX,76857,31.9571,-98.9656,1791,Corporate investment banker,1965-07-26,075e87c1a3e42af08c7adf08e996055e,1356222433,31.168969,-99.105506,0,76872.0,Entertainment,In-store,10,13:32,28,Credit Card,415
408250,2019-07-04 06:43:56,4973530368125489546,fraud_Kutch Group,grocery_net,60.33,Mary,Rodriguez,F,8986 Fitzgerald Plains,Winslow,AR,72959,35.8312,-94.1187,2786,Musician,1965-09-27,409b76266e3a4954d12e4ddab74c4dec,1341384236,36.68867,-93.539089,0,65624.0,Restaurants,Online,3,05:13,33,Credit Card,135
173696,2019-04-01 03:27:34,573860193545,fraud_Padberg-Welch,grocery_pos,50.2,Cristian,Jones,M,0423 Kirby Field Suite 623,Wilmette,IL,60091,42.0765,-87.7246,27020,Trade mark attorney,1986-07-23,46db9c92902c08632b48c404c148a1a2,1333250854,41.233973,-87.172984,0,46341.0,Clothing,In-store,2,18:23,42,Debit Card,421
286401,2019-05-20 19:41:49,676372984911,fraud_Beier and Sons,home,125.98,Vicki,Mendoza,F,3645 Atkins Island Apt. 238,Esbon,KS,66941,39.7562,-98.4462,242,Tourism officer,1987-07-18,914d64ccebeaaae7900e96696e071868,1337542909,39.638182,-98.916164,0,67628.0,Restaurants,Online,9,18:46,26,Debit Card,364
124824,2019-03-10 16:42:28,4810789809665942990,"fraud_Turcotte, Batz and Buckridge",health_fitness,14.63,Julie,Sanchez,F,916 Charles Road,Bowersville,OH,45307,39.5756,-83.7153,338,Quantity surveyor,1988-07-28,e1b8b8034574729dde56a0445737c04c,1331397748,39.735313,-83.95883,0,45434.0,Restaurants,In-store,6,21:18,28,Debit Card,365
188834,2019-04-07 21:34:29,3502088871723054,"fraud_Schuppe, Nolan and Hoeger",shopping_pos,3.06,Scott,Martin,M,31472 Cody Place Suite 740,Kensington,MD,20895,39.0298,-77.0793,19054,Operations geologist,1976-09-08,bced4d7eaa258187ff1fe904079eaa02,1333834469,38.816577,-76.145317,0,21663.0,Electronics,Online,10,05:14,40,Credit Card,141
227893,2019-04-25 12:07:15,213178850083780,fraud_Lemke and Sons,travel,483.73,Shawn,King,M,31493 Garcia Summit,Athena,OR,97813,45.8289,-118.4971,1302,Dealer,1976-10-18,7818adac59210df48a52fa7bc3058917,1335355635,45.471886,-118.117341,0,97876.0,Clothing,Online,8,15:13,33,Credit Card,390
932473,2020-01-05 17:01:44,4457732997086323466,fraud_Johnston-Casper,travel,542.47,Stanley,Mayo,M,3433 Jones Branch,Fiddletown,CA,95629,38.5234,-120.6763,832,Immigration officer,1987-05-19,5e40830bf62f105a18ba4f52247f6a82,1357405304,38.786958,-120.026008,0,96150.0,Groceries,In-store,6,21:40,59,Credit Card,314
1215675,2020-05-23 23:42:36,4861310130652566408,"fraud_Effertz, Welch and Schowalter",entertainment,118.46,Ashley,Cruz,F,65417 Walsh Radial Suite 691,Saint Amant,LA,70774,30.2385,-90.8435,10076,"Surveyor, rural practice",1977-12-16,b809a06f763b1df46d98efd58a1d0649,1369352556,29.425176,-90.637997,0,70344.0,Restaurants,In-store,8,11:23,70,Mobile Payment,163
965902,2020-01-25 11:48:54,4149238353975790,fraud_Barton Inc,grocery_pos,94.65,Tanner,Carroll,M,494 Burke Ports,Cokeburg,PA,15324,40.1008,-80.0652,632,Dealer,1989-04-08,ad45466a949f4a14c79e6f0ad3e5ad8e,1359114534,40.384311,-80.90215,0,43976.0,Groceries,In-store,7,05:32,31,Debit Card,48
404012,2019-07-02 03:36:44,2713913904780408,fraud_Boyer-Reichert,shopping_net,85.17,Jacqueline,Howard,F,4511 Choi Lock,Delhi,LA,71232,32.3929,-91.4714,6581,Multimedia programmer,1964-02-13,624abb07a38062026152a5ca0aa0c638,1341200204,33.333769000000004,-90.547214,0,38753.0,Entertainment,In-store,4,20:13,70,Debit Card,311
880471,2019-12-22 10:36:36,4904681492230012,fraud_O'Keefe-Hudson,grocery_pos,66.92,Lisa,Lowe,F,574 David Locks Suite 207,Cottekill,NY,12419,41.8467,-74.1038,722,Comptroller,1990-10-19,25ce6bc3eae62d50b20452f7f902f0dd,1356172596,42.542495,-74.919831,0,12116.0,Clothing,In-store,5,17:22,51,Credit Card,376
813104,2019-12-07 16:08:30,38052002992326,fraud_Cole PLC,grocery_pos,54.4,Anna,Logan,F,3522 Park Wells Suite 528,Cleveland,TX,77327,30.33,-95.0202,34153,Building surveyor,1995-09-11,cbdcf9dd60196670b9abe497ef1f049c,1354896510,29.345749,-95.791666,0,77444.0,Electronics,In-store,3,23:29,29,Credit Card,83
246841,2019-05-04 01:53:56,4629451965224809,fraud_Harris Inc,gas_transport,87.57,Karen,Warren,F,4900 Curtis Gardens Suite 952,Hahira,GA,31632,30.9416,-83.3574,10295,"Teacher, special educational needs",1997-12-26,cd0cc3b92eb86ed7ceba717049802a2f,1336096436,31.642725,-84.173541,0,31707.0,Groceries,In-store,6,15:35,30,Credit Card,342
953954,2020-01-18 12:31:44,4926376199189801,fraud_Hills-Witting,shopping_net,20.14,Claire,Davis,F,83685 Matthew Center Suite 870,Cherokee Village,AR,72529,36.3011,-91.5281,4726,Pharmacologist,1977-06-07,4dbb6602c6f7a89b05104550e5f85f25,1358512304,37.136372,-90.909709,0,63638.0,Restaurants,In-store,3,20:05,23,Credit Card,76
630239,2019-09-24 23:30:18,3596217206093829,fraud_Satterfield-Lowe,travel,4.45,Sara,Ramirez,F,23843 Scott Island,Birmingham,IA,52535,40.8626,-91.9534,888,Camera operator,1988-03-25,1afcc84da062013198ed2d576ea863af,1348529418,40.053107,-92.586511,0,63549.0,Restaurants,In-store,2,23:59,54,Mobile Payment,354
804680,2019-12-05 15:33:30,4384910379661778,fraud_Tromp Group,travel,6.73,Michelle,Russell,F,55505 Christy Via,Hawley,MN,56549,46.9777,-96.4092,4508,Naval architect,1949-04-24,d3f6df6d2f862ad34d49f8960c8b75ac,1354721610,46.343358,-96.570279,0,56520.0,Clothing,Online,9,09:34,47,Credit Card,436
1078864,2020-03-24 00:40:47,213125815021702,fraud_Goodwin-Nitzsche,grocery_pos,125.52,Adam,Kirk,M,40847 Stark Junctions,Big Indian,NY,12410,42.074,-74.453,397,Psychiatrist,1931-09-12,834e1da201d1938a0457a8d1a2d1113a,1364085647,42.176556,-74.289017,0,12492.0,Clothing,Online,1,19:53,54,Credit Card,26
96312,2019-02-26 06:36:12,4149238353975790,"fraud_Labadie, Treutel and Bode",shopping_net,102.07,Tanner,Carroll,M,494 Burke Ports,Cokeburg,PA,15324,40.1008,-80.0652,632,Dealer,1989-04-08,66217d32a370610f21ee85bde2980e76,1330238172,41.07985,-80.697568,0,44511.0,Clothing,Online,10,22:18,51,Mobile Payment,125
261767,2019-05-10 16:38:42,4681601008538160,fraud_Gottlieb Group,kids_pets,125.38,Tammy,Davis,F,77663 Colleen Freeway,Moundsville,WV,26041,39.9148,-80.73100000000001,16183,Physiotherapist,1977-08-12,db4ca0148345b1dae4766d3550b0a94a,1336667922,40.830508,-79.830375,0,16002.0,Entertainment,Online,6,13:42,33,Debit Card,220
564607,2019-08-28 12:57:56,3518669219150142,fraud_Schroeder Group,health_fitness,5.14,Dorothy,Thomas,F,537 Rice Square Suite 040,Milford,OH,45150,39.1657,-84.23299999999999,31394,Hospital doctor,1996-11-12,5dec686c93fdd118c808733505904dc8,1346158676,38.66854,-83.67065500000001,0,45144.0,Groceries,Online,4,07:13,24,Debit Card,254
475345,2019-07-28 04:46:37,4424338559877976,fraud_Pfeffer and Sons,shopping_pos,1.53,Denise,Barnett,F,23220 Eaton Harbors,Kirby,OH,43330,40.813,-83.4196,118,Private music teacher,1957-11-12,06f8790cb41c8ca72d91747148d37fea,1343450797,41.648554,-84.27125500000001,0,43521.0,Groceries,Online,3,19:27,63,Mobile Payment,62
925165,2020-01-01 06:57:10,345933964507467,fraud_Murray-Smitham,grocery_pos,131.39,Carol,Dillon,F,27479 Reeves Dale,Whaleyville,MD,21872,38.4121,-75.2811,718,Regulatory affairs officer,1985-03-19,421a6f20cf334270f3139e946a0d2243,1357023430,39.000961,-74.547651,0,,Entertainment,In-store,3,12:39,55,Mobile Payment,497
688731,2019-10-20 20:48:50,3518669219150142,fraud_Runte-Mohr,food_dining,1.39,Dorothy,Thomas,F,537 Rice Square Suite 040,Milford,OH,45150,39.1657,-84.23299999999999,31394,Hospital doctor,1996-11-12,2970a4948dc7b7a8168fcbb6f189efe4,1350766130,38.646813,-83.927298,0,41044.0,Groceries,Online,10,00:00,57,Mobile Payment,328
629717,2019-09-24 16:36:46,3598014571045296,"fraud_McDermott, Osinski and Morar",home,29.92,Lisa,Clark,F,07943 Davis River,Grimesland,NC,27837,35.558,-77.2566,5903,Manufacturing systems engineer,1993-10-07,1afb2f2f0653ca437a6d08ffa2aaec01,1348504606,35.570024,-76.41064899999999,0,27875.0,Groceries,In-store,5,10:43,30,Debit Card,26
618330,2019-09-20 07:17:17,2286236465059468,"fraud_Towne, Walker and Borer",grocery_net,29.99,Morgan,Murray,F,2788 Brittney Island,Blairstown,MO,64726,38.5319,-93.9221,467,Agricultural consultant,1950-05-27,dff038e5f5805ddfca0e90263888b9ed,1348125437,37.759686,-94.875311,0,66769.0,Restaurants,In-store,8,12:47,18,Mobile Payment,350
379618,2019-06-23 20:02:28,4653879239169997,fraud_Morissette LLC,entertainment,39.46,Monica,Tucker,F,302 Christina Islands,Smiths Grove,KY,42171,37.0581,-86.1938,6841,"Therapist, sports",1999-06-06,b12d5812d6465fe97a09ad42d8fc0761,1340481748,36.388227,-85.979869,0,37057.0,Electronics,In-store,3,11:29,34,Debit Card,148
1185566,2020-05-10 15:50:47,4181833256558613886,"fraud_Gutmann, McLaughlin and Wiza",home,3.01,Jessica,Potter,F,7600 Stephen Course Suite 031,Red River,NM,87558,36.6659,-105.4694,606,"Surveyor, land/geomatics",1988-09-06,c4b2d3ea0e7c13ec6c0e3b1b91faa1d1,1368201047,37.632274,-105.471631,0,,Restaurants,Online,5,18:31,23,Mobile Payment,251
345060,2019-06-11 05:30:26,567868110212,"fraud_Schoen, Kuphal and Nitzsche",grocery_pos,202.67,Dawn,Tucker,F,789 Herring Manors,Houston,TX,77007,29.7736,-95.4034,2906700,"Copywriter, advertising",1984-12-16,0521ef1c7b5435cf35788182b1e314d1,1339392626,29.476887,-95.600506,0,77479.0,Entertainment,In-store,8,08:28,66,Debit Card,70
696333,2019-10-24 13:09:09,30501624614310,"fraud_Romaguera, Cruickshank and Greenholt",shopping_net,8.07,Amanda,Smith,F,180 Graves Shore,Scotia,SC,29939,32.6786,-81.2455,302,Magazine features editor,1973-05-04,fe577fe7c1d0f9a973ea92388978e2c4,1351084149,33.284167,-82.00104,0,30906.0,Restaurants,Online,8,11:38,38,Debit Card,271
996803,2020-02-12 00:01:35,4585132874641,"fraud_Raynor, Reinger and Hagenes",gas_transport,57.47,Karen,Gordon,F,543 Ware Path Apt. 593,Utica,MO,64686,39.7417,-93.6289,271,Land/geomatics surveyor,1972-04-18,e573e8262d4ba7ff3fffb633825d27e7,1360627295,39.795418,-93.371874,0,64688.0,Electronics,Online,7,02:05,32,Mobile Payment,344
68240,2019-02-10 10:33:14,6534628260579800,"fraud_Streich, Hansen and Veum",gas_transport,68.23,Christine,Harris,F,29606 Martinez Views Suite 653,Hinesburg,VT,5461,44.3346,-73.098,4542,Claims inspector/assessor,1998-03-19,8d06f7b845440eb8de50a377a0b6430c,1328869994,44.793446,-72.51440600000001,0,5847.0,Restaurants,In-store,3,13:55,38,Credit Card,477
615165,2019-09-18 14:18:15,3596217206093829,fraud_Nolan-Williamson,kids_pets,30.29,Sara,Ramirez,F,23843 Scott Island,Birmingham,IA,52535,40.8626,-91.9534,888,Camera operator,1988-03-25,0816426530e0cd3e5dd6788a748d5fb6,1347977895,40.855171,-91.413517,0,52645.0,Clothing,Online,5,16:17,60,Debit Card,395
116333,2019-03-07 00:07:52,4783226709001,"fraud_Tillman, Dickinson and Labadie",gas_transport,72.09,Jessica,Garcia,F,13108 Jennifer Passage,Mc Cracken,KS,67556,38.5957,-99.554,320,Film/video editor,1961-04-22,0563996c235430361db6330ea7c02ed6,1331078872,37.739177000000005,-99.834222,0,67882.0,Restaurants,In-store,1,19:57,18,Mobile Payment,231
490816,2019-08-02 19:58:30,4450831335606294,fraud_Kessler Group,travel,8.23,Donna,Davis,F,6760 Donovan Lakes,Clayton,OK,74536,34.5906,-95.38,1760,Occupational psychologist,1972-01-20,3d8dec57898c102097518080377bd915,1343937510,34.14298,-95.46915,0,74562.0,Clothing,In-store,10,03:52,64,Mobile Payment,49
303670,2019-05-27 15:05:04,30082025922891,fraud_Friesen Ltd,health_fitness,50.03,Kathleen,Thompson,F,199 Patterson Fords Apt. 132,Naples,FL,34112,26.1184,-81.7361,276002,"Pilot, airline",1934-06-23,ab871f72645f348a59c6885f82556e1b,1338131104,25.278586,-82.10955200000001,0,,Groceries,Online,8,05:41,68,Mobile Payment,387
380780,2019-06-24 02:48:43,180067784565096,fraud_Padberg-Welch,grocery_pos,117.75,Mary,Juarez,F,35440 Ryan Islands,North Prairie,WI,53153,42.9385,-88.395,2328,Applications developer,1942-01-06,c2308af636bea97f104e7dc133e9a968,1340506123,43.137088,-88.84942,0,53551.0,Electronics,In-store,4,14:42,19,Debit Card,4
866426,2019-12-19 06:35:33,2254917871818484,fraud_Kuhic Inc,grocery_pos,103.68,Margaret,Gibson,F,382 Williams Stream Suite 197,Scotland,MD,20687,38.0828,-76.3477,313,Insurance underwriter,1976-03-26,cbad9416a0c20eff6e8fd10e53e6a50b,1355898933,37.552002,-77.037813,0,23141.0,Groceries,In-store,2,07:24,57,Mobile Payment,129
1043498,2020-03-09 01:03:28,6596735789587928,fraud_Bernhard Inc,gas_transport,74.05,Spencer,Williams,M,1145 Tony Drive Suite 080,Watertown,MN,55388,44.9595,-93.8482,5619,Licensed conveyancer,1959-01-15,704c3f0b966f482d9f0215d9c68cbaa3,1362791008,45.230578,-93.052509,0,55025.0,Entertainment,Online,5,00:27,63,Mobile Payment,51
261324,2019-05-10 11:50:08,3564839259330465,fraud_Medhurst PLC,shopping_net,1.65,Robert,Ashley,M,1250 Christopher Prairie Suite 016,Port Costa,CA,94569,38.046,-122.1866,198,Armed forces training and education officer,1959-03-31,2595df5f0e92dfa3781aa6df6e7dc75d,1336650608,37.793288,-121.468342,0,95376.0,Groceries,In-store,8,17:03,38,Credit Card,75
651984,2019-10-05 04:19:11,346273234529002,"fraud_Robel, Cummerata and Prosacco",gas_transport,80.1,Donna,Moreno,F,32301 Albert River Suite 364,Ronceverte,WV,24970,37.7418,-80.4626,4575,Statistician,1991-10-22,84bec19f227a3f56b041bfb0905aded3,1349410751,37.624615000000006,-81.132974,0,25843.0,Groceries,In-store,8,12:02,66,Debit Card,375
825710,2019-12-09 16:55:44,4379260813815979609,"fraud_Conroy, Balistreri and Gorczany",health_fitness,33.44,Thomas,Jenkins,M,93914 Gregory Via,Oakland,CA,94619,37.7878,-122.1884,381459,Barista,1974-01-03,fa6eb9548cbc69d5e8ad55800e37b841,1355072144,38.331248,-122.703134,0,94928.0,Electronics,Online,8,05:05,30,Mobile Payment,238
871677,2019-12-20 17:09:57,3582754887089201,fraud_Hilpert-Conroy,kids_pets,7.9,Terrance,Mckinney,M,42965 Christopher Fords Suite 659,Norman,AR,71960,34.4596,-93.6743,1383,Magazine features editor,1966-08-08,e7ecaa05de67fb3d544324722f6fe552,1356023397,33.949707000000004,-93.865236,0,71852.0,Clothing,Online,9,17:03,50,Debit Card,419
711548,2019-10-31 00:29:43,4424338559877976,fraud_Mraz-Herzog,gas_transport,85.57,Denise,Barnett,F,23220 Eaton Harbors,Kirby,OH,43330,40.813,-83.4196,118,Private music teacher,1957-11-12,c0504fd0b5020e2a006ed63a950f890d,1351643383,40.886884,-83.692175,0,45841.0,Restaurants,Online,7,03:27,37,Credit Card,206
406870,2019-07-03 16:29:53,377993105397617,"fraud_Nitzsche, Kessler and Wolff",shopping_pos,8.1,Nathan,Martinez,M,586 Thomas Cliffs,Oconto Falls,WI,54154,44.8755,-88.1555,5548,Mining engineer,1975-09-11,ac41290c5b390d60304d37015cceead3,1341332993,44.356488,-87.216988,0,,Electronics,Online,4,15:16,24,Debit Card,483
632710,2019-09-26 12:46:22,676281772837,fraud_Kirlin and Sons,personal_care,204.44,Alicia,Bishop,F,222 Freeman Islands,Whigham,GA,39897,30.8836,-84.3246,3430,"Editor, commissioning",1950-03-25,82d9dc33a58f06df03456dc944d1451d,1348663582,30.336871,-84.908839,0,32321.0,Clothing,In-store,10,21:59,52,Debit Card,196
596888,2019-09-09 23:21:31,3511378610369890,fraud_Zboncak Ltd,food_dining,183.67,James,Cooper,M,663 Ramirez Trace Apt. 951,Huntsville,AL,35811,34.7789,-86.5438,190178,Television production assistant,1973-04-01,880b22884fc073eb69602b836c9da53c,1347232891,35.405143,-85.755383,0,37301.0,Electronics,In-store,6,15:24,46,Debit Card,232
665826,2019-10-11 03:29:53,4430881574719618,fraud_Rempel Inc,shopping_net,5.68,Alicia,Morales,F,4456 Dunn Roads,Meredith,CO,81642,39.3199,-106.6596,61,Public relations account executive,1939-11-04,c89abaf580eee1f851fae072d0efdc7c,1349926193,39.863269,-107.512931,0,,Clothing,In-store,5,13:08,59,Credit Card,162
249661,2019-05-05 03:21:16,4025612008285111,fraud_Schmitt Inc,gas_transport,63.1,Krystal,Key,F,23142 Montoya Island Apt. 742,Corsica,PA,15829,41.1762,-79.1976,1274,Maintenance engineer,1949-03-20,d99db4579b8f0e7cec264d9acc5160d4,1336188076,40.654455,-79.138666,0,15701.0,Entertainment,Online,8,04:39,51,Debit Card,6
622278,2019-09-21 23:00:29,4745996322265,fraud_Brown-Greenholt,entertainment,77.91,Carrie,Washington,F,6114 Adams Harbor Suite 096,Kingsford Heights,IN,46346,41.4802,-86.6919,1423,"Psychologist, forensic",1998-10-07,d4c36e058b0f139ecb6be887a6c88995,1348268429,40.939597,-85.712323,0,46990.0,Clothing,Online,2,11:01,30,Debit Card,463
680135,2019-10-17 07:56:14,3560697798177746,"fraud_Connelly, Reichert and Fritsch",gas_transport,64.5,Matthew,Young,M,8840 Miller Port Suite 645,Indian Wells,CA,92210,33.7163,-116.3381,4677,Learning mentor,1955-05-06,7a37e829011e793f2050e74aef396297,1350460574,33.253251,-116.730379,0,92070.0,Groceries,Online,10,20:32,44,Mobile Payment,393
444089,2019-07-16 13:55:17,6011348830550197,"fraud_Schaefer, Fay and Hilll",entertainment,9.02,Samuel,Johnston,M,16285 Jessica Lights,Birmingham,AL,35229,33.4629,-86.7904,493806,Musician,1980-07-12,16adc8a41bc0f68f167b8b72f8dd3b40,1342446917,32.753049,-86.595393,0,36091.0,Entertainment,In-store,6,18:15,68,Debit Card,39
598402,2019-09-10 23:30:44,4503101193493052864,fraud_Conroy-Emard,food_dining,26.67,Katherine,Tucker,F,670 Le Meadows Suite 250,Lakeland,FL,33811,27.9865,-82.0139,237282,Clothing/textile technologist,1979-07-03,96a443dd89d7b241f83881933097ea64,1347319844,28.808139,-81.51840899999999,0,32776.0,Entertainment,Online,2,20:19,49,Debit Card,195
125465,2019-03-10 20:41:57,4939976756738216,"fraud_Kunze, Larkin and Mayert",travel,1.14,Michelle,Johnston,F,3531 Hamilton Highway,Roma,TX,78584,26.4215,-99.0025,18128,IT trainer,1990-11-07,215c0973d4444d1f1e9728cbf2c1acb8,1331412117,25.80147,-98.479293,0,,Groceries,Online,1,13:10,50,Mobile Payment,465
440926,2019-07-15 12:04:06,2286236465059468,"fraud_Hermiston, Pacocha and Smith",health_fitness,29.67,Morgan,Murray,F,2788 Brittney Island,Blairstown,MO,64726,38.5319,-93.9221,467,Agricultural consultant,1950-05-27,125aff9d6d4b4552b8437f48b7bffded,1342353846,39.334541,-93.966984,0,64085.0,Clothing,In-store,4,09:01,64,Mobile Payment,406
644959,2019-10-01 07:00:54,4430881574719618,"fraud_Ferry, Reichel and DuBuque",grocery_net,23.09,Alicia,Morales,F,4456 Dunn Roads,Meredith,CO,81642,39.3199,-106.6596,61,Public relations account executive,1939-11-04,ea2a520fd28a502ab3248e52e3d35bd9,1349074854,38.895801,-106.955898,0,81224.0,Clothing,In-store,5,03:23,47,Credit Card,371
294877,2019-05-25 04:35:01,30273037698427,fraud_Bins-Rice,gas_transport,51.73,Andrew,Patterson,M,06959 Stephen Branch Suite 246,Thida,AR,72165,35.5762,-91.4539,111,Careers information officer,2000-06-13,4351d7f469ade34a1813998266386039,1337920501,35.344732,-90.611203,0,72373.0,Entertainment,Online,7,13:56,22,Mobile Payment,94
1056392,2020-03-14 20:20:49,5388659976630693,"fraud_Runte, Green and Emard",health_fitness,19.15,Charles,Preston,M,5364 William Harbor,Seneca,WI,54654,43.2064,-90.9405,153,Quantity surveyor,1962-02-14,27f64239a6f12f4a543cc7501b4d8865,1363292449,43.089903,-91.526049,0,52162.0,Electronics,Online,3,01:26,22,Debit Card,321
696444,2019-10-24 14:19:04,5359543825610251,fraud_Herman Inc,misc_pos,1.76,Michael,Francis,M,1833 Jeanette Stravenue,Belgrade,MT,59714,45.7801,-111.1439,18182,"Engineer, drilling",1975-06-29,d43e01665d82d7117cda1a357c76abb0,1351088344,45.958544,-112.10602,0,59759.0,Restaurants,Online,7,11:49,24,Credit Card,214
613141,2019-09-17 07:55:52,180031190491743,"fraud_Turner, Ruecker and Parisian",misc_pos,41.62,Becky,Mckinney,F,250 Benjamin Hill Apt. 026,Mobile,AL,36617,30.7145,-88.0918,270712,"Surveyor, land/geomatics",1972-01-05,64446ec3a4bc231050222eeb8c3c82d1,1347868552,31.180075,-87.999726,0,36553.0,Restaurants,Online,3,15:06,53,Credit Card,247
551564,2019-08-24 07:45:33,4255397449664185994,fraud_Botsford Ltd,shopping_pos,5.64,George,Smith,M,7377 Walton Extensions Apt. 979,Dallas,TX,75236,32.69,-96.9177,1263321,"Designer, interior/spatial",1952-09-27,d7e714341727bac4c41afc0e47c8d944,1345794333,33.619431,-96.453279,0,75414.0,Electronics,In-store,8,13:03,18,Mobile Payment,41
308316,2019-05-29 15:11:23,567868110212,fraud_Kozey-Boehm,shopping_net,717.59,Dawn,Tucker,F,789 Herring Manors,Houston,TX,77007,29.7736,-95.4034,2906700,"Copywriter, advertising",1984-12-16,82ebecd740d9c3619366c2ffa288fff1,1338304283,30.455452,-95.115189,0,77328.0,Restaurants,Online,9,03:53,66,Credit Card,94
148866,2019-03-21 14:37:55,4514242065619750,"fraud_Heathcote, Yost and Kertzmann",shopping_net,6.53,Janet,Carpenter,F,9870 Collins Flat,Laramie,WY,82072,41.4247,-105.4781,35371,"Pilot, airline",1988-09-02,b1977ee140383945af35c112a3f1a163,1332340675,42.207238,-106.427284,0,,Entertainment,Online,2,08:18,42,Credit Card,424
456758,2019-07-21 12:59:09,4769426683924058915,fraud_Nader-Maggio,personal_care,50.73,Andrea,Cruz,F,26572 Hodge Villages Suite 512,Mifflin,PA,17058,40.5553,-77.4001,1909,Mining engineer,1954-08-22,010da98d8bd5445072a8b5a113a6fb19,1342875549,40.504649,-77.926887,0,16652.0,Entertainment,In-store,8,20:20,31,Mobile Payment,277
1288946,2020-06-18 06:19:56,376445266762684,fraud_O'Keefe-Hudson,grocery_pos,90.0,Rachel,Lowe,F,372 Jeffrey Course,Sutherland,NE,69165,41.1558,-101.136,1789,Insurance broker,1982-02-11,463f311985643a48a66c3db6eb9d581d,1371536396,41.863049,-101.690962,0,,Electronics,Online,4,21:17,65,Mobile Payment,112
74334,2019-02-13 01:01:47,6011382886333463,fraud_Kuhic Inc,grocery_pos,132.74,Martin,Duarte,M,6251 Payne Flats Apt. 581,Luzerne,MI,48636,44.6001,-84.2931,864,General practice doctor,1942-05-04,8ca98f2dadefbb2b7ef555f310dbe19f,1329094907,44.747487,-84.295906,0,49756.0,Clothing,In-store,2,01:40,62,Mobile Payment,1
651902,2019-10-05 03:27:13,4266200684857219,fraud_Metz-Boehm,shopping_pos,4.19,Joshua,Bryant,M,5452 Patricia Inlet Apt. 280,Nelson,NE,68961,40.201,-98.0684,732,Television/film/video producer,1956-12-13,38e7f3f9785f25361df2f0c99aa31e39,1349407633,40.025768,-98.398091,0,68942.0,Clothing,In-store,2,12:09,52,Debit Card,64
341476,2019-06-10 04:34:11,376445266762684,"fraud_Swift, Bradtke and Marquardt",grocery_net,18.68,Rachel,Lowe,F,372 Jeffrey Course,Sutherland,NE,69165,41.1558,-101.136,1789,Insurance broker,1982-02-11,ad4491cc3cdc921692b5b671c56bb5d1,1339302851,40.796391,-100.660822,0,69170.0,Restaurants,Online,7,22:51,22,Credit Card,323
194309,2019-04-10 08:51:56,4488258847705225890,fraud_O'Keefe-Wisoky,food_dining,65.32,Jessica,Shaw,F,5745 Blair Locks,West Columbia,SC,29170,33.9568,-81.1405,52126,Chemical engineer,1929-08-23,aae59f36b1523067151c1c109aaaaa31,1334047916,33.735145,-81.206074,0,29123.0,Restaurants,Online,10,08:08,41,Credit Card,20
138098,2019-03-16 20:47:14,343472729187663,"fraud_Turner, Ziemann and Lehner",food_dining,40.36,Gloria,Wallace,F,234 Bridges Wells Apt. 389,Center Tuftonboro,NH,3816,43.6849,-71.2551,1368,"Optician, dispensing",1971-08-05,20a4b196303a3148d364cbe63798b599,1331930834,44.610398,-70.283277,0,4294.0,Electronics,In-store,2,14:09,35,Mobile Payment,479
306117,2019-05-28 12:33:48,3534330126107879,fraud_Romaguera Ltd,health_fitness,75.86,Jeffrey,Smith,M,713 Scott Pike Apt. 712,Bridger,MT,59014,45.2857,-108.9082,1446,Chartered loss adjuster,1978-01-15,db5b01ef1f9ac8955ea401731623bcab,1338208428,45.071894,-108.224876,0,,Electronics,In-store,5,08:24,23,Mobile Payment,368
75453,2019-02-13 23:39:51,639030014711,"fraud_Parker, Nolan and Trantow",entertainment,68.88,Stephen,Lopez,M,696 Matthew Ford Suite 157,Olmsted,IL,62970,37.1935,-89.0933,639,Mechanical engineer,1982-08-01,4a56bfe71c958d44a3593a496768496b,1329176391,37.982987,-89.073539,0,62822.0,Clothing,In-store,5,15:04,23,Mobile Payment,168
920238,2019-12-30 18:21:39,4469777115158234880,fraud_Wilkinson PLC,kids_pets,131.8,Gregory,Graham,M,4005 Dana Glens,Methuen,MA,1844,42.728,-71.181,47249,Market researcher,1980-11-22,5e500e19a1260348af3f5dc8c600be29,1356891699,42.591941,-70.73413599999999,0,1944.0,Clothing,Online,9,16:24,67,Credit Card,413
625089,2019-09-22 20:33:21,4935858973307492,"fraud_Koss, Hansen and Lueilwitz",home,70.67,Lance,Wagner,M,6003 Brady Shoal Apt. 449,Irwinton,GA,31042,32.8088,-83.17399999999999,1841,Film/video editor,1975-06-01,a93ef5ae320a2cafc81bd83a99ff9b65,1348346001,33.047736,-83.476877,0,31033.0,Entertainment,Online,5,15:03,49,Credit Card,102
246698,2019-05-04 00:17:29,4311368326621416041,"fraud_Haley, Jewess and Bechtelar",shopping_pos,39.42,Phillip,Delacruz,M,26678 Lisa Locks Apt. 904,Iliff,CO,80736,40.7692,-103.0968,648,Community arts worker,1969-09-21,ec7e62ebeee23006c68bb6801c3eb001,1336090649,40.524247,-102.294318,0,80734.0,Groceries,In-store,7,11:35,55,Credit Card,154
44066,2019-01-27 09:33:55,676173792455,fraud_Fisher-Schowalter,shopping_net,12.26,Brittany,Cox,F,07177 William Dale Apt. 547,Santa Monica,CA,90403,34.0287,-118.4924,92043,"Civil engineer, contracting",1961-04-25,222aadaaa31da2993c56d3ef17e6c908,1327656835,33.721718,-119.381478,0,,Clothing,In-store,7,10:52,67,Credit Card,402
401588,2019-07-01 12:30:30,3576431665303017,fraud_Schuppe-Schuppe,food_dining,116.07,Jessica,Ward,F,72269 Elizabeth Field Apt. 132,Phoenix,AZ,85020,33.5623,-112.0559,1312922,Contractor,1981-10-24,92714d02da19c6ddc3295a3ff1bd8cd7,1341145830,33.310953999999995,-111.891966,0,85224.0,Restaurants,In-store,7,13:51,27,Credit Card,340
1281114,2020-06-15 15:28:53,374930071163758,fraud_Romaguera Ltd,health_fitness,107.18,Daniel,Escobar,M,61390 Hayes Port,Romulus,MI,48174,42.2203,-83.3583,31515,Police officer,1971-11-05,d36c4dd06c80cabbbb498673773276cb,1371310133,41.45865,-83.176941,0,43442.0,Clothing,In-store,5,23:12,54,Mobile Payment,194
884445,2019-12-22 23:29:03,4900628639996,fraud_Kassulke Inc,entertainment,174.13,Michael,Johnson,M,094 Owens Underpass,Norwalk,CA,90650,33.9056,-118.0818,105549,Firefighter,1973-09-22,868cb273e4cdbffb21cf8a11a08b9715,1356218943,34.16894,-117.28253,0,92405.0,Restaurants,In-store,2,08:12,42,Mobile Payment,416
911635,2019-12-29 10:11:31,30561214688470,"fraud_Olson, Becker and Koch",gas_transport,59.4,Gina,Morrison,F,41851 Victor Drives Suite 219,Allentown,PA,18103,40.5891,-75.4645,166081,"Scientist, research (maths)",1998-10-01,2334255b989ae7d613295af049261a3b,1356775891,41.345653000000006,-74.939851,0,18425.0,Groceries,In-store,9,15:01,66,Debit Card,176
3698,2019-01-03 03:59:55,30026790933302,fraud_Roberts-Beahan,misc_pos,36.83,John,Peters,M,555 Michael Burgs,Mayersville,MS,39113,32.9013,-91.0286,595,Technical brewer,1979-09-03,2c581ee62f125e6417d8720bd46f8e88,1325563195,33.740519,-90.090469,0,38950.0,Electronics,Online,1,17:12,45,Credit Card,482
299786,2019-05-26 15:02:42,4226219726886852999,fraud_Kassulke Inc,entertainment,138.49,Jessica,Bell,F,669 Moore Shoal,Bethel,OH,45106,38.9424,-84.09200000000001,12349,Field trials officer,1985-07-08,bee9da503937bd0ab7f7dcf1ece1142d,1338044562,39.762413,-83.51871700000001,0,43153.0,Entertainment,Online,1,08:37,22,Credit Card,443
38046,2019-01-22 21:29:48,4792627764422477317,"fraud_Kihn, Abernathy and Douglas",shopping_net,157.74,Margaret,Mendez,F,7952 Karen Pike,De Soto,KS,66018,38.9462,-94.9714,5760,Chief Executive Officer,1978-10-01,451a692797509adf579cfdcac45973ab,1327267788,38.009744,-95.027093,0,66010.0,Entertainment,In-store,3,03:09,19,Credit Card,370
909131,2019-12-28 22:31:33,4908846471916297,fraud_Kirlin and Sons,personal_care,34.67,Lauren,Torres,F,03030 White Lakes,Grandview,TX,76050,32.2779,-97.2351,5875,"Radiographer, therapeutic",1992-07-24,e3e631adf024b9768bdb1369aa6d0af8,1356733893,31.384099,-96.612587,0,76687.0,Clothing,In-store,4,03:46,66,Debit Card,38
626749,2019-09-23 10:29:07,213186880359195,fraud_Skiles-Ankunding,grocery_net,42.94,Craig,Franco,M,9242 Vanessa Ramp Apt. 525,Smithfield,IL,61477,40.4855,-90.2856,631,Futures trader,1973-02-14,5ee9a6e1aecd73f10ac62eae97808f23,1348396147,40.596209,-90.972749,0,61450.0,Clothing,In-store,3,08:51,51,Debit Card,444
695379,2019-10-23 22:42:47,4302480582202074,fraud_Kemmer-Buckridge,misc_pos,29.65,David,Rodriguez,M,821 Solis Points,Muskegon,MI,49440,43.2326,-86.2492,128715,Historic buildings inspector/conservation officer,1995-05-25,71600848f0767bff648cfde203d9cff0,1351032167,42.466017,-86.342414,0,49090.0,Entertainment,In-store,5,07:52,32,Mobile Payment,80
933265,2020-01-05 22:52:35,4427805710168,fraud_Jast-McDermott,shopping_pos,3.7,Michelle,Rodriguez,F,1742 Brandon Squares Apt. 461,Ruidoso,NM,88355,33.3305,-105.6933,8874,Licensed conveyancer,2000-08-16,a90264ed9a512bffd8ebe03940d5b271,1357426355,33.877883000000004,-105.798298,0,,Electronics,In-store,3,07:24,61,Debit Card,395
848307,2019-12-15 06:59:25,376012912828093,fraud_Gerlach Inc,shopping_net,8.0,Nathan,Mayer,M,478 Donovan Corners Apt. 803,Schaumburg,IL,60193,42.0144,-88.0935,92294,Claims inspector/assessor,1969-05-01,4222855beb560d06e0679f1d1ffb4638,1355554765,41.085371,-87.99347,0,60913.0,Groceries,In-store,3,02:03,41,Mobile Payment,264
360423,2019-06-16 22:09:35,375248307838179,fraud_Baumbach Ltd,personal_care,68.0,Joshua,Mendoza,M,4215 Miranda Field Suite 326,Tallmansville,WV,26237,38.8564,-80.158,571,Accounting technician,1967-09-16,746e99036114d9de3a8b9cdc41ebd3b3,1339884575,38.295486,-79.695553,0,24468.0,Restaurants,Online,3,14:20,49,Credit Card,366
1036034,2020-03-05 13:20:48,3525590521269779,"fraud_Zemlak, Tillman and Cremin",personal_care,1.23,Scott,Fuller,M,861 Karen Common,Haw River,NC,27258,36.0424,-79.3242,6006,Paramedic,1984-07-20,9cfe633cb73863525352931b76a6989e,1362489648,36.226134,-79.94639000000001,0,27357.0,Restaurants,Online,3,10:02,36,Credit Card,44
704544,2019-10-27 20:17:28,4646845581490336108,fraud_Smith-Stokes,misc_pos,8.48,Julia,Bell,F,576 House Crossroad,West Sayville,NY,11796,40.732,-73.1,4056,Film/video editor,1990-06-25,4427737a0e81617b2f3fe04a50e04ab9,1351369048,41.260179,-72.951314,0,6516.0,Groceries,In-store,9,08:32,34,Debit Card,116
411792,2019-07-05 19:39:28,30442439074871,fraud_Morissette LLC,entertainment,31.95,Linda,Sanchez,F,6574 William Hill Apt. 375,Jermyn,PA,18433,41.5744,-75.5881,6508,Training and development officer,1981-06-22,b349e7b0e75b1e16a367e7e3c2f2aea5,1341517168,41.196306,-75.698738,0,18705.0,Groceries,Online,10,06:34,58,Mobile Payment,127
1170641,2020-05-03 23:00:27,2291163933867244,"fraud_Monahan, Hermann and Johns",travel,6.62,Jeff,Elliott,M,351 Darlene Green,Columbia,SC,29209,33.9659,-80.9355,333497,Mechanical engineer,1968-03-19,83c0ec70327c8da706637c2d6f1bc9ef,1367622027,34.846937,-81.75914399999999,0,29372.0,Electronics,Online,10,20:35,31,Debit Card,33
55617,2019-02-03 01:48:36,4555104582813474,fraud_Pagac LLC,shopping_pos,140.52,Chris,Daniel,M,025 White Fork Apt. 633,Rock Glen,PA,18246,40.954,-76.1747,143,Health and safety adviser,1982-02-19,1db189ee299b83552eaad60632e2cbd4,1328233716,40.651382,-76.262354,0,17954.0,Restaurants,Online,8,10:33,29,Debit Card,171
1038733,2020-03-06 23:35:02,6011681934117244,"fraud_Lesch, D'Amore and Brown",food_dining,54.14,Kaitlyn,Newman,F,098 Stewart Hill,Slayden,TN,37165,36.2835,-87.4581,70,Prison officer,1956-06-22,2ae50a5543a70c955ed2697e740363a9,1362612902,36.238495,-86.615288,0,37138.0,Electronics,Online,2,04:19,33,Debit Card,109
780007,2019-11-30 09:05:25,372509258176510,fraud_Luettgen PLC,gas_transport,68.88,Kristen,Hanson,F,26544 Andrea Glen,Goodrich,MI,48438,42.9147,-83.4845,6951,Learning disability nurse,1985-06-18,e8d6b0a209c5ab2ba749b43e3e8045f3,1354266325,41.939126,-82.65486700000001,0,,Entertainment,In-store,3,08:57,29,Credit Card,379
905612,2019-12-28 08:48:55,577588686219,fraud_Schmitt Inc,gas_transport,60.96,James,Strickland,M,25454 Leonard Lake,Spring Church,PA,15686,40.6153,-79.4545,972,Public relations account executive,1997-10-23,af3ab53c0ddbd32fdd66b93c223890e4,1356684535,41.377327,-79.967274,0,16342.0,Groceries,In-store,2,15:40,23,Credit Card,92
880262,2019-12-22 09:39:19,4599735407877245080,fraud_Sporer Inc,gas_transport,68.99,Mary,Myers,F,39787 Pamela Fall Suite 639,Tiptonville,TN,38079,36.3846,-89.4649,5577,Geochemist,1964-12-30,a9a577e38de48819b7f00731b612988c,1356169159,36.849345,-89.259631,0,63834.0,Electronics,Online,4,23:01,45,Credit Card,382
401845,2019-07-01 13:53:22,4600155880464,"fraud_Becker, Harris and Harvey",personal_care,41.81,Charles,Copeland,M,92213 Lee Well,West Palm Beach,FL,33404,26.7832,-80.0638,459921,"Administrator, arts",1969-09-08,85edf898224f7aa0dc304785798a989d,1341150802,26.198472,-80.452277,0,33327.0,Electronics,In-store,7,10:05,52,Debit Card,446
1102214,2020-04-03 18:20:12,630423337322,fraud_Monahan-Morar,personal_care,88.22,Stephanie,Gill,F,43039 Riley Greens Suite 393,Orient,WA,99160,48.8878,-118.2105,149,Special educational needs teacher,1978-06-21,3991aae5e231404345f9ee4a95c2fe04,1365013212,47.965289,-118.982768,0,99133.0,Clothing,Online,8,13:44,46,Credit Card,456
164868,2019-03-28 16:45:00,4716561796955522,fraud_Goyette Inc,shopping_net,11.05,Lauren,Anderson,F,11014 Chad Lake Apt. 573,Heart Butte,MT,59448,48.2777,-112.8456,743,Water engineer,1972-05-04,dbca519c75ff93702c66855202a940ff,1332953100,48.478396,-113.085102,0,,Entertainment,In-store,9,22:05,21,Credit Card,484
1219386,2020-05-25 01:58:19,4841313716651064,fraud_Murray-Smitham,grocery_pos,86.33,Omar,Gay,M,2161 Blankenship Freeway,West Hartford,VT,5084,43.7185,-72.4439,140,"Development worker, community",1989-10-28,be66404fb46f35b554582dcef937ed24,1369447099,44.587905,-73.371441,0,5486.0,Electronics,Online,5,10:52,45,Credit Card,349
464267,2019-07-23 19:48:10,3528407217576457,fraud_Kozey-Boehm,shopping_net,52.39,Patricia,Leach,F,71309 Martinez Stravenue,Kingsport,TN,37663,36.4715,-82.4834,87124,Warden/ranger,1987-02-14,d09ad84f817b4ed4df7aacfb78561dc4,1343072890,35.766951,-82.592929,0,28754.0,Groceries,In-store,8,23:53,24,Credit Card,488
683599,2019-10-19 02:25:49,3529597930342630,"fraud_Lockman, West and Runte",grocery_pos,376.03,Melissa,Rodriguez,F,81708 Christopher Plaza,Jordanville,NY,13361,42.8948,-74.8209,824,Travel agency manager,1985-09-01,df6a8d902bd07e3112f51a61ef03069c,1350613549,43.651595,-75.15213100000001,1,13494.0,Entertainment,Online,3,13:10,60,Debit Card,76
1054597,2020-03-13 21:06:10,2283743876903625,fraud_Prosacco LLC,personal_care,4.17,Shannon,Williams,F,9345 Spencer Junctions Suite 183,Alpharetta,GA,30009,34.077,-84.3033,165556,Prison officer,1997-12-27,72aedebd8312f914b3466d4bd9d55268,1363208770,33.466572,-84.55793,0,30290.0,Electronics,In-store,5,03:24,52,Debit Card,350
876816,2019-12-21 18:34:52,3586008444788268,fraud_Schaefer Ltd,kids_pets,60.66,Crystal,Fuller,F,000 Jennifer Mills,Issaquah,WA,98027,47.4974,-122.0107,50489,Osteopath,1984-02-29,23e28b46a7a925fdfdcb5385a7db0daf,1356114892,46.534113,-121.071326,0,,Entertainment,In-store,2,17:16,41,Mobile Payment,206
244471,2019-05-02 20:02:26,4646845581490336108,fraud_Boyer PLC,shopping_net,96.16,Julia,Bell,F,576 House Crossroad,West Sayville,NY,11796,40.732,-73.1,4056,Film/video editor,1990-06-25,044fc47e50951fdb71214ae2cb8fbbac,1335988946,41.361645,-72.553474,0,6419.0,Groceries,In-store,1,04:19,53,Debit Card,467
1132897,2020-04-16 23:37:43,344709867813900,"fraud_Romaguera, Wehner and Tromp",kids_pets,24.18,Joanna,Hudson,F,2924 Bobby Trafficway,Sebring,FL,33872,27.4703,-81.4872,50835,Environmental consultant,1986-01-30,1697c03d62492e2501f9e53fbd42abf8,1366155463,26.887471,-80.995808,0,33471.0,Groceries,In-store,10,06:42,64,Debit Card,345
769533,2019-11-25 10:57:56,630471368021,fraud_Bruen-Yost,misc_pos,22.52,George,Floyd,M,22502 Baker Mount Suite 241,Hazel,KY,42049,36.5422,-88.3319,1480,"Designer, interior/spatial",1974-09-14,2d99d5b40a6f40bb2816cbe9539a9fd3,1353841076,35.997008,-87.335269,0,37029.0,Entertainment,Online,8,13:24,36,Debit Card,499
691608,2019-10-21 19:34:53,372246459334925,fraud_Hirthe-Beier,health_fitness,103.35,Rick,Martinez,M,062 Poole Hollow Apt. 815,Deadwood,SD,57732,44.3566,-103.6999,1979,Multimedia programmer,1970-03-13,49a8bc95816d0737de1635731c306863,1350848093,44.966371,-103.509691,0,,Clothing,Online,9,23:44,31,Credit Card,474
613947,2019-09-17 19:47:11,376028110684021,fraud_Crooks and Sons,personal_care,75.76,Aaron,Murray,M,624 Hale Springs Apt. 572,Meadville,MO,64659,39.7795,-93.3014,964,Tourist information centre manager,1974-12-23,e6fc4d1c23855a9c755b7d9267e73767,1347911231,39.425784,-93.587637,0,64622.0,Restaurants,In-store,2,14:36,51,Credit Card,212
95272,2019-02-25 19:29:11,30235268718158,fraud_Denesik and Sons,shopping_pos,5.03,Kenneth,Doyle,M,8614 Reed Glen,West Harrison,NY,10604,41.0592,-73.7395,11250,Lexicographer,1977-08-16,ee1f5066675ac0f8873b870464c88788,1330198151,40.737679,-74.60489399999999,0,7924.0,Electronics,Online,8,20:17,23,Mobile Payment,69
1215702,2020-05-23 23:54:06,343819048608995,fraud_White and Sons,home,53.63,Shelby,Cannon,F,1535 Ryan Burgs Suite 919,Des Moines,IA,50312,41.5855,-93.6719,222785,Wellsite geologist,1956-01-24,7c3c882bb9bab9175279394cadd45fa4,1369353246,42.573638,-94.653021,0,50575.0,Clothing,Online,6,08:56,40,Mobile Payment,100
1121429,2020-04-12 08:50:16,342351256941125,fraud_Runolfsson and Sons,grocery_net,51.16,Rebecca,Obrien,F,5619 Mendoza Inlet,Juliette,GA,31046,33.1194,-83.8235,3343,Theatre manager,1990-06-08,a013509528c15ed7440fe52fe15cfe87,1365756616,32.179305,-84.58058100000001,0,31824.0,Clothing,In-store,9,07:57,70,Mobile Payment,241
1291809,2020-06-19 14:37:54,376028110684021,"fraud_O'Connell, Botsford and Hand",home,90.05,Aaron,Murray,M,624 Hale Springs Apt. 572,Meadville,MO,64659,39.7795,-93.3014,964,Tourist information centre manager,1974-12-23,7369477c5576d9b2bd71f1672b3f8bd7,1371652674,40.407727,-93.544942,0,64673.0,Clothing,Online,6,14:20,47,Mobile Payment,418
1063508,2020-03-17 07:24:21,6011348830550197,fraud_Padberg-Welch,grocery_pos,70.49,Samuel,Johnston,M,16285 Jessica Lights,Birmingham,AL,35229,33.4629,-86.7904,493806,Musician,1980-07-12,427a499a26eb47dda9df9dad719a69a7,1363505061,33.928419,-87.165739,0,35503.0,Electronics,In-store,8,23:11,44,Credit Card,134
700586,2019-10-26 13:36:29,4956828990005111019,fraud_Dietrich-Fadel,health_fitness,15.75,Kenneth,Robinson,M,269 Sanchez Rapids,Elizabeth,NJ,7208,40.6747,-74.2239,124967,Operational researcher,1980-12-21,37c75218c703388cfaabd0debc4a9826,1351258589,39.799878,-74.034543,0,8752.0,Groceries,In-store,3,23:04,30,Credit Card,65
344488,2019-06-10 22:47:18,501828204849,fraud_Durgan-Auer,misc_net,750.14,Sandra,Davies,F,31954 Eugene Lane Suite 572,Dexter,KS,67038,37.1641,-96.6917,602,"Buyer, industrial",1958-10-26,34b40a4445e4e728aaa96cc91a53f5d5,1339368438,36.589668,-97.432638,1,74630.0,Entertainment,In-store,3,05:36,22,Debit Card,41
973441,2020-01-29 10:18:04,30290551782700,"fraud_Mosciski, Ziemann and Farrell",shopping_net,5.2,John,Clarke,M,27909 Peter Motorway,Cadiz,KY,42211,36.802,-87.8286,13422,Commissioning editor,1961-09-03,2fb28a4ac31b2699d0c5ccb5392182fe,1359454684,37.619701,-88.01554499999999,0,42459.0,Electronics,Online,6,23:17,55,Credit Card,31
920396,2019-12-30 18:52:25,6011652924285713,fraud_Morissette PLC,shopping_pos,17.89,Kathryn,Smith,F,19838 Tonya Prairie Apt. 947,Rocky Mount,MO,65072,38.2911,-92.7059,1847,Tax inspector,1988-10-26,c30acaafdcef9e86152af38ddce0fe9c,1356893545,39.152934,-91.948254,0,65285.0,Electronics,In-store,1,12:17,57,Debit Card,415
929286,2020-01-04 05:36:24,676292294938,fraud_Stracke-Lemke,grocery_pos,146.38,Lisa,Fitzpatrick,F,58761 Brewer Rapids,Skytop,PA,18357,41.2336,-75.2389,104,Financial trader,1927-08-25,277cba58e28d7e483a543143aa1b862c,1357277784,41.67661,-75.903095,0,18844.0,Groceries,In-store,6,01:35,38,Debit Card,419
587030,2019-09-06 12:15:46,30029052116970,fraud_Fisher-Schowalter,shopping_net,2.73,Curtis,Young,M,4319 Watson Shoals Suite 658,Falconer,NY,14733,42.1239,-79.1895,3833,Metallurgist,1970-10-09,1c36f67beffa1c021fc3c8d68eba9813,1346933746,42.8259,-79.98612299999999,0,,Clothing,In-store,2,06:29,58,Mobile Payment,444
1132336,2020-04-16 17:16:04,2252055259910912,fraud_Leannon-Ward,food_dining,63.19,Jason,Hernandez,M,220 Frank Gardens,Hewitt,WI,54441,44.6437,-90.1031,828,Arts development officer,1991-08-19,b8dce86e0f0b24d311a63bf096c01f55,1366132564,43.715859,-89.88305,0,53944.0,Electronics,Online,3,10:04,25,Debit Card,65
1119817,2020-04-11 14:12:15,571844099986,"fraud_Ritchie, Bradtke and Stiedemann",travel,4.36,Susan,Mills,F,005 Cody Estates,Louisville,KY,40202,38.2507,-85.7476,736284,Engineering geologist,1952-04-02,edcde5dd07b30a98b3375fe6f893dc82,1365689535,38.007806,-86.302661,0,40157.0,Restaurants,Online,6,07:07,38,Credit Card,143
1275244,2020-06-13 22:36:58,376445266762684,fraud_Kozey-McDermott,travel,8.19,Rachel,Lowe,F,372 Jeffrey Course,Sutherland,NE,69165,41.1558,-101.136,1789,Insurance broker,1982-02-11,37eddb380bd73682d14cb53dc33b950b,1371163018,40.719009,-101.22745,0,69169.0,Restaurants,Online,9,06:58,24,Debit Card,21
1079444,2020-03-24 06:19:41,30328384440870,fraud_Wolf Inc,grocery_pos,153.38,Helen,Campbell,F,182 Sergio Summit Apt. 129,Browning,MO,64630,40.029,-93.1607,602,Cytogeneticist,1954-07-14,31297a0225f0dd521aab11829a3fc0bc,1364105981,40.976275,-92.575311,0,52536.0,Entertainment,Online,2,14:44,37,Credit Card,416
429458,2019-07-11 20:28:13,6011438889172900,fraud_Klein Group,entertainment,256.8,Allison,Allen,F,40624 Rebecca Spurs,De Witt,AR,72042,34.2853,-91.3336,5161,Electrical engineer,1993-04-08,756902a23015393388031ade6c1fe0aa,1342038493,34.098412,-91.875743,0,,Entertainment,Online,2,09:08,60,Credit Card,365
1029632,2020-03-02 17:27:36,2233882705243596,fraud_Ankunding-Carroll,travel,1.54,Jamie,Robinson,F,67089 Caitlin Meadow Apt. 905,Sturgis,MS,39769,33.357,-89.0473,1923,Medical physicist,1960-01-16,ecb83eb7ff6ad0713b608101c2f903eb,1362245256,33.019624,-89.138743,0,39346.0,Electronics,In-store,8,06:26,35,Credit Card,495
1014888,2020-02-23 00:23:16,3582754887089201,"fraud_Lind, Huel and McClure",gas_transport,60.68,Terrance,Mckinney,M,42965 Christopher Fords Suite 659,Norman,AR,71960,34.4596,-93.6743,1383,Magazine features editor,1966-08-08,c15dca0a6c9ca90c674aa8de04ad5989,1361578996,34.668203000000005,-93.288062,0,71949.0,Electronics,Online,1,12:41,47,Credit Card,80
653679,2019-10-05 19:40:06,573860193545,fraud_Schoen Ltd,kids_pets,42.68,Cristian,Jones,M,0423 Kirby Field Suite 623,Wilmette,IL,60091,42.0765,-87.7246,27020,Trade mark attorney,1986-07-23,5f6e117f4b6e282fdb6c041a8b5af560,1349466006,41.131855,-88.614675,0,60470.0,Groceries,In-store,3,17:19,45,Debit Card,104
1060643,2020-03-16 11:22:51,4740713119940984,fraud_Bartoletti-Wunsch,gas_transport,57.39,Heather,Hines,F,13776 Hicks Plains,Pomona,NY,10970,41.1901,-74.0436,9993,Pensions consultant,1962-10-16,7e25a67557ede3803388f4feb19c4378,1363432971,41.406488,-74.415915,0,10940.0,Restaurants,In-store,6,04:22,67,Credit Card,286
151262,2019-03-22 20:45:18,6011348830550197,fraud_Rau-Robel,kids_pets,49.01,Samuel,Johnston,M,16285 Jessica Lights,Birmingham,AL,35229,33.4629,-86.7904,493806,Musician,1980-07-12,24147201522bf41a722c247ae91819e6,1332449118,32.957329,-86.494313,0,35046.0,Electronics,Online,5,22:01,69,Mobile Payment,223
588214,2019-09-07 00:55:40,4683638447911,fraud_Donnelly PLC,misc_net,88.83,Daniel,Boyd,M,8925 Nicholas Points,Egan,LA,70531,30.251,-92.5002,1261,Broadcast presenter,1972-07-01,ff1cd89f5a23bbc2fdab7381b45b324d,1346979340,30.492848,-91.646065,0,70756.0,Restaurants,Online,8,09:42,27,Credit Card,36
682685,2019-10-18 17:05:39,676102124465,"fraud_Ritchie, Bradtke and Stiedemann",travel,3.99,Natasha,Mclaughlin,F,8699 Lindsay Ford Apt. 486,Napa,CA,94558,38.4549,-122.2564,94014,Airline pilot,1985-08-21,4d5acaacbb56202ba251d0494ef315f7,1350579939,39.249649,-122.2009,0,95932.0,Groceries,Online,9,05:28,49,Credit Card,324
1222893,2020-05-25 23:07:58,38295635583927,"fraud_Goyette, Howell and Collier",shopping_pos,9.19,Candice,Brown,F,9412 Harris Mews,O Brien,TX,79539,33.3749,-99.8473,178,Warden/ranger,1983-06-14,503284b1a802ed18732315cfa491b3f5,1369523278,33.070514,-100.228575,0,79502.0,Entertainment,Online,3,21:46,41,Debit Card,460
747674,2019-11-16 10:01:22,340103199302564,"fraud_Reilly, Heaney and Cole",gas_transport,71.62,Sophia,Dickson,F,9047 Rodriguez Turnpike,Gibsonville,NC,27249,36.1183,-79.5685,12486,Arboriculturist,1934-02-09,d239e03e541d069fa8f32cea24b52e1a,1353060082,36.445546,-79.849806,0,27048.0,Groceries,Online,2,21:08,33,Credit Card,152
1067818,2020-03-19 07:00:06,4810789809665942990,fraud_Kuvalis Ltd,gas_transport,44.27,Julie,Sanchez,F,916 Charles Road,Bowersville,OH,45307,39.5756,-83.7153,338,Quantity surveyor,1988-07-28,b8a74338e058c67e7b16783d953730d0,1363676406,40.27905,-84.17059300000001,0,45365.0,Clothing,Online,3,05:09,53,Credit Card,310
1213237,2020-05-22 17:46:55,3553629419254918,fraud_Mohr Inc,shopping_pos,4.93,Sharon,Johnson,F,7202 Jeffrey Mills,Conway,WA,98238,48.34,-122.3456,85,"Research officer, political party",1984-09-01,0a9679773a5d2027e423d026b335e792,1369244815,48.761292,-122.840489,0,98279.0,Clothing,Online,2,07:25,45,Debit Card,297
47413,2019-01-28 20:27:47,4390966588600992777,fraud_Auer LLC,personal_care,100.66,Kyle,Simmons,M,8149 Harris Divide,Oklahoma City,OK,73134,35.6174,-97.5583,640470,Advertising copywriter,1966-06-24,9b65ac872b0cc987d12e6165b1569d87,1327782467,35.488369,-97.290848,0,73020.0,Electronics,In-store,2,17:22,21,Debit Card,159
1139135,2020-04-19 22:15:46,3590946339258737,fraud_Kris-Weimann,misc_net,776.24,Juan,West,M,741 Adams Knolls,Grenola,KS,67346,37.3668,-96.4396,372,"Copywriter, advertising",1997-04-06,4afc7d8e3a3b8e59387eb1a359cbc19f,1366409746,36.493647,-96.564376,1,74637.0,Restaurants,In-store,5,04:36,23,Credit Card,194
667676,2019-10-12 01:37:34,4904681492230012,fraud_Bradtke PLC,grocery_pos,95.02,Lisa,Lowe,F,574 David Locks Suite 207,Cottekill,NY,12419,41.8467,-74.1038,722,Comptroller,1990-10-19,7d9cc6cf791c335085b26c9884d9acf2,1350005854,41.135481,-73.697653,0,10504.0,Restaurants,Online,6,08:56,22,Mobile Payment,132
835463,2019-12-12 10:52:05,30103132002433,fraud_Cummings Group,grocery_net,82.78,Stephanie,Middleton,F,99736 Rose Shoals Apt. 504,Morrisdale,PA,16858,41.0001,-78.2357,3688,Dispensing optician,1987-10-26,828ea2ef65aea5e0255a0eaf5dfe4e6e,1355309525,41.145564,-79.220912,0,15829.0,Clothing,In-store,6,23:35,35,Debit Card,61
575946,2019-09-01 13:43:44,2450829271795901,"fraud_Cole, Hills and Jewess",home,94.02,Timothy,Kirby,M,7309 Sophia Causeway Suite 702,Sauk Rapids,MN,56379,45.604,-94.1591,16163,Hydrographic surveyor,1987-02-22,18ec92008102c620405b793d29c1af4a,1346507024,45.69643,-94.061344,0,56329.0,Groceries,In-store,10,19:06,57,Mobile Payment,493
928806,2020-01-03 22:39:40,3511378610369890,fraud_Deckow-Dare,food_dining,94.24,James,Cooper,M,663 Ramirez Trace Apt. 951,Huntsville,AL,35811,34.7789,-86.5438,190178,Television production assistant,1973-04-01,dcfe82152f720da25345ca8d5b156901,1357252780,34.412453,-86.56350400000001,0,35175.0,Electronics,Online,9,11:27,33,Debit Card,384
46552,2019-01-28 13:29:35,4512828414983801773,fraud_Windler LLC,kids_pets,1.04,Monica,Cohen,F,864 Reynolds Plains,Uledi,PA,15484,39.8936,-79.7856,328,Tree surgeon,1983-07-25,66b479bc8be00282e0c62195607bf5cc,1327757375,39.793483,-79.362178,0,15424.0,Entertainment,Online,2,07:30,26,Mobile Payment,159
391371,2019-06-28 12:56:01,4229733778084049,fraud_Kuphal-Toy,food_dining,90.46,Tyler,Mills,M,7838 Jason Squares,Elizabethtown,KY,42701,37.6848,-85.8784,48194,Surgeon,1990-05-03,729e195e54b7dc77dc30dd131f5d266e,1340888161,37.007025,-86.52195999999999,0,42101.0,Restaurants,In-store,10,04:06,66,Credit Card,64
70853,2019-02-11 15:01:36,3597337756918966,fraud_Corwin-Romaguera,travel,3.35,Linda,Gonzalez,F,17667 Price Spur Apt. 366,Glen Rock,PA,17327,39.7813,-76.7477,7565,Insurance claims handler,1952-03-08,f5a275f8d632e6854763bd845a7e0221,1328972496,39.401066,-76.682193,0,21208.0,Clothing,In-store,6,13:16,63,Mobile Payment,17
809828,2019-12-06 23:30:38,30551643947183,"fraud_Baumbach, Strosin and Nicolas",shopping_pos,4.99,Morgan,Smith,F,1441 Bradley Place,Grover,NC,28073,35.1836,-81.4552,5621,Toxicologist,1973-11-14,d29b6704761d69a264757dd56426afb1,1354836638,35.125173,-81.57089,0,29702.0,Restaurants,Online,1,02:50,60,Credit Card,289
802437,2019-12-04 23:20:59,4561546772499,fraud_Roberts-Beahan,misc_pos,61.78,Daniel,Briggs,M,7118 Jessica Unions Apt. 789,Moriarty,NM,87035,34.9889,-106.0609,7268,"Therapist, art",1988-08-04,4ac0a872cfcfafb0353ddc4e9f04f447,1354663259,34.124773,-105.967565,0,,Groceries,In-store,1,23:20,40,Debit Card,418
120282,2019-03-09 02:46:41,2283743876903625,fraud_Conroy-Cruickshank,gas_transport,51.43,Shannon,Williams,F,9345 Spencer Junctions Suite 183,Alpharetta,GA,30009,34.077,-84.3033,165556,Prison officer,1997-12-27,3945dea27f802a5e486caee3cec80310,1331261201,34.194821000000005,-84.031462,0,30041.0,Electronics,Online,10,11:42,47,Debit Card,167
138369,2019-03-16 22:51:26,30273037698427,fraud_Schulist Ltd,food_dining,3.67,Andrew,Patterson,M,06959 Stephen Branch Suite 246,Thida,AR,72165,35.5762,-91.4539,111,Careers information officer,2000-06-13,c94a964781a374131531e7fab563c818,1331938286,36.182321,-90.615944,0,72412.0,Electronics,Online,2,04:31,35,Debit Card,48
739786,2019-11-11 22:37:49,2703186189652095,"fraud_Hermiston, Russel and Price",food_dining,8.14,Jennifer,Banks,F,561 Perry Cove,Moravian Falls,NC,28654,36.0788,-81.1781,3495,"Psychologist, counselling",1988-03-09,5900098ba28f467ca7cb7eb00d2dfefb,1352673469,35.425164,-81.80165799999999,0,28018.0,Groceries,In-store,5,03:50,57,Mobile Payment,335
141636,2019-03-17 23:56:18,4364010865167176,fraud_Frami Group,entertainment,275.38,Gary,Martinez,M,03512 Jackson Ports,Reno,NV,89512,39.5483,-119.7957,276896,Immunologist,1997-03-12,0c539c53ceaa6330c7c1ee43f14fa67e,1332028578,39.878602,-119.84907,0,89508.0,Groceries,In-store,5,20:41,60,Mobile Payment,301
1208420,2020-05-19 21:13:04,4302480582202074,"fraud_Schroeder, Hauck and Treutel",entertainment,30.11,David,Rodriguez,M,821 Solis Points,Muskegon,MI,49440,43.2326,-86.2492,128715,Historic buildings inspector/conservation officer,1995-05-25,8c6040d5fa4cdae35db069282dbcbf0a,1368997984,43.431899,-85.835041,0,49337.0,Electronics,In-store,4,15:17,65,Debit Card,62
1107750,2020-04-06 03:10:49,372246459334925,"fraud_Stanton, Jakubowski and Baumbach",shopping_net,8.08,Rick,Martinez,M,062 Poole Hollow Apt. 815,Deadwood,SD,57732,44.3566,-103.6999,1979,Multimedia programmer,1970-03-13,7c6ceb298f9b33f515ecac678231177b,1365217849,43.585355,-102.818982,0,,Entertainment,Online,9,04:48,46,Mobile Payment,233
379810,2019-06-23 20:57:52,4301028321766222513,fraud_Gibson-Deckow,entertainment,77.65,Joe,Howard,M,109 Brian Lights Apt. 504,Shippingport,PA,15077,40.6025,-80.3863,198,Secretary/administrator,1978-10-26,88185165cebf9ee17c217887c2de1d71,1340485072,40.461852,-80.02058199999999,0,15290.0,Restaurants,In-store,2,01:57,51,Credit Card,104
280196,2019-05-18 19:09:43,4355790796238264643,"fraud_Weber, Thiel and Hammes",kids_pets,50.2,Tanner,Davis,M,2632 Stevens Light Apt. 213,Payson,IL,62360,39.8153,-91.2627,1656,Exhibition designer,1969-08-04,f5a1c8fada277dea12a291d553f1f987,1337368183,40.186761,-90.543834,0,61452.0,Restaurants,In-store,3,09:56,42,Mobile Payment,142
222285,2019-04-22 13:12:49,3501942333500073,fraud_Jakubowski Inc,home,133.68,Lori,Bishop,F,08056 Alvarado Club Suite 699,Phoenix,AZ,85086,33.8155,-112.1202,1312922,Counselling psychologist,1999-11-30,b9e507d77fc5bd3793d08535ad1c8d1b,1335100369,33.505499,-111.629811,0,85215.0,Entertainment,Online,5,01:38,48,Mobile Payment,406
673863,2019-10-14 04:53:01,4450831335606294,fraud_McGlynn-Heathcote,misc_net,191.65,Donna,Davis,F,6760 Donovan Lakes,Clayton,OK,74536,34.5906,-95.38,1760,Occupational psychologist,1972-01-20,e2c1894bb3229c3128578610d97efdce,1350190381,33.617705,-95.230466,0,75436.0,Entertainment,Online,5,06:29,60,Mobile Payment,63
627048,2019-09-23 12:56:39,5540636818935089,"fraud_Hartmann, Rowe and Hermann",travel,1.89,Kenneth,Foster,M,329 Michael Extension,Lawrence,MA,1843,42.6911,-71.1605,76383,Geoscientist,1985-04-04,08e3aff457d4b15ddd2e3177f93f4cab,1348404999,42.428595,-70.647023,0,,Electronics,Online,5,13:13,59,Credit Card,97
1127698,2020-04-14 09:39:58,3514865930894695,"fraud_Zieme, Bode and Dooley",gas_transport,24.61,Christopher,Castaneda,M,1632 Cohen Drive Suite 639,High Rolls Mountain Park,NM,88325,32.9396,-105.8189,899,Naval architect,1967-08-30,52eccb790453fed0179f6fa3879c509f,1365932398,32.421890999999995,-106.785782,0,88011.0,Groceries,In-store,7,10:34,64,Mobile Payment,253
150903,2019-03-22 16:54:03,3577794103155425,fraud_Kihn Inc,shopping_pos,3.25,Mary,Humphrey,F,9853 Flynn Hollow Apt. 602,Reynolds,ND,58275,47.7068,-97.2092,733,Visual merchandiser,1994-11-12,08a55a9c7122b183c30e411f8abd13a6,1332435243,48.120666,-96.353988,0,56760.0,Restaurants,In-store,10,17:28,56,Debit Card,328
946890,2020-01-13 16:03:46,4155021259183870,fraud_Zulauf LLC,personal_care,15.15,Renee,Parrish,F,174 Jennifer Meadow Apt. 467,Mountain Park,OK,73559,34.7032,-98.9591,540,Research scientist (life sciences),1983-10-12,adbd9d135c09accacd0a2b6df8562cb1,1358093026,35.377477,-99.171596,0,73647.0,Restaurants,In-store,3,23:32,60,Mobile Payment,401
1287292,2020-06-17 10:06:53,4979422371139333,"fraud_Turner, Ruecker and Parisian",misc_pos,7.84,Kelly,Zimmerman,F,1893 Katie Tunnel,Westerville,NE,68881,41.4193,-99.3844,73,Product designer,1935-02-10,3cc3814dc70ff846f49f6ae88fb7f972,1371463613,41.325308,-99.034063,0,68853.0,Clothing,In-store,1,23:13,28,Mobile Payment,454
705550,2019-10-28 03:10:36,502012776709,fraud_Kling Inc,gas_transport,73.29,Sherry,Martinez,F,144 Yu Locks Apt. 754,Garrattsville,NY,13342,42.6315,-75.1866,165,Naval architect,1945-09-20,4b7879a7ce17654758bebb050c576b4b,1351393836,42.629141,-75.42555,0,13460.0,Groceries,In-store,4,13:14,26,Debit Card,199
365607,2019-06-18 13:41:08,377113842678100,fraud_Reichel LLC,personal_care,35.62,Billy,Gallagher,M,673 Delgado Burg,Greenwich,NJ,8323,39.4055,-75.3209,804,Insurance risk surveyor,1965-03-25,348f5c8b291be651f7f2c9e99907ad5f,1340026868,39.534113,-74.591071,0,8215.0,Restaurants,Online,2,06:05,51,Debit Card,95
55925,2019-02-03 06:55:26,676248282243,"fraud_Reichert, Shanahan and Hayes",shopping_net,74.09,Amanda,Wheeler,F,329 Emily Cape,Cape Coral,FL,33909,26.6939,-81.9452,156391,Higher education careers adviser,1968-02-09,98a95be2014934d4e2624a9c02cf869d,1328252126,26.378178,-81.936286,0,33931.0,Entertainment,Online,6,21:46,62,Credit Card,413
1202538,2020-05-17 22:57:15,4716561796955522,"fraud_Parisian, Schiller and Altenwerth",misc_net,240.19,Lauren,Anderson,F,11014 Chad Lake Apt. 573,Heart Butte,MT,59448,48.2777,-112.8456,743,Water engineer,1972-05-04,c4a73273777a1ad7aea04e10767bffd6,1368831435,48.620892,-113.117453,0,59417.0,Groceries,Online,8,23:30,62,Mobile Payment,176
484981,2019-07-31 07:10:09,30042378430132,fraud_Dooley-Thompson,misc_net,19.52,Connor,Grant,M,0654 Kevin Turnpike Apt. 084,Northport,NY,11768,40.9051,-73.3309,21902,Tour manager,1976-05-16,c261ed5af7f97fac0c5bec8ff0800711,1343718609,40.128038,-73.390069,0,,Groceries,Online,2,21:42,27,Debit Card,58
1276525,2020-06-14 10:57:35,343464013864032,fraud_Sawayn PLC,shopping_pos,2.17,Jodi,Foster,F,551 Zachary Freeway,Bailey,NC,27807,35.8072,-78.0892,6629,Call centre manager,1962-08-13,dd1e42fc3c3915a38bb00f9d7294d7f8,1371207455,34.900351,-77.706372,0,28518.0,Entertainment,Online,1,18:33,38,Mobile Payment,431
932998,2020-01-05 20:57:16,180094419304907,fraud_Kub PLC,personal_care,95.66,Sharon,Smith,F,17666 David Valleys,Sun City,CA,92585,33.7467,-117.1721,54287,"Designer, exhibition/display",1972-09-22,e7ffb3cbc75d064aaaf0aa2d0edbd25d,1357419436,33.145658000000005,-116.494095,0,92066.0,Entertainment,Online,6,20:23,67,Credit Card,58
717693,2019-11-02 22:24:16,6011492816282597,fraud_Daugherty LLC,kids_pets,53.28,Gary,Barnes,M,2970 Flores Brooks,Smackover,AR,71762,33.3398,-92.7442,2501,Financial adviser,1986-06-11,f41eab4e36a5c93e538a4e8c7052d064,1351895056,32.966709,-91.995491,0,,Clothing,Online,2,02:10,46,Mobile Payment,223
1236912,2020-05-31 11:39:45,4610050989831291,fraud_Herzog Ltd,misc_pos,24.1,James,Lynch,M,5155 Mary Common Apt. 927,Utica,PA,16362,41.4798,-79.9403,1102,Garment/textile technologist,1989-07-08,455cce6cf5653313d0a16c26a7113730,1370000385,41.526428,-79.903343,0,16317.0,Restaurants,In-store,5,20:29,25,Debit Card,271
225257,2019-04-23 21:24:13,4607072969078276,"fraud_Monahan, Bogisich and Ledner",misc_pos,13.75,Brenda,Perez,F,033 Tara Brook Suite 523,Coyle,OK,73027,35.8985,-97.2607,1493,Amenity horticulturist,1985-03-21,ace5316c8ba66dd24461f13b7ab922d5,1335216253,35.243011,-97.585701,0,73065.0,Electronics,In-store,3,03:53,27,Credit Card,58
945405,2020-01-12 23:36:50,30248898834493,fraud_Frami Group,entertainment,10.38,Michael,Rodriguez,M,172 Paula Inlet Apt. 650,Cross Plains,TX,76443,32.1482,-99.1872,1897,Chief Operating Officer,1953-04-19,cb463ae67c18ba6dd885c55f0a50a41a,1358033810,33.028478,-100.07362,0,79540.0,Groceries,Online,8,07:37,67,Debit Card,139
1245674,2020-06-02 17:53:07,3598215285024754,"fraud_Prosacco, Kreiger and Kovacek",home,24.77,Ashley,Lopez,F,9333 Valentine Point,Bellmore,NY,11710,40.6729,-73.5365,34496,"Librarian, public",1970-10-21,f1d5c87ecf54999c19486c4803403aa5,1370195587,40.803349,-73.493228,0,11791.0,Groceries,In-store,9,15:15,58,Credit Card,48
244056,2019-05-02 15:23:16,3518234918950662,fraud_Kub PLC,personal_care,235.04,Barbara,Lowe,F,67210 Lori Creek,Sherman,TX,75092,33.6372,-96.6184,46563,Systems developer,1970-09-11,efeacda278d679262b103fec1aea4bcc,1335972196,34.509876,-97.375492,0,73444.0,Electronics,Online,3,15:49,25,Credit Card,325
14804,2019-01-09 10:18:18,377993105397617,"fraud_Bernier, Streich and Jewess",grocery_net,49.11,Nathan,Martinez,M,586 Thomas Cliffs,Oconto Falls,WI,54154,44.8755,-88.1555,5548,Mining engineer,1975-09-11,67684050798dbc6a4e2509b02266f4ec,1326104298,44.207031,-88.866219,0,54940.0,Groceries,In-store,4,00:13,26,Mobile Payment,199
21180,2019-01-13 18:50:53,377026671291680,fraud_Goyette-Gerhold,kids_pets,164.31,Jackie,Davis,F,1898 Parker Fork Apt. 057,Redford,MO,63665,37.3272,-91.0243,241,Investment analyst,1974-10-27,0fe26622a4cd0fbdee988677a8098190,1326480653,36.489832,-90.295815,0,72456.0,Groceries,In-store,2,04:53,47,Debit Card,32
477977,2019-07-28 20:06:32,2720433095629877,fraud_Dare-Gibson,health_fitness,12.0,Mark,Wood,M,854 Walker Dale Suite 488,Bowdoin,ME,4287,44.0575,-69.9656,3224,"Engineer, electronics",1997-08-22,06703b46396dd319866d0206914fd578,1343505992,43.884879,-69.58784399999999,0,4537.0,Entertainment,In-store,8,03:15,41,Debit Card,277
122711,2019-03-09 23:44:41,3553629419254918,fraud_White and Sons,home,82.04,Sharon,Johnson,F,7202 Jeffrey Mills,Conway,WA,98238,48.34,-122.3456,85,"Research officer, political party",1984-09-01,cc33ab589fb025cfa97dff780ce350e9,1331336681,47.352272,-122.700245,0,98329.0,Clothing,Online,7,19:33,19,Debit Card,307
1268075,2020-06-10 18:39:14,4464457352619,fraud_Pouros-Conroy,shopping_pos,6.92,Breanna,Rodriguez,F,118 Cabrera Springs Apt. 105,Lanark Village,FL,32323,29.8826,-84.5964,217,Television production assistant,1990-01-24,1415278a6064d02675f7964aa37ef480,1370889554,30.60573,-84.549153,0,32351.0,Groceries,In-store,7,19:01,59,Mobile Payment,48
498270,2019-08-04 21:50:12,676148621961,"fraud_Yost, Schamberger and Windler",kids_pets,39.98,Jennifer,Vega,F,91644 Crystal Drives,Eagarville,IL,62023,39.1118,-89.7855,91,Materials engineer,1962-11-18,fd40906435e87ca1aa1a9ece2d9385a1,1344117012,39.357217,-88.862942,0,62438.0,Groceries,In-store,10,09:07,24,Debit Card,317
511745,2019-08-10 05:43:39,343668971234893,"fraud_Parker, Nolan and Trantow",entertainment,1.35,Sally,Moore,F,835 Reese Views Suite 884,Hopkins,SC,29061,33.9349,-80.8449,13717,Chiropodist,1949-11-16,51751f298db3882aa2dc333d2cfdd760,1344577419,34.512487,-80.25210899999999,0,29101.0,Groceries,Online,5,03:17,45,Mobile Payment,352
604294,2019-09-14 06:21:56,4412720572684931,"fraud_Greenholt, Jacobi and Gleason",gas_transport,55.46,Richard,Marshall,M,295 Page Creek Suite 181,Greenbush,VA,23357,37.7681,-75.6664,776,Psychiatrist,1949-11-17,157ae4db2f167043c9e612daf48f0c42,1347603716,38.505526,-75.057361,0,19930.0,Restaurants,In-store,9,15:28,34,Credit Card,118
700458,2019-10-26 12:42:40,581686439828,fraud_Kuhn Group,food_dining,132.17,Larry,House,M,911 Sabrina Trafficway,Cochranton,PA,16314,41.5205,-80.0573,5507,Retail merchandiser,1973-07-28,ceb9f6304508a2f21d33e9f98f40aa30,1351255360,42.294955,-79.555296,0,14787.0,Groceries,Online,1,09:55,41,Credit Card,328
722690,2019-11-04 13:59:12,30030380240193,fraud_Hoppe-Parisian,kids_pets,47.67,William,Jenkins,M,50614 Kevin Point,Harper,TX,78631,30.2816,-99.241,2395,"Pharmacist, community",1993-11-17,4609635809163ac2a501499afb74d279,1352037552,30.569705,-99.609263,0,76854.0,Restaurants,In-store,2,01:30,35,Credit Card,376
188811,2019-04-07 21:21:39,180058696935600,fraud_Kilback and Sons,entertainment,82.31,Richard,Barnes,M,1339 Johnson Landing Suite 007,De Lancey,NY,13752,42.18899999999999,-74.9229,782,Chartered accountant,2000-08-28,512ad90e9a7b65e5082056cd6c9fc150,1333833699,42.623719,-75.610477,0,13844.0,Electronics,Online,7,05:57,56,Mobile Payment,344
399847,2019-06-30 23:14:57,213178850083780,fraud_Champlin and Sons,home,83.24,Shawn,King,M,31493 Garcia Summit,Athena,OR,97813,45.8289,-118.4971,1302,Dealer,1976-10-18,bb7f0011967e99ccb057e04694d70bbe,1341098097,46.025006,-118.551487,0,99324.0,Restaurants,Online,8,19:36,55,Debit Card,331
157148,2019-03-24 21:40:34,344342339068828,"fraud_Kihn, Brakus and Goyette",personal_care,17.0,Ruth,Fuller,F,37732 Joe Courts Apt. 752,Darien,GA,31305,31.3826,-81.4312,5989,Tax adviser,1967-05-05,7d4a5d5a4689fcac0089cfebc2aa95cc,1332625234,31.135753,-81.488639,0,31520.0,Clothing,In-store,3,01:38,57,Debit Card,34
127514,2019-03-11 14:00:10,4294930380592,fraud_Greenholt Ltd,health_fitness,92.97,Misty,Rivera,F,1980 Vasquez Manors Apt. 574,Catawba,VA,24070,37.3696,-80.1284,1363,Equality and diversity officer,1940-08-23,5507ff69dd7826ee6894436fbc596ea1,1331474410,37.692846,-79.952914,0,24426.0,Groceries,Online,3,09:45,33,Credit Card,383
8413,2019-01-06 11:15:16,4658490815480264,"fraud_Nienow, Ankunding and Collier",misc_pos,3.25,Tara,Richards,F,4879 Cristina Station,Keisterville,PA,15449,39.9636,-79.7853,184,Systems developer,1945-11-04,46293befabe2cf034b62d453f6b2eeb5,1325848516,39.616448,-79.995576,0,26501.0,Groceries,Online,1,04:54,47,Mobile Payment,454
278009,2019-05-17 21:10:35,4727244663135968,"fraud_Turcotte, Batz and Buckridge",health_fitness,50.83,Mary,Lewis,F,118 Justin Extension,Bay Minette,AL,36507,30.8635,-87.7644,19090,Science writer,1929-05-30,0ccf80458bf3b8c31225deaba2f5fc46,1337289035,30.339602000000003,-87.477878,0,36549.0,Restaurants,In-store,6,22:12,30,Debit Card,180
911830,2019-12-29 11:09:17,38588538868506,fraud_Brekke and Sons,gas_transport,39.27,Jacqueline,Curry,F,3047 Jeff Place,Marathon,TX,79842,30.1886,-103.2214,498,Lexicographer,1990-11-23,02108c5ff55d2c264a30952adc62cd18,1356779357,29.989522,-103.558581,0,,Groceries,Online,2,19:35,54,Debit Card,22
554549,2019-08-25 03:28:39,4334230547694630,fraud_Cummerata-Jones,gas_transport,45.98,Scott,Martin,M,7483 Navarro Flats,Freedom,WY,83120,43.0172,-111.0292,471,"Education officer, museum",1967-08-02,1981887cc81ef95697c4a9c16cec18e9,1345865319,42.743654,-110.697772,0,,Groceries,Online,6,16:31,34,Credit Card,303
536107,2019-08-18 12:33:37,6011367958204270,fraud_Botsford Ltd,shopping_pos,4.35,Tammy,Ayers,F,1652 James Mews,Hinckley,OH,44233,41.2419,-81.7453,7646,Medical sales representative,1988-09-15,aaf2f3f3949f6fc26d935834f0a3518e,1345293217,40.597073,-81.112775,0,44615.0,Clothing,In-store,7,05:56,45,Debit Card,96
817486,2019-12-08 11:01:41,6593939509150446,fraud_Kutch LLC,gas_transport,75.64,Margaret,Ward,F,244 Jeffery Rapids,Azusa,CA,91702,34.1248,-117.9031,59705,Civil Service fast streamer,1983-06-23,0c352257190b567ea7146a15fbd30af7,1354964501,33.6079,-118.545684,0,,Clothing,In-store,9,07:56,63,Mobile Payment,429
356953,2019-06-16 01:35:41,4311368326621416041,"fraud_Quitzon, Green and Bashirian",shopping_pos,8.24,Phillip,Delacruz,M,26678 Lisa Locks Apt. 904,Iliff,CO,80736,40.7692,-103.0968,648,Community arts worker,1969-09-21,d556cef8393a4d91974059bc2cff7239,1339810541,40.439276,-102.700784,0,,Restaurants,Online,9,19:32,62,Credit Card,245
786176,2019-12-01 11:51:50,4191109180926792,fraud_Gutmann Ltd,grocery_net,46.83,Jennifer,Spencer,F,477 Wheeler Burg,Amanda,OH,43102,39.6251,-82.7552,4512,Farm manager,1992-10-03,376dfa7b2f4a968568aad94d34312245,1354362710,39.084661,-83.33756,0,45646.0,Groceries,In-store,2,12:50,44,Mobile Payment,338
259447,2019-05-09 11:22:09,30263540414123,fraud_McDermott-Rice,misc_pos,1.26,Erik,Patterson,M,162 Jessica Row Apt. 072,Hatch,UT,84735,37.7175,-112.4777,258,Geoscientist,1961-11-24,3701b86b346714fe00999184e49e8995,1336562529,37.687483,-113.250374,0,84720.0,Restaurants,In-store,6,12:34,38,Credit Card,39
1219373,2020-05-25 01:52:38,30546453310167,fraud_Kihn-Schuster,food_dining,100.56,Nicholas,Tran,M,672 Randall Burg Suite 551,Belmont,NH,3220,43.4512,-71.48899999999999,7430,"Scientist, research (medical)",1955-01-13,68a186805b917f5657e718765c93e92a,1369446758,44.234869,-70.745533,0,4231.0,Restaurants,Online,9,22:30,34,Mobile Payment,428
31287,2019-01-19 18:31:52,6011438889172900,fraud_Daugherty LLC,kids_pets,89.06,Allison,Allen,F,40624 Rebecca Spurs,De Witt,AR,72042,34.2853,-91.3336,5161,Electrical engineer,1993-04-08,b7885e630d114935a2d251dee37881e2,1326997912,33.678388,-91.284305,0,71654.0,Entertainment,Online,3,18:15,23,Debit Card,491
113824,2019-03-05 13:26:39,4464457352619,"fraud_Streich, Dietrich and Barton",shopping_net,3.26,Breanna,Rodriguez,F,118 Cabrera Springs Apt. 105,Lanark Village,FL,32323,29.8826,-84.5964,217,Television production assistant,1990-01-24,2f673846d0df76c0c8dd6469ddc0b7bb,1330953999,29.808314000000003,-83.660386,0,,Groceries,In-store,10,06:38,58,Debit Card,277
140815,2019-03-17 18:42:32,4155021259183870,fraud_Friesen-Ortiz,personal_care,24.83,Renee,Parrish,F,174 Jennifer Meadow Apt. 467,Mountain Park,OK,73559,34.7032,-98.9591,540,Research scientist (life sciences),1983-10-12,6ab9931c361d3ad2b3d0e3feb8f626c1,1332009752,34.358865,-99.774456,0,79252.0,Clothing,Online,2,08:27,65,Mobile Payment,423
492213,2019-08-03 08:03:57,4440581794652,"fraud_Zboncak, Rowe and Murazik",shopping_net,8.97,Karen,Cooper,F,425 Caleb Point Apt. 050,San Diego,CA,92128,33.0067,-117.069,1241364,"Pharmacist, hospital",1960-03-01,d4042a6509fdf46a24d2bf8c52e8e228,1343981037,33.128251,-116.888734,0,92025.0,Clothing,Online,7,17:59,68,Credit Card,94
785305,2019-12-01 07:25:24,180042946491150,"fraud_Eichmann, Bogan and Rodriguez",gas_transport,60.32,Charles,Robles,M,3337 Lisa Divide,Saint Petersburg,FL,33710,27.7898,-82.7243,341043,"Engineer, land",1989-02-28,2cab2a6de6e4e4fddfe5848a6faea6d8,1354346724,28.459540000000004,-83.69083,0,,Electronics,In-store,5,06:15,18,Mobile Payment,267
686395,2019-10-20 03:22:32,501899453424,"fraud_Goldner, Kovacek and Abbott",grocery_pos,95.82,Jessica,Dominguez,F,06393 Nancy Parkways Suite 855,Gadsden,AL,35903,33.9845,-85.9077,67082,Ceramics designer,1970-01-08,f79ae06ec4a612d4cd407b030db4e2fb,1350703352,34.598437,-85.191356,0,30753.0,Groceries,In-store,8,09:54,66,Credit Card,383
443029,2019-07-15 23:24:43,30143535920989,fraud_O'Hara-Wilderman,food_dining,2.84,Lisa,Collins,F,44197 Jeffrey Port Suite 050,Bridgeport,NJ,8014,39.8016,-75.3478,504,"Engineer, control and instrumentation",1980-08-17,2e7a0e5d4ba95c6a41d53c5a8ac03005,1342394683,39.763484000000005,-74.38590400000001,0,8019.0,Groceries,In-store,7,15:10,27,Debit Card,61
393941,2019-06-29 11:45:57,375904527651269,fraud_O'Keefe-Hudson,grocery_pos,107.86,Ryan,Cook,M,75952 Wilson Course,Roseland,NE,68973,40.4591,-98.5551,463,"Nurse, mental health",1948-05-31,a78e75db7a499b566aeaa0aa9294354f,1340970357,39.972479,-99.04192,0,68929.0,Entertainment,In-store,7,01:39,50,Debit Card,132
1191564,2020-05-12 14:41:21,371985236239474,fraud_Wilkinson LLC,personal_care,22.66,Benjamin,Martin,M,0495 Baker Manors,Oriskany Falls,NY,13425,42.9576,-75.4838,1970,"Programmer, multimedia",1949-06-09,58e2103618d8607877807323b3382eda,1368369681,43.662944,-75.64816400000001,0,,Restaurants,Online,1,19:46,56,Mobile Payment,489
1203929,2020-05-18 12:13:21,180067151859700,fraud_Stamm-Witting,shopping_net,6.53,Karen,Ryan,F,82468 Michelle Village Suite 556,Joliet,IL,60432,41.5378,-88.0572,128354,"Teacher, secondary school",1992-01-20,e38d6a882467853ec46c16454ac1602a,1368879201,42.196369,-87.439211,0,,Electronics,In-store,5,08:28,36,Mobile Payment,215
1178840,2020-05-07 04:59:49,501828204849,fraud_Parisian and Sons,gas_transport,97.74,Sandra,Davies,F,31954 Eugene Lane Suite 572,Dexter,KS,67038,37.1641,-96.6917,602,"Buyer, industrial",1958-10-26,de2e7c4b4c4fdb69feaee374650204e6,1367902789,37.748186,-95.867384,0,66777.0,Entertainment,In-store,1,21:38,25,Mobile Payment,476
336215,2019-06-08 19:13:47,4099707841315751,"fraud_Roob, Conn and Tremblay",shopping_pos,5.78,James,Stephens,M,1166 Castillo Mountains,Ruckersville,VA,22968,38.2586,-78.4074,9815,"Designer, ceramics/pottery",1975-07-07,5d3e444b46ad893a3f32fee00bec53f5,1339182827,37.957489,-78.752509,0,22931.0,Entertainment,In-store,4,03:13,45,Credit Card,399
423672,2019-07-09 01:12:17,213102873001603,"fraud_Tillman, Fritsch and Schmitt",misc_net,68.01,Joanne,Padilla,F,477 Alejandro Knolls Suite 828,Gardiner,OR,97441,43.7857,-124.1437,260,"Engineer, maintenance",1956-09-01,29aa87420a05d34d18b86c3baf9588f4,1341796337,44.043142,-124.674784,0,,Entertainment,In-store,2,14:52,31,Mobile Payment,85
215390,2019-04-20 05:11:13,4861310130652566408,fraud_Erdman-Kertzmann,gas_transport,50.78,Ashley,Cruz,F,65417 Walsh Radial Suite 691,Saint Amant,LA,70774,30.2385,-90.8435,10076,"Surveyor, rural practice",1977-12-16,3b8c6fc4fe763b3c4af7909d3b79c59b,1334898673,30.497628,-90.496739,0,70403.0,Restaurants,In-store,1,14:22,32,Credit Card,360
1113073,2020-04-07 19:10:22,4792627764422477317,fraud_Lemke-Gutmann,shopping_net,9.41,Margaret,Mendez,F,7952 Karen Pike,De Soto,KS,66018,38.9462,-94.9714,5760,Chief Executive Officer,1978-10-01,f786f2b6a6e52008972089958c96f917,1365361822,39.694256,-94.701785,0,64401.0,Entertainment,Online,10,06:23,28,Mobile Payment,381
477096,2019-07-28 15:53:41,30344654314976,fraud_Tillman LLC,travel,7.26,Christine,Johnson,F,8011 Chapman Tunnel Apt. 568,Blairsden-Graeagle,CA,96103,39.8127,-120.6405,1725,Chartered legal executive (England and Wales),1967-05-27,7751cc33d1b9cb6329a5067a75c3b58e,1343490821,39.880897,-120.57087,0,96103.0,Clothing,Online,10,19:40,28,Mobile Payment,486
197718,2019-04-12 06:53:18,60422928733,fraud_Emard Inc,gas_transport,66.35,Jeffrey,Powers,M,38352 Parrish Road Apt. 652,North Augusta,SC,29860,33.6028,-81.9748,46944,Secondary school teacher,1942-04-02,b2ecf339eb98f249fe715d7b6d92d071,1334213598,33.112109000000004,-82.916984,0,31094.0,Restaurants,Online,8,11:55,40,Mobile Payment,364
228916,2019-04-25 23:03:08,370612217861404,"fraud_Hahn, Bahringer and McLaughlin",personal_care,13.86,Amanda,Fitzgerald,F,298 Kayla Lights,Bristol,PA,19007,40.1159,-74.8536,21125,"Administrator, charities/voluntary organisations",1985-05-25,7ddbbf31ed8352d17df7fa70876b1d12,1335394988,39.687782,-74.78906500000001,0,8089.0,Clothing,In-store,2,18:50,70,Debit Card,378
920681,2019-12-30 19:47:41,6011504998544485,fraud_Reichel LLC,personal_care,4.89,Ashley,Whitney,F,4038 Smith Avenue,Jones,AL,36749,32.5104,-86.8138,1089,Materials engineer,1971-11-02,f7383cc36fc16c572686e76094e9c9dc,1356896861,31.712873,-86.195475,0,36049.0,Entertainment,Online,6,16:33,57,Debit Card,75
417980,2019-07-07 15:18:16,180036456789979,fraud_Abbott-Rogahn,entertainment,4.99,Mackenzie,Salazar,F,982 Melissa Lock,Bagley,WI,53801,42.9207,-91.0685,878,Risk analyst,1974-11-20,dedeef1a0ba18b3756c1d220993bd923,1341674296,42.003054,-90.460263,0,52731.0,Entertainment,In-store,9,18:48,39,Mobile Payment,468
1030941,2020-03-03 02:37:20,3511058278399773,"fraud_Romaguera, Cruickshank and Greenholt",shopping_net,2.48,Briana,Santos,F,702 Tabitha Drive,New Goshen,IN,47863,39.5803,-87.4616,205,"Engineer, mining",1960-01-06,49b317f4bcd586d265698ed3218ea1d2,1362278240,39.302629,-87.593424,0,62477.0,Restaurants,In-store,1,04:21,50,Credit Card,210
783982,2019-12-01 00:58:21,3582754887089201,fraud_Macejkovic-Lesch,shopping_pos,35.02,Terrance,Mckinney,M,42965 Christopher Fords Suite 659,Norman,AR,71960,34.4596,-93.6743,1383,Magazine features editor,1966-08-08,29683aba3c209e1a54b3e0ef7ba44045,1354323501,34.552887,-94.249836,0,71953.0,Electronics,Online,10,19:56,39,Debit Card,194
490217,2019-08-02 15:08:06,2283743876903625,"fraud_Lehner, Reichert and Mills",misc_pos,7.71,Shannon,Williams,F,9345 Spencer Junctions Suite 183,Alpharetta,GA,30009,34.077,-84.3033,165556,Prison officer,1997-12-27,16b20f894fda95c26a2164844d070a9f,1343920086,33.865394,-85.159989,0,30113.0,Entertainment,Online,1,23:30,45,Debit Card,142
880941,2019-12-22 12:32:12,4500002361389,"fraud_Klocko, Runolfsdottir and Breitenberg",health_fitness,41.35,Joseph,Nixon,M,86882 Desiree Camp Suite 047,Tyaskin,MD,21865,38.2833,-75.8465,470,Music tutor,1965-04-07,c87c8fc6fb81b0dc49f25316e7cc8674,1356179532,38.026576,-75.325307,0,21864.0,Clothing,In-store,9,14:07,31,Debit Card,229
340464,2019-06-09 21:45:36,3533012926413100,fraud_Pagac LLC,shopping_pos,15.51,Megan,Bernard,F,128 Nathan Ramp,Barneveld,NY,13304,43.2237,-75.1612,1684,IT trainer,1994-03-01,80806adfc06e277c4af2451dea6fbab5,1339278336,43.092539,-74.424429,0,12078.0,Entertainment,Online,3,08:37,68,Mobile Payment,68
21457,2019-01-13 21:33:17,4514242065619750,"fraud_Watsica, Haag and Considine",shopping_pos,5.24,Janet,Carpenter,F,9870 Collins Flat,Laramie,WY,82072,41.4247,-105.4781,35371,"Pilot, airline",1988-09-02,a86a8bd8ee5fd4129eefe08cef3e3668,1326490397,41.729169,-105.896188,0,82083.0,Entertainment,In-store,10,03:22,42,Credit Card,11
259192,2019-05-09 07:02:29,6011860238257910,fraud_Vandervort-Funk,grocery_pos,172.96,Lisa,Mendez,F,44259 Beth Station Suite 215,Lahoma,OK,73754,36.385,-98.0727,1078,"Programme researcher, broadcasting/film/video",1952-07-06,2db92c8ddb01f238ef4a13597a5a7152,1336546949,36.721084000000005,-97.547119,0,74643.0,Clothing,Online,4,07:08,52,Debit Card,369
589513,2019-09-07 14:44:37,4634955908138648,fraud_O'Keefe-Wisoky,food_dining,49.31,Mackenzie,Smith,F,7178 Willis Drive,Hooper,NE,68031,41.6414,-96.5232,1745,"Engineer, automotive",1973-12-26,0a43f3883127764432d8aa544890d038,1347029077,42.497024,-95.551862,0,51025.0,Electronics,In-store,9,15:19,30,Mobile Payment,228
354776,2019-06-15 12:11:12,371226440126102,fraud_Berge-Hills,kids_pets,58.37,Stacy,Lambert,F,85430 Julie Trafficway Suite 792,Mulberry Grove,IL,62262,38.9311,-89.2463,1810,Race relations officer,1974-12-24,78193e53f3ed21b4dc10e4ff99fe6759,1339762272,39.914388,-89.48346,0,62693.0,Groceries,Online,2,20:13,47,Mobile Payment,255
690651,2019-10-21 13:24:24,4561546772499,fraud_Goyette Inc,shopping_net,2.51,Daniel,Briggs,M,7118 Jessica Unions Apt. 789,Moriarty,NM,87035,34.9889,-106.0609,7268,"Therapist, art",1988-08-04,82e9cf498b8e1bf20be7226c0a3d2114,1350825864,35.802263,-105.50171,0,87742.0,Groceries,Online,10,07:37,42,Mobile Payment,56
341281,2019-06-10 03:09:08,3566094707272327,fraud_McGlynn-Jaskolski,misc_pos,24.25,Kristina,Stewart,F,47029 Jimmy Tunnel Apt. 106,Newhall,CA,91321,34.3795,-118.523,34882,Health physicist,1971-04-25,8ce8652704a973329fc4c1cbd23406f0,1339297748,34.704269000000004,-119.4391,0,,Electronics,In-store,8,07:15,60,Credit Card,8
1091628,2020-03-30 01:41:42,675961917837,fraud_Kris-Padberg,shopping_pos,27.0,Christopher,Cummings,M,478 George Course Apt. 056,Sprague,NE,68438,40.6267,-96.7456,142,Chiropodist,1967-08-24,f752f207fea9f95eb6ad15756ed70d5f,1364607702,39.6584,-96.918856,0,66933.0,Clothing,Online,9,20:34,56,Debit Card,70
934560,2020-01-06 14:01:28,38199021865320,"fraud_Schiller, Blanda and Johnson",home,91.8,Jesse,Roberts,M,8415 Vaughn Squares Apt. 788,Acworth,NH,3601,43.196000000000005,-72.3001,477,Naval architect,1988-04-15,61083e55decf85f48693d24e510be9f6,1357480888,43.520032,-72.163557,0,3753.0,Clothing,Online,2,21:01,27,Mobile Payment,322
261108,2019-05-10 08:23:01,3527536963490470,"fraud_Zieme, Bode and Dooley",gas_transport,58.24,Teresa,Stein,F,2838 White Fields Apt. 473,Brunson,SC,29911,32.9413,-81.1807,1725,Social researcher,1974-12-05,20a09b4febffcfb37294fcbc179c24cb,1336638181,32.228765,-80.563703,0,29902.0,Electronics,Online,1,15:55,55,Debit Card,424
498194,2019-08-04 21:28:24,6011367958204270,fraud_Effertz LLC,entertainment,111.08,Tammy,Ayers,F,1652 James Mews,Hinckley,OH,44233,41.2419,-81.7453,7646,Medical sales representative,1988-09-15,5741596ca7ff84f0a30cd64671c0e8b5,1344115704,41.075147,-81.554459,0,44307.0,Restaurants,In-store,2,10:33,50,Debit Card,194
858237,2019-12-16 20:10:41,567868110212,fraud_Denesik and Sons,shopping_pos,5.85,Dawn,Tucker,F,789 Herring Manors,Houston,TX,77007,29.7736,-95.4034,2906700,"Copywriter, advertising",1984-12-16,e69c95ad3ec87768ec82393562f615ac,1355688641,28.943982,-95.927344,0,77414.0,Groceries,In-store,2,17:34,50,Mobile Payment,45
768376,2019-11-24 23:53:46,4904681492230012,"fraud_Rippin, Kub and Mann",misc_net,67.21,Lisa,Lowe,F,574 David Locks Suite 207,Cottekill,NY,12419,41.8467,-74.1038,722,Comptroller,1990-10-19,890d17314bf3d08a2b12aa21c8469c10,1353801226,41.006522,-73.526329,0,6870.0,Restaurants,In-store,4,06:28,41,Mobile Payment,282
923445,2019-12-31 14:46:58,213191402330021,fraud_Wuckert-Goldner,home,60.86,Thomas,Sullivan,M,464 Newman Crossroad,Milwaukee,WI,53228,42.9676,-88.0434,817312,"Accountant, chartered public finance",2004-03-18,a724595860804b61e899d692f8c8d609,1356965218,43.894952,-88.702747,0,54964.0,Restaurants,Online,8,15:55,41,Credit Card,482
82706,2019-02-18 14:05:18,4514242065619750,fraud_Fahey Inc,kids_pets,19.25,Janet,Carpenter,F,9870 Collins Flat,Laramie,WY,82072,41.4247,-105.4781,35371,"Pilot, airline",1988-09-02,5b65ee164079fbaf8454a3f85214bf5a,1329573918,40.445908,-106.256786,0,,Groceries,Online,2,18:47,42,Debit Card,101
1002790,2020-02-15 23:14:18,4452366298769043,"fraud_Baumbach, Strosin and Nicolas",shopping_pos,9.82,Linda,Davis,F,6602 Ortiz Pine Apt. 179,Blooming Grove,TX,76626,32.0758,-96.701,1563,Financial adviser,1978-03-04,5143eb673ed169b3f7fa2a418ce0353f,1360970058,32.947974,-97.620851,0,76082.0,Electronics,Online,4,00:20,33,Mobile Payment,67
252274,2019-05-05 22:42:57,375082648741747,"fraud_O'Reilly, Mohr and Purdy",home,11.25,Shannon,Bell,F,2918 David Spurs,Georgetown,MN,56546,47.0999,-96.727,346,"Research officer, trade union",1976-12-14,0f3bebaac74b8edc2c9f3539d330ce1f,1336257777,46.333805,-96.142991,0,56533.0,Groceries,Online,9,17:22,26,Mobile Payment,157
382755,2019-06-24 16:07:05,180084576295055,"fraud_Denesik, Powlowski and Pouros",home,10.28,David,Kirby,M,133 Alyssa Plains,Lolita,TX,77971,28.7724,-96.4793,911,Archaeologist,1970-01-18,3c490d6bc6f96851a3ff46a4025e5fd8,1340554025,28.969712,-95.922365,0,77414.0,Entertainment,Online,5,11:48,20,Credit Card,214
10768,2019-01-07 13:11:18,213124978348176,fraud_Volkman PLC,food_dining,30.7,Steven,Arnold,M,079 Chelsea Rest,Belfast,NY,14711,42.32,-78.0943,1766,Mechanical engineer,1962-06-04,aee8c16d84957827efff08909c78fc0d,1325941878,42.66763,-78.121315,0,14066.0,Entertainment,Online,4,14:44,70,Credit Card,19
843580,2019-12-14 11:49:16,377654590313960,fraud_Kutch and Sons,grocery_pos,70.55,Lawrence,Davis,M,7421 Serrano Lane Apt. 580,Powell,TN,37849,36.0435,-84.04,25459,"Teacher, special educational needs",1969-02-22,ed1741cc65334a887a9432e232f6b97c,1355485756,36.699938,-84.36989399999999,0,42635.0,Entertainment,In-store,6,16:17,65,Mobile Payment,306
1037417,2020-03-06 08:18:19,5501083170975659,"fraud_Baumbach, Feeney and Morar",shopping_net,4.22,Wayne,Payne,M,587 Bradley Inlet Suite 281,Cuyahoga Falls,OH,44223,41.1464,-81.5107,47772,Equities trader,1966-01-04,a7ce637264ae09d7809b30473a2f63c7,1362557899,40.226305,-81.529438,0,43832.0,Electronics,In-store,8,01:40,67,Credit Card,267
413284,2019-07-06 08:38:43,180094608895855,"fraud_Raynor, Reinger and Hagenes",gas_transport,76.17,Tammie,Harper,F,57887 Gutierrez Harbor,Westfir,OR,97492,43.7575,-122.481,597,Forensic psychologist,1961-05-19,4db0d688c36bb369325a5efa977ff7ca,1341563923,44.605606,-122.262576,0,,Clothing,Online,9,03:38,62,Mobile Payment,156
166065,2019-03-29 08:32:48,4170689372027579,fraud_Klocko LLC,misc_net,4.32,Samuel,Frey,M,830 Myers Plaza Apt. 384,Edmond,OK,73034,35.6665,-97.4798,116001,Media buyer,1993-05-10,443e50de246894356f8b260a161601a9,1333009968,36.130971,-96.966742,0,74075.0,Entertainment,In-store,4,10:40,31,Credit Card,357
1059732,2020-03-16 02:38:13,4670613943676271,fraud_Hickle Group,shopping_pos,227.9,Bianca,Novak,F,0953 David Skyway,Cuthbert,GA,39840,31.7706,-84.7936,5726,Fitness centre manager,1947-08-14,345bb4a4b0cd43efea102e0667ce1b24,1363401493,32.541517,-85.406273,0,36804.0,Groceries,In-store,9,12:31,30,Credit Card,371
70870,2019-02-11 15:10:02,3554849923339851,fraud_White and Sons,home,72.81,John,Hudson,M,886 Nicole Key,Stillwater,OK,74074,36.1043,-97.0609,55345,Cabin crew,1948-05-01,e55db7cf890b45448e8a812807a8ce3f,1328973002,36.855968,-97.766753,0,73759.0,Restaurants,In-store,8,18:40,26,Debit Card,3
602786,2019-09-13 14:21:46,30118423745458,fraud_Fadel-Hilpert,health_fitness,64.06,Jared,Velazquez,M,01479 Murray Circle,Matawan,NJ,7747,40.4109,-74.238,30770,Drilling engineer,1993-04-29,c716a9dfd5f52ff5420c6f9ebb4dd16e,1347546106,39.902735,-73.878979,0,,Clothing,In-store,3,03:34,63,Debit Card,13
488694,2019-08-01 22:16:21,30273037698427,fraud_Schmitt Ltd,misc_net,134.83,Andrew,Patterson,M,06959 Stephen Branch Suite 246,Thida,AR,72165,35.5762,-91.4539,111,Careers information officer,2000-06-13,60610ca597c6c0bda1ddaa7d6203229b,1343859381,36.349063,-92.092834,0,72531.0,Entertainment,In-store,6,19:52,25,Credit Card,382
107212,2019-03-03 03:20:08,30238755902988,fraud_Prohaska-Murray,gas_transport,45.63,Danielle,Yu,F,5395 Colon Burgs Suite 037,Thrall,TX,76578,30.592,-97.2893,1766,Press sub,1976-01-02,e988f612d48e3cc8758b3604ef206006,1330744808,29.595855,-97.21507,0,77975.0,Entertainment,Online,4,20:01,18,Debit Card,393
947311,2020-01-13 19:46:04,4653879239169997,fraud_Bogisich-Homenick,misc_net,26.39,Monica,Tucker,F,302 Christina Islands,Smiths Grove,KY,42171,37.0581,-86.1938,6841,"Therapist, sports",1999-06-06,9f15cb5ce4c5193164f5f4d0f162a966,1358106364,37.463784,-86.78268800000001,0,42349.0,Entertainment,Online,1,04:44,40,Credit Card,467
1046010,2020-03-09 19:49:55,2274911989136158,fraud_Bednar PLC,kids_pets,54.26,Robert,Velazquez,M,3136 Silva Stream,Parker,CO,80138,39.5102,-104.7216,84861,Materials engineer,1932-03-10,ded96187a4cc49deae0ee45ee608c151,1362858595,39.945947,-104.348841,0,,Groceries,Online,4,20:20,60,Mobile Payment,313
833583,2019-12-11 20:47:56,4488258847705225890,"fraud_Champlin, Rolfson and Connelly",travel,1.02,Jessica,Shaw,F,5745 Blair Locks,West Columbia,SC,29170,33.9568,-81.1405,52126,Chemical engineer,1929-08-23,786b9337c2ab011951ba5e204f0b9015,1355258876,34.064867,-80.444626,0,29040.0,Restaurants,Online,2,11:27,28,Mobile Payment,154
1242371,2020-06-01 21:03:35,377550167323848,"fraud_Wuckert, Wintheiser and Friesen",home,61.03,Kevin,Walters,M,87227 Tapia Burgs,Auburn,ME,4210,44.0948,-70.23899999999999,23045,Tourist information centre manager,1958-09-02,ccf23177ea964cdf6e7113aeab74435b,1370120615,44.028066,-70.606965,0,4055.0,Entertainment,Online,6,14:10,51,Mobile Payment,155
1024611,2020-02-28 20:38:31,213198837352314,fraud_Crona and Sons,kids_pets,50.03,John,Vega,M,4483 Sharp Ferry Apt. 468,Garfield,KS,67529,38.0649,-99.2374,365,Equality and diversity officer,1991-02-03,f4f549541688b45b4667767f48271159,1362083911,38.999682,-98.787382,0,67673.0,Clothing,Online,1,23:00,70,Mobile Payment,205
115975,2019-03-06 19:50:55,4561546772499,fraud_Reichel LLC,personal_care,5.75,Daniel,Briggs,M,7118 Jessica Unions Apt. 789,Moriarty,NM,87035,34.9889,-106.0609,7268,"Therapist, art",1988-08-04,3cd4ff0667c92c773aa473320294eb53,1331063455,34.962443,-105.444442,0,,Groceries,Online,4,17:34,69,Credit Card,58
227952,2019-04-25 12:43:31,630424987505,fraud_Abbott-Rogahn,entertainment,16.22,Jennifer,Black,F,2870 Bean Terrace Apt. 756,Thomas,WV,26292,39.1505,-79.503,836,Forensic psychologist,1981-08-29,6fecf302499a32fc6454625a9eb64723,1335357811,38.359293,-79.830928,0,24934.0,Electronics,In-store,9,21:18,18,Debit Card,87
1057210,2020-03-15 05:13:21,213161293389774,fraud_Lockman Ltd,grocery_pos,88.25,Catherine,Weber,F,74890 Rodriguez Springs Apt. 540,West Henrietta,NY,14586,43.0397,-77.6871,10256,"Teacher, primary school",1968-06-24,d395e4777e6a17c02cb132389c032db6,1363324401,42.721921,-77.84186700000001,0,14510.0,Entertainment,In-store,7,23:55,33,Mobile Payment,279
1260424,2020-06-08 12:17:08,4379260813815979609,fraud_Jewess LLC,shopping_pos,6.06,Thomas,Jenkins,M,93914 Gregory Via,Oakland,CA,94619,37.7878,-122.1884,381459,Barista,1974-01-03,ca48fd19115157317fc2b41471925e32,1370693828,37.302501,-122.855549,0,,Entertainment,Online,7,13:05,69,Credit Card,338
159906,2019-03-25 19:39:53,6011399591920186,"fraud_Baumbach, Strosin and Nicolas",shopping_pos,7.39,Maria,Roy,F,58665 Nicholas Ford Suite 348,Sheffield,MA,1257,42.1001,-73.3611,2121,Radio producer,1973-10-14,4ee00908577c7169067f1b6bbd83a195,1332704393,41.629165,-74.319715,0,12566.0,Groceries,Online,9,12:53,43,Mobile Payment,108
540449,2019-08-19 14:59:39,213141712584544,fraud_Bernier and Sons,kids_pets,8.52,Margaret,Curtis,F,742 Oneill Shore,Florence,MS,39073,32.153,-90.1217,19685,Fine artist,1984-12-24,de00bfa277ef755aa989a6fc68cd2611,1345388379,31.280081,-90.041411,0,39643.0,Entertainment,In-store,4,21:07,57,Mobile Payment,121
145617,2019-03-19 16:48:26,180081032825079,"fraud_Durgan, Gislason and Spencer",home,93.48,Connie,Carroll,F,872 Justin Views Suite 746,Duncan,MS,38740,34.047,-90.7652,466,Trading standards officer,1955-04-03,c7bd762f86d3580727930937fe02ecf5,1332175706,34.135479,-90.784004,0,38720.0,Groceries,In-store,6,16:28,51,Mobile Payment,304
447116,2019-07-18 00:26:25,375848982312810,fraud_Dooley-Thompson,misc_net,2.93,Dale,Smith,M,25036 Contreras Turnpike Suite 270,Purmela,TX,76566,31.4841,-97.9903,258,Web designer,1943-12-15,3d0d757470915d34f0cd7198151ed9bc,1342571185,31.984157,-98.257009,0,76446.0,Entertainment,In-store,10,03:25,42,Debit Card,305
745058,2019-11-15 02:02:52,583699482621,"fraud_Langworth, Boehm and Gulgowski",shopping_net,5.34,Jennifer,Jones,F,5572 Kelly Plains Apt. 952,Waupaca,WI,54981,44.3481,-89.1101,15426,"Engineer, civil (contracting)",1936-07-22,4a478440ddcc6c7035c7afd8b690c753,1352944972,43.681978,-88.328163,0,53019.0,Groceries,Online,8,20:25,36,Credit Card,37
322201,2019-06-03 07:08:01,213155997615567,fraud_Kunze Inc,grocery_pos,116.64,James,Yoder,M,83359 Lopez Point,Clune,PA,15727,40.5503,-79.3237,168,Race relations officer,1978-10-04,c4753e0dc730075d1799fc573d7286c3,1338707281,41.075042,-79.583362,0,16248.0,Restaurants,In-store,9,17:33,42,Debit Card,446
695452,2019-10-23 23:40:22,581686439828,fraud_Beier and Sons,home,18.53,Larry,House,M,911 Sabrina Trafficway,Cochranton,PA,16314,41.5205,-80.0573,5507,Retail merchandiser,1973-07-28,a32f855e69ae2851e18b1415a5425fed,1351035622,41.207036,-79.676288,0,16373.0,Clothing,Online,5,05:52,50,Debit Card,214
1067669,2020-03-19 04:38:03,4186530744674,fraud_Skiles-Ankunding,grocery_net,104.28,Casey,Howell,F,374 Christopher Ramp Suite 855,Blackville,SC,29817,33.3645,-81.2718,4913,Technical brewer,1966-11-10,941a8f47689a7971e5b9bb7648bad869,1363667883,33.170979,-81.059597,0,29081.0,Entertainment,In-store,5,11:23,26,Credit Card,180
364456,2019-06-17 22:47:40,213156747557083,fraud_Terry-Huel,shopping_net,3.97,Adam,Santos,M,725 Jo Trace Apt. 102,Glendale,CA,91206,34.1556,-118.2322,172817,Advertising account planner,1982-07-30,ddec19fc7c20151933d4776d6d66f7ac,1339973260,33.39809,-118.005969,0,,Clothing,Online,1,14:53,24,Mobile Payment,266
540067,2019-08-19 13:00:58,372520049757633,"fraud_Runolfsdottir, Mueller and Hand",entertainment,37.14,Lori,Ramirez,F,4293 Ramirez Squares,Ranier,MN,56668,48.6031,-93.2977,136,Ceramics designer,2000-02-20,44ba2dd789e31979fc2fcda8f969601c,1345381258,47.861733,-93.452344,0,56639.0,Restaurants,Online,6,22:24,49,Mobile Payment,136
1089939,2020-03-29 13:05:13,180094419304907,fraud_Lynch Ltd,shopping_pos,5.61,Sharon,Smith,F,17666 David Valleys,Sun City,CA,92585,33.7467,-117.1721,54287,"Designer, exhibition/display",1972-09-22,6de375ca1262cb234066ca50b21d50a9,1364562313,33.632214000000005,-118.113993,0,92649.0,Electronics,Online,2,22:11,36,Mobile Payment,120
304610,2019-05-27 20:02:32,4560004149983868183,fraud_Roob-Okuneva,health_fitness,42.81,Stacy,Villegas,F,20581 Pena Walks,Colorado Springs,CO,80951,38.8881,-104.6556,525713,Museum/gallery exhibitions officer,1992-05-09,2b3c7395c0fcab6e0922aaf5a132cc7b,1338148952,38.783182,-104.573666,0,80929.0,Electronics,Online,6,23:07,65,Mobile Payment,121
310210,2019-05-30 12:33:10,348253506557335,fraud_Torphy-Kertzmann,health_fitness,20.07,Thomas,Gibson,M,32745 Silva Springs Suite 040,Grand Bay,AL,36541,30.4983,-88.3282,15647,Armed forces logistics/support/administrative officer,1948-03-22,cb1f91b012fba932398eb775c07fd768,1338381190,30.526653000000003,-87.709632,0,36567.0,Restaurants,Online,10,04:13,61,Mobile Payment,198
11048,2019-01-07 15:24:05,4302480582202074,fraud_Fisher-Schowalter,shopping_net,8.78,David,Rodriguez,M,821 Solis Points,Muskegon,MI,49440,43.2326,-86.2492,128715,Historic buildings inspector/conservation officer,1995-05-25,1b2758fd58aacece76bf241775bb9508,1325949845,42.831203,-85.290165,0,48815.0,Entertainment,Online,4,19:12,37,Credit Card,394
757296,2019-11-19 23:55:56,4377338765909719,"fraud_Konopelski, Schneider and Hartmann",food_dining,13.06,Nicholas,Mcmahon,M,2123 Jonathan Falls Suite 753,Heiskell,TN,37754,36.115,-84.0438,4729,"Geologist, wellsite",1982-04-19,cf381e7cd58c072d93c6ca3e96b8510b,1353369356,36.752396000000005,-83.939791,0,40921.0,Electronics,In-store,2,20:17,64,Credit Card,316
512865,2019-08-10 14:32:12,346273234529002,"fraud_Goyette, Howell and Collier",shopping_pos,70.67,Donna,Moreno,F,32301 Albert River Suite 364,Ronceverte,WV,24970,37.7418,-80.4626,4575,Statistician,1991-10-22,69d2ad1281fd6aa6e1937b6ef81ce3d8,1344609132,37.247737,-81.339969,0,24613.0,Restaurants,Online,6,12:43,69,Debit Card,29
432112,2019-07-12 22:57:46,180048185037117,"fraud_Welch, Rath and Koepp",entertainment,55.6,Mary,Wall,F,2481 Mills Lock,Plainfield,NJ,7060,40.6152,-74.415,71485,Leisure centre manager,1974-07-19,5bf9d3dcbc0dd3f5285b395d16edffcd,1342133866,40.843955,-75.28487,0,18091.0,Clothing,In-store,9,10:33,39,Mobile Payment,372
1156659,2020-04-27 14:06:22,4342532437704183,fraud_Wuckert-Goldner,home,53.39,Kevin,Elliott,M,1852 Vincent Isle Suite 328,Newark Valley,NY,13811,42.2281,-76.1625,4354,Further education lecturer,1994-02-16,45ff452ae2bddbcb06515e73fa492d3a,1367071582,42.756137,-75.271751,0,13485.0,Electronics,In-store,9,07:25,45,Credit Card,451
347948,2019-06-12 17:05:11,3513618443244549,"fraud_Romaguera, Wehner and Tromp",kids_pets,43.09,Amber,Perez,F,954 Reyes Ways,Fulton,SD,57340,43.7588,-97.8712,355,Financial adviser,1955-06-26,b59946715a95c6f6af1b6d6d5ddc44a1,1339520711,44.235713,-98.845664,0,,Restaurants,In-store,10,16:52,18,Credit Card,372
87957,2019-02-21 14:24:18,4209696857872688515,fraud_Parker-Kunde,personal_care,49.02,Sarah,Bell,F,6963 Russell Causeway Suite 231,Galatia,IL,62935,37.8274,-88.6235,1943,"Restaurant manager, fast food",1971-10-19,70a8b22578f4cca43bf92dddf72f44d3,1329834258,36.946274,-87.899201,0,42211.0,Entertainment,In-store,10,02:42,18,Mobile Payment,192
489413,2019-08-02 06:07:58,4969856774088583,"fraud_Larkin, Stracke and Greenfelder",entertainment,150.26,Jacqueline,Prince,F,27823 Andrew Underpass Suite 948,Metairie,LA,70003,29.9975,-90.2146,137067,Advertising account planner,1951-12-04,4bd8d6db7759573ff10613fadd829bdb,1343887678,30.91975,-90.013551,0,70438.0,Electronics,In-store,8,00:19,46,Credit Card,240
376483,2019-06-22 23:47:21,6011999606625827,"fraud_Hauck, Dietrich and Funk",kids_pets,79.49,Ronald,Carson,M,870 Rocha Drive,Harrington Park,NJ,7640,40.9918,-73.98,4664,"Radiographer, diagnostic",1965-06-30,bc4a69e0a5dee26b9fd964d09874f858,1340408841,40.93427,-74.930586,0,7838.0,Groceries,In-store,7,17:46,31,Debit Card,117
233428,2019-04-27 22:56:44,180084576295055,"fraud_Hills, Hegmann and Schaefer",health_fitness,45.2,David,Kirby,M,133 Alyssa Plains,Lolita,TX,77971,28.7724,-96.4793,911,Archaeologist,1970-01-18,dd7298800d7f7a49861e45fb118656b4,1335567404,29.294061,-96.61259,0,,Restaurants,Online,6,11:19,46,Mobile Payment,385
863782,2019-12-18 12:56:58,6544734391390261,fraud_Keeling-Crist,misc_pos,11.72,John,Myers,M,701 Wilson Divide,Highland,IN,46322,41.55,-87.4569,23727,Community arts worker,1982-02-08,399acb82e067fb83b064ee69fcad40ae,1355835418,41.452905,-86.853822,0,46390.0,Restaurants,In-store,2,22:13,39,Mobile Payment,5
25277,2019-01-15 14:09:00,4874006077381178,fraud_Feil-Morar,health_fitness,97.81,Patricia,Russell,F,89297 Wilson Green Suite 601,Moscow,IA,52760,41.5646,-91.0859,533,Chief Technology Officer,1990-01-13,bd1553fc45c36529548ad6735f95386a,1326636540,41.530984,-91.436972,0,52755.0,Restaurants,Online,9,02:04,59,Mobile Payment,127
1163869,2020-04-30 15:44:34,4745996322265,fraud_Kassulke PLC,shopping_net,14.58,Carrie,Washington,F,6114 Adams Harbor Suite 096,Kingsford Heights,IN,46346,41.4802,-86.6919,1423,"Psychologist, forensic",1998-10-07,d0791e55d54a94ab417ab14e841f117d,1367336674,40.781067,-86.321539,0,46947.0,Electronics,Online,4,15:18,65,Credit Card,339
1235192,2020-05-30 20:38:54,3598215285024754,fraud_Metz-Boehm,shopping_pos,165.18,Ashley,Lopez,F,9333 Valentine Point,Bellmore,NY,11710,40.6729,-73.5365,34496,"Librarian, public",1970-10-21,7c3623241dbf7b889168a69c64406990,1369946334,39.952673,-72.585778,0,,Entertainment,In-store,9,03:35,57,Debit Card,457
826170,2019-12-09 18:30:30,377895991033232,fraud_Lynch-Mohr,travel,3.85,Kimberly,Myers,F,6881 King Isle Suite 228,Higganum,CT,6441,41.4682,-72.5751,5438,"Librarian, academic",1964-11-17,7d40329e6e0bb8c20c3047b89634dd71,1355077830,41.602424,-71.94481400000001,0,6351.0,Groceries,In-store,9,00:53,69,Credit Card,353
1198221,2020-05-16 02:36:09,4128027264554082,"fraud_Jenkins, Hauck and Friesen",gas_transport,31.78,Kyle,Park,M,7507 Larry Passage Suite 859,Mount Perry,OH,43760,39.8788,-82.18799999999999,1831,Barrister's clerk,1953-10-18,c279ff271cbede37dd2010b0916b96eb,1368671769,39.31783,-81.639034,0,45714.0,Clothing,In-store,3,02:42,58,Credit Card,34
177096,2019-04-02 13:29:57,4364010865167176,fraud_Boyer-Reichert,shopping_net,9.15,Gary,Martinez,M,03512 Jackson Ports,Reno,NV,89512,39.5483,-119.7957,276896,Immunologist,1997-03-12,a34145b93d49dabd3396c4f93ceac08e,1333373397,39.132281,-120.408422,0,,Entertainment,In-store,6,23:55,61,Debit Card,181
1046294,2020-03-09 21:33:33,4169759661243568,fraud_Jast Ltd,shopping_net,7.23,Jamie,Carr,F,55363 Aaron Circle Suite 450,Lawn,PA,17041,40.2236,-76.538,213,Special educational needs teacher,1972-02-15,016eb79b44e79be409766a90746f24d7,1362864813,40.179665,-76.465877,0,17545.0,Clothing,In-store,3,14:45,40,Debit Card,184
959592,2020-01-20 21:14:40,2296006538441789,fraud_Bruen-Yost,misc_pos,6.35,Judy,Hogan,F,4970 Michelle Burgs,Brooklyn,NY,11217,40.6816,-73.9798,2504700,Medical sales representative,1999-09-01,ae294981fd647e6a3a9871132ea517db,1358716480,41.043871,-74.30792199999999,0,7465.0,Electronics,In-store,6,14:19,45,Debit Card,27
735106,2019-11-10 12:02:25,4997733566924489,fraud_Kilback LLC,food_dining,25.52,Stephanie,Taylor,F,598 Martin Pine Suite 365,Saint Paul,MN,55128,44.9913,-92.9487,753116,Fisheries officer,1971-08-06,7e7c9d6e72ff7bd6862ff9c499b2f779,1352548945,45.576777,-91.971768,0,54829.0,Groceries,Online,1,13:40,35,Mobile Payment,375
225565,2019-04-24 02:02:18,4658490815480264,fraud_Berge LLC,gas_transport,35.01,Tara,Richards,F,4879 Cristina Station,Keisterville,PA,15449,39.9636,-79.7853,184,Systems developer,1945-11-04,4cf149bb85faf00822f9f532e3851cf5,1335232938,40.719721,-80.335889,0,15066.0,Clothing,Online,5,23:18,27,Mobile Payment,372
913177,2019-12-29 15:31:10,377113842678100,"fraud_Welch, Rath and Koepp",entertainment,79.85,Billy,Gallagher,M,673 Delgado Burg,Greenwich,NJ,8323,39.4055,-75.3209,804,Insurance risk surveyor,1965-03-25,4b4a8d42a614d9a941778c10d28d407a,1356795070,39.305088,-74.798135,0,8319.0,Groceries,Online,6,07:43,54,Debit Card,3
1173020,2020-05-04 18:11:03,2242542703101233,fraud_Kutch-Ferry,home,87.68,Samuel,Jenkins,M,43235 Mckenzie Views Apt. 837,Westport,KY,40077,38.4921,-85.4524,564,Pensions consultant,1996-04-10,9c69a38a79c088087f59281985f2e134,1367691063,39.111495,-84.935099,0,47001.0,Groceries,Online,1,07:51,39,Credit Card,366
953280,2020-01-18 02:56:05,4836998673805450,"fraud_Adams, Kovacek and Kuhlman",grocery_net,35.65,Susan,Hardy,F,516 Brown Parks,Manistique,MI,49854,46.0062,-86.2555,6469,Trade mark attorney,1979-04-12,61418db55a3fc7800e129689a2c6ad65,1358477765,45.64378,-86.647227,0,49835.0,Entertainment,In-store,8,09:28,47,Mobile Payment,433
565572,2019-08-28 22:01:37,2291163933867244,"fraud_Ritchie, Bradtke and Stiedemann",travel,7.03,Jeff,Elliott,M,351 Darlene Green,Columbia,SC,29209,33.9659,-80.9355,333497,Mechanical engineer,1968-03-19,6d397deb7dbbb1a72a1750c0fa9a5861,1346191297,34.234889,-81.478175,0,29127.0,Clothing,In-store,2,02:20,24,Debit Card,421
18486,2019-01-12 05:16:28,3565196229855512,"fraud_Boehm, Block and Jakubowski",misc_pos,241.95,Adriana,Harvey,F,715 Joy Prairie,Unionville,MO,63565,40.4815,-92.9951,3805,"Investment banker, corporate",1950-09-15,2ea940495463ef3dda2ad3173b89a883,1326345388,40.893007,-93.813484,0,50262.0,Entertainment,Online,5,04:54,31,Debit Card,321
167219,2019-03-29 21:29:27,3545109339866548,"fraud_Greenholt, O'Hara and Balistreri",shopping_net,6.17,Keith,Sanders,M,8030 Beck Motorway,Moorhead,MS,38761,33.4783,-90.5142,2870,Chartered public finance accountant,1999-03-05,0de3d9378c0fa68a300b96a67b482103,1333056567,33.687506,-91.356155,0,71654.0,Groceries,Online,6,03:41,35,Debit Card,422
1188270,2020-05-11 13:54:15,6592861994408652,fraud_Roberts-Beahan,misc_pos,5.96,Ashley,Whitehead,F,58188 Madison Meadow Apt. 949,Cowlesville,NY,14037,42.8112,-78.4481,1166,Colour technologist,1983-06-12,a1b4da7e660c4d9521be7d4448b7919e,1368280455,42.178548,-78.705651,0,14779.0,Clothing,In-store,2,15:21,53,Credit Card,75
585564,2019-09-05 15:56:10,342952484382519,"fraud_Moore, Williamson and Emmerich",home,14.19,Kayla,Jones,F,6033 Young Track Suite 804,East Canaan,CT,6024,42.0158,-73.2913,647,Comptroller,1987-09-26,2729612a6d80db83a7bad5609100a68e,1346860570,42.84369,-74.247354,0,12016.0,Entertainment,In-store,8,17:53,26,Credit Card,316
275521,2019-05-16 14:41:06,4745996322265,fraud_Rippin-VonRueden,health_fitness,2.65,Carrie,Washington,F,6114 Adams Harbor Suite 096,Kingsford Heights,IN,46346,41.4802,-86.6919,1423,"Psychologist, forensic",1998-10-07,c30a561da410efd92c0cffe94020ad5e,1337179266,42.032474,-86.16129000000001,0,49047.0,Electronics,Online,3,04:36,56,Debit Card,390
1099497,2020-04-02 04:01:03,4306630852918,fraud_Conroy Ltd,shopping_pos,7.25,Maureen,Garza,F,169 Edward Inlet,Saint Louis,MO,63131,38.6171,-90.4504,927396,Occupational hygienist,1960-03-12,2af4edeed8dc6d493a7021e55466d4d8,1364875263,37.943708,-89.535945,0,62916.0,Restaurants,Online,8,22:56,34,Credit Card,472
908067,2019-12-28 18:41:07,379141394109214,fraud_Erdman-Ebert,personal_care,51.52,Gerald,Anthony,M,252 Melissa Rapids Suite 944,Monetta,SC,29105,33.8084,-81.5956,1514,Chief Strategy Officer,1966-12-15,92668adff8cd6da71fc25bc0aefcefef,1356720067,33.066684,-82.12583599999999,0,30830.0,Electronics,Online,8,00:21,60,Credit Card,211
1114006,2020-04-08 02:10:50,4334230547694630,fraud_Rempel Inc,shopping_net,577.4,Scott,Martin,M,7483 Navarro Flats,Freedom,WY,83120,43.0172,-111.0292,471,"Education officer, museum",1967-08-02,6ebc0840e78e3e913df2ce082e43e2e2,1365387050,42.087661,-110.7143,0,,Entertainment,In-store,4,06:21,19,Debit Card,448
182130,2019-04-05 11:20:06,38199021865320,fraud_Collier Inc,grocery_net,53.28,Jesse,Roberts,M,8415 Vaughn Squares Apt. 788,Acworth,NH,3601,43.196000000000005,-72.3001,477,Naval architect,1988-04-15,486da57a300e487dd8d2b50ac7d45155,1333624806,43.27801,-73.05539499999999,0,5251.0,Electronics,Online,1,15:32,44,Credit Card,43
1289692,2020-06-18 15:51:19,30153452207526,fraud_Gulgowski LLC,home,85.78,Robin,Smith,F,0537 Margaret Common Suite 526,Coleman,TX,76834,31.8287,-99.427,5908,Radio producer,1962-04-05,04bc79b6ea7b8d557f7f97646477999a,1371570679,31.782266,-100.138193,0,76865.0,Clothing,Online,9,09:48,68,Debit Card,371
926583,2020-01-02 10:16:49,213161293389774,"fraud_Reichert, Huels and Hoppe",shopping_net,1.41,Catherine,Weber,F,74890 Rodriguez Springs Apt. 540,West Henrietta,NY,14586,43.0397,-77.6871,10256,"Teacher, primary school",1968-06-24,ea1b8e81da73885bbf9c838a848a54e0,1357121809,42.306628,-77.204814,0,14879.0,Electronics,In-store,1,15:31,36,Debit Card,149
246296,2019-05-03 19:56:51,630484879808,fraud_Kessler Inc,travel,551.77,Ian,Patton,M,8088 Sherman Radial Suite 689,Helm,CA,93627,36.4992,-120.0936,123,Early years teacher,1973-02-07,1acbe69e5b51489e41157910371ff307,1336075011,36.576812,-119.656393,0,93625.0,Restaurants,Online,1,00:27,68,Debit Card,254
852100,2019-12-15 20:32:23,4745996322265,fraud_Stoltenberg-Beatty,shopping_pos,117.65,Carrie,Washington,F,6114 Adams Harbor Suite 096,Kingsford Heights,IN,46346,41.4802,-86.6919,1423,"Psychologist, forensic",1998-10-07,7910d189db2546f414af8435f23199e2,1355603543,41.739031,-85.692163,0,49099.0,Electronics,In-store,2,04:08,58,Mobile Payment,473
364938,2019-06-18 04:12:02,4220345354880,"fraud_Reichert, Huels and Hoppe",shopping_net,19.52,Patrick,Torres,M,27386 Snyder Station,Oxford,MI,48371,42.8223,-83.2829,24840,Agricultural consultant,1960-01-20,4954d975614d79cb1302a87e99bd03d0,1339992722,43.348318,-83.832695,0,48722.0,Restaurants,Online,5,09:29,51,Debit Card,23
873499,2019-12-21 03:23:08,30103132002433,"fraud_Bernier, Streich and Jewess",grocery_net,65.97,Stephanie,Middleton,F,99736 Rose Shoals Apt. 504,Morrisdale,PA,16858,41.0001,-78.2357,3688,Dispensing optician,1987-10-26,38c50819ddfed90de366bf77807f95a2,1356060188,40.710321,-78.124288,0,16877.0,Restaurants,In-store,3,19:07,59,Mobile Payment,109
695589,2019-10-24 01:38:38,4839615922685395,fraud_Emard Inc,gas_transport,84.46,Phillip,Robertson,M,85344 Smith Gateway Apt. 280,Harrodsburg,IN,47434,39.013000000000005,-86.5457,76,Social researcher,1955-05-06,d2877cefb8b85e5e8f8b3805d603c95a,1351042718,39.228107,-86.572149,0,47404.0,Groceries,In-store,9,05:56,48,Credit Card,195
1155722,2020-04-27 06:39:28,6011504998544485,fraud_Miller-Harris,misc_net,14.98,Ashley,Whitney,F,4038 Smith Avenue,Jones,AL,36749,32.5104,-86.8138,1089,Materials engineer,1971-11-02,423cdfb7d64258f4424e358a0ee6fc0d,1367044768,32.342991999999995,-87.282748,0,36767.0,Entertainment,In-store,2,10:53,25,Mobile Payment,87
1217783,2020-05-24 16:00:48,30103132002433,fraud_Goyette-Herzog,travel,7.41,Stephanie,Middleton,F,99736 Rose Shoals Apt. 504,Morrisdale,PA,16858,41.0001,-78.2357,3688,Dispensing optician,1987-10-26,3c8063f11d20c602eacd7262376be7db,1369411248,40.287841,-77.523391,0,17006.0,Groceries,In-store,4,10:38,35,Mobile Payment,474
1031856,2020-03-03 12:05:33,4906628655840914250,"fraud_Boehm, Block and Jakubowski",misc_pos,189.93,Charles,Moreno,M,838 Franklin Prairie Apt. 902,Key West,FL,33040,24.6557,-81.3824,32891,Town planner,1987-02-13,272a7876a6843e5aae2b157be0ee2d7d,1362312333,25.297718,-80.96300699999999,0,,Restaurants,In-store,3,13:37,66,Debit Card,82
197143,2019-04-11 22:08:42,30150717898388,"fraud_Mueller, Gerhold and Mueller",health_fitness,7.84,Raymond,Lloyd,M,5930 Rebecca Bridge Apt. 444,Paint Rock,AL,35764,34.7031,-86.3068,653,Paediatric nurse,1966-06-19,0a25e1487f63ba1290cabee587297d87,1334182122,33.810562,-85.812505,0,36265.0,Groceries,Online,6,04:26,55,Mobile Payment,71
670381,2019-10-13 01:54:10,3581130339108561,fraud_Kling Inc,gas_transport,71.87,Gregory,Wood,M,622 Robert Summit,Akron,OH,44307,41.0695,-81.5488,272134,Call centre manager,1964-03-15,b0d97d5c31668478f7bdfcfbfb04a680,1350093250,41.699454,-81.55559699999999,0,44132.0,Clothing,In-store,1,21:50,39,Mobile Payment,444
1269246,2020-06-11 09:21:21,375974680629816,fraud_Kiehn Inc,grocery_pos,117.56,Roberta,Mccarthy,F,94431 Matthew Mall Suite 296,Plymouth,CT,6782,41.6611,-73.0449,2376,Herpetologist,1973-04-06,576ebdd731b261ee294fbe06c1e6ec6f,1370942481,41.460884,-72.449561,0,6423.0,Groceries,Online,4,23:03,23,Credit Card,373
188881,2019-04-07 21:50:23,30561214688470,fraud_O'Hara-Wilderman,food_dining,6.13,Gina,Morrison,F,41851 Victor Drives Suite 219,Allentown,PA,18103,40.5891,-75.4645,166081,"Scientist, research (maths)",1998-10-01,6389d86c7b8c7dcae29a43f8dc7635f0,1333835423,39.760252,-76.305616,0,17314.0,Electronics,In-store,3,23:38,43,Debit Card,379
11613,2019-01-07 19:51:06,4210078554961359092,fraud_Wilkinson Ltd,entertainment,79.23,Valerie,Clark,F,7402 West Ranch,Lowell,OR,97452,43.92100000000001,-122.7806,1420,Systems analyst,1965-11-11,a80444abad78d7dcc1245ad5d3a5c6d0,1325965866,44.777137,-123.606397,0,97344.0,Electronics,Online,2,18:56,28,Credit Card,16
174875,2019-04-01 14:05:48,30197398657930,fraud_Powlowski-Weimann,food_dining,42.09,April,Johnson,F,9727 Deleon Mountain,Creedmoor,NC,27522,36.1124,-78.6476,12335,Chief Strategy Officer,1987-09-19,dba6cde6c0b9b26ff54ff16e1f52e078,1333289148,36.438309,-78.827821,0,27574.0,Groceries,In-store,9,19:34,27,Debit Card,465
931853,2020-01-05 11:47:56,180048185037117,fraud_Flatley-Durgan,misc_net,64.71,Mary,Wall,F,2481 Mills Lock,Plainfield,NJ,7060,40.6152,-74.415,71485,Leisure centre manager,1974-07-19,250dee27d8f1322e8d0031e5b0c77edc,1357386476,40.692559,-73.83131800000001,0,11419.0,Entertainment,In-store,10,06:02,31,Debit Card,158
226875,2019-04-24 20:17:21,4707867759656333,fraud_Nader-Maggio,personal_care,89.87,Susan,Shah,F,9016 Jordan Bypass Apt. 516,Cranks,KY,40820,36.7558,-83.1838,581,"Psychologist, counselling",1967-02-04,04db5ca94bcb5dadb7203c33574ac91c,1335298641,36.960538,-84.09421800000001,0,40701.0,Electronics,Online,6,21:53,21,Credit Card,349
1259355,2020-06-08 04:10:53,4561546772499,fraud_Cummings LLC,gas_transport,106.42,Daniel,Briggs,M,7118 Jessica Unions Apt. 789,Moriarty,NM,87035,34.9889,-106.0609,7268,"Therapist, art",1988-08-04,b18568f338be1e675ea9708631ceecc3,1370664653,35.175079,-107.015357,0,87121.0,Electronics,Online,9,12:34,70,Mobile Payment,469
415332,2019-07-06 21:38:31,4103158249977,"fraud_Larkin, Stracke and Greenfelder",entertainment,86.67,Christopher,Adkins,M,3512 Knight Center,Lorenzo,TX,79343,33.6666,-101.5277,1571,Petroleum engineer,1982-06-27,5e8fe07be8ae96b6d7b16fb00d958284,1341610711,33.898354,-102.286403,0,79339.0,Electronics,Online,6,19:44,37,Credit Card,483
1201126,2020-05-17 13:05:16,4810839835482794272,fraud_Terry-Huel,shopping_net,7.32,Carolyn,Perez,F,433 Blake Roads Suite 967,Wheaton,MO,64874,36.7651,-94.0492,760,Production manager,1985-08-31,ae30e1e14eacfe0f78afb9ef7030a30c,1368795916,36.345665,-93.280736,0,72611.0,Groceries,In-store,3,08:26,34,Debit Card,452
490449,2019-08-02 16:58:24,371009169330125,"fraud_Roob, Conn and Tremblay",shopping_pos,4430.83,Randall,Burgess,M,393 Carroll Route Suite 197,Norman Park,GA,31771,31.2462,-83.6549,5666,Rural practice surveyor,2003-09-14,8b022fa387bc2c7bc64e4bc454716358,1343926704,30.342807,-84.173939,0,32311.0,Groceries,In-store,2,14:01,65,Debit Card,394
520419,2019-08-12 13:44:26,372520049757633,fraud_Jast Ltd,shopping_net,139.6,Lori,Ramirez,F,4293 Ramirez Squares,Ranier,MN,56668,48.6031,-93.2977,136,Ceramics designer,2000-02-20,365fde93d7ae79ebfc80018a2d1bdd94,1344779066,49.158437,-94.179261,0,,Groceries,In-store,5,00:11,39,Mobile Payment,188
201554,2019-04-13 21:21:48,3545109339866548,fraud_Hickle Group,shopping_pos,2.0,Keith,Sanders,M,8030 Beck Motorway,Moorhead,MS,38761,33.4783,-90.5142,2870,Chartered public finance accountant,1999-03-05,b537be3ddf32cfe309a78dd2994b2fd0,1334352108,33.011336,-90.850164,0,38721.0,Clothing,In-store,4,22:27,66,Debit Card,108
251226,2019-05-05 16:20:10,30364087349027,fraud_Torphy-Kertzmann,health_fitness,44.69,Samuel,Sandoval,M,0005 Morrison Land,Mounds,OK,74047,35.8896,-96.0887,7163,Fitness centre manager,1982-02-05,7fd9d064fabb8d4f8e4a3cb4afb4c982,1336234810,35.927033,-96.532081,0,74030.0,Restaurants,In-store,7,17:10,18,Mobile Payment,293
1162662,2020-04-29 21:48:50,4060579726528237,fraud_Schoen-Quigley,kids_pets,71.66,Steven,Sanders,M,25955 Amy Via,Ozawkie,KS,66070,39.2136,-95.4404,2661,Theatre director,1948-11-14,ed907797af28fc18cc3d43dc9a00d73d,1367272130,39.459346,-96.43663,0,66549.0,Groceries,In-store,5,03:01,26,Debit Card,19
752395,2019-11-17 22:20:51,3598304579370089,fraud_Kassulke Inc,entertainment,53.57,Vincent,Flowers,M,0189 Emily Prairie,Wichita,KS,67232,37.6395,-97.1714,409656,Heritage manager,1985-12-27,77400a55669980495b51ebe1a58d915f,1353190851,37.745963,-97.617751,0,67001.0,Electronics,Online,8,08:36,23,Mobile Payment,185
414533,2019-07-06 17:13:35,503874407318,fraud_O'Hara-Wilderman,food_dining,4.32,Andrew,Mcgee,M,4130 Tiffany Glen Apt. 562,San Antonio,TX,78248,29.5894,-98.5201,1595797,Exhibition designer,1975-12-28,67dcad5743fef12aa7b0c530a51a9151,1341594815,28.623298,-98.109364,0,,Entertainment,In-store,10,10:43,34,Mobile Payment,20
88848,2019-02-22 05:51:07,213112402583773,"fraud_Greenfelder, Bartoletti and Davis",misc_net,7.72,Ana,Howell,F,4664 Sanchez Common Suite 930,Bradley,SC,29819,34.0326,-82.2027,1523,Research scientist (physical sciences),1984-06-03,064439cc35be55c97de690e5ff8c95ce,1329889867,33.091514000000004,-82.655604,0,31094.0,Groceries,Online,3,01:34,28,Mobile Payment,495
1219635,2020-05-25 03:49:56,372382441451095,"fraud_Jenkins, Hauck and Friesen",gas_transport,46.95,Brent,Terrell,M,502 Rice Plaza Apt. 979,Port Ewen,NY,12466,41.8948,-73.9767,2471,Heritage manager,1966-01-21,c3331662812df05ab872be72726b6262,1369453796,41.814539,-73.81591999999999,0,12578.0,Electronics,Online,5,13:52,35,Mobile Payment,395
62030,2019-02-05 22:12:17,4452366298769043,fraud_Nolan-Williamson,kids_pets,6.69,Linda,Davis,F,6602 Ortiz Pine Apt. 179,Blooming Grove,TX,76626,32.0758,-96.701,1563,Financial adviser,1978-03-04,92826a2d2fdf4b5c26cc62aa82d96c71,1328479937,31.885273,-96.660934,0,76639.0,Groceries,In-store,6,04:32,53,Credit Card,74
585747,2019-09-05 17:55:09,30074693890476,fraud_Wuckert-Goldner,home,34.93,Kelsey,Richards,F,889 Sarah Station Suite 624,Holcomb,KS,67851,37.9931,-100.9893,2691,Arboriculturist,1993-08-16,2d1702c61eaa44ebac91b5c21f46e413,1346867709,37.593524,-100.50153,0,67867.0,Groceries,Online,2,23:04,60,Mobile Payment,54
1262190,2020-06-08 20:29:12,630451534402,fraud_Beier and Sons,home,65.53,Rachel,Daniels,F,561 Little Plain Apt. 738,Wetmore,MI,49895,46.3535,-86.6345,765,Immunologist,1972-06-12,90a8f1b12c47a8b65f1df1e4c4a70b15,1370723352,45.868498,-86.83391,0,49878.0,Entertainment,In-store,6,08:51,26,Mobile Payment,430
773313,2019-11-27 05:00:03,4683520018489354,fraud_Murray-Smitham,grocery_pos,55.59,Charles,Carrillo,M,17547 Stephen Turnpike Apt. 846,Hawthorne,CA,90250,33.9143,-118.3493,93193,"Editor, magazine features",1995-04-19,ece248bfc7e3f5100137b07a3e1e9f49,1353992403,34.565796,-118.09348500000002,0,93550.0,Groceries,In-store,1,08:47,21,Credit Card,105
768681,2019-11-25 02:38:38,4587657402165341815,fraud_Murray Ltd,grocery_net,31.64,Amber,Lewis,F,6296 John Keys Suite 858,Pembroke Township,IL,60958,41.0646,-87.5917,2135,"Psychotherapist, child",2004-05-08,7fd3e3031bb21ff200f3509fdd4d48bc,1353811118,40.403198,-88.117892,0,60949.0,Clothing,Online,10,18:12,51,Mobile Payment,313
578394,2019-09-02 02:45:41,583699482621,fraud_Howe PLC,entertainment,98.7,Jennifer,Jones,F,5572 Kelly Plains Apt. 952,Waupaca,WI,54981,44.3481,-89.1101,15426,"Engineer, civil (contracting)",1936-07-22,e4176dfc6c2b6bca29ce609595822330,1346553941,45.278147,-88.792971,0,54465.0,Clothing,In-store,2,22:04,65,Debit Card,292
148574,2019-03-21 11:28:11,4642255475285942,fraud_Stracke-Lemke,grocery_pos,119.47,Sabrina,Johnson,F,320 Nicholson Orchard,Thompson,UT,84540,38.9999,-109.615,46,"Surveyor, minerals",1987-04-23,073e585652f91481b40fca16644ac7ba,1332329291,38.664825,-110.220552,0,,Electronics,In-store,8,23:13,23,Credit Card,425
603579,2019-09-13 22:27:33,2475085306462014,fraud_Kris-Padberg,shopping_pos,135.13,John,Miller,M,153 Mccullough Springs Apt. 857,Lamberton,MN,56152,44.2378,-95.2739,1507,Land/geomatics surveyor,1993-10-12,1f27d40658410e72bd6d127e0bb99909,1347575253,43.288171000000006,-95.366625,0,51338.0,Restaurants,In-store,1,19:48,69,Credit Card,202
252910,2019-05-06 04:27:59,676234256292,"fraud_Schuppe, Nolan and Hoeger",shopping_pos,145.15,David,Vasquez,M,06539 Gregory Mountains Suite 029,Parker Dam,CA,92267,34.298,-114.156,126,Marketing executive,1992-10-07,5017e17fed0b8355bd51ad1725705918,1336278479,33.942187,-113.356728,0,,Clothing,Online,7,10:55,62,Mobile Payment,269
641318,2019-09-29 22:42:29,6011893664860915,fraud_Hammes-Beatty,kids_pets,38.08,Erin,Chavez,F,3379 Williams Common,Littleton,CO,80120,39.5994,-105.0044,320420,Water engineer,1975-07-31,c40433ca3f97f592a2cec268e5d8d2b1,1348958549,38.604684000000006,-104.574294,0,80817.0,Electronics,Online,4,20:05,67,Debit Card,77
1259658,2020-06-08 06:28:43,2235335206132667,fraud_Kerluke PLC,misc_net,834.3,Maria,Rosales,F,6611 Parrish Garden Apt. 428,Waynesfield,OH,45896,40.6072,-83.9585,2089,Building control surveyor,1963-06-22,c873b6512cffe3faafbcbb182cb733a6,1370672923,40.498026,-83.492742,0,43340.0,Groceries,In-store,9,11:50,28,Debit Card,70
262600,2019-05-11 01:34:15,180048185037117,"fraud_Johnson, Runolfsdottir and Mayer",misc_net,21.26,Mary,Wall,F,2481 Mills Lock,Plainfield,NJ,7060,40.6152,-74.415,71485,Leisure centre manager,1974-07-19,ce6b0ca7db2c290d68e88036a2a89ad9,1336700055,40.091017,-74.868119,0,19007.0,Electronics,In-store,8,13:20,44,Credit Card,309
175085,2019-04-01 15:35:48,6011681934117244,fraud_Leffler-Goldner,personal_care,39.34,Kaitlyn,Newman,F,098 Stewart Hill,Slayden,TN,37165,36.2835,-87.4581,70,Prison officer,1956-06-22,946612e82ca6d4ac7382f2159baa6c8b,1333294548,35.575905,-87.28485,0,38461.0,Entertainment,In-store,9,22:49,58,Credit Card,15
225779,2019-04-24 05:31:57,374497717543058,fraud_Thiel PLC,misc_pos,13.0,Linda,Hurst,F,31701 Tucker Square Suite 893,Wilton,ND,58579,47.1709,-100.7944,1190,"Designer, ceramics/pottery",1948-06-30,7e44c8e3c6c4cf839aa386f6a4bc2926,1335245517,47.117822,-100.804278,0,58579.0,Entertainment,Online,10,10:00,55,Mobile Payment,74
519313,2019-08-12 05:58:29,213153151785052,"fraud_Lind, Huel and McClure",gas_transport,54.56,Rebecca,Conley,F,181 Moreno Light Apt. 215,Tomahawk,WI,54487,45.4963,-89.7273,9594,Seismic interpreter,1997-11-23,bda00a33523f559f781be47c398db07e,1344751109,45.125283,-89.873488,0,54452.0,Groceries,In-store,6,01:05,60,Mobile Payment,477
252187,2019-05-05 22:11:39,3529597930342630,fraud_Barrows PLC,shopping_pos,7.02,Melissa,Rodriguez,F,81708 Christopher Plaza,Jordanville,NY,13361,42.8948,-74.8209,824,Travel agency manager,1985-09-01,3a7b0f0b6f98a76ca23839626f124552,1336255899,43.228669,-75.571421,0,13308.0,Entertainment,In-store,1,07:12,61,Credit Card,126
